id,item_group_id,title,description,link,canonical_link,image_link,additional_image_link,price,availability,condition,brand,product_type,google_product_category,color,size
shopify_US_10409935798456_53486519124152,10409935798456,Adorable Strawberry Squishy Toy Slow Rising Stress Relief Fun,"Add a charming touch to your daily routine with this delightful Kawaii Strawberry Squishy Toy. Crafted with a soft, slow-rising material, it offers a highly satisfying squeeze and smoothly bounces back to its original form. Featuring an appealing strawberry design in gentle pastel tones, it serves as an effective and enjoyable stress relief tool suitable for all ages. Ideal for easing anxiety, enhancing concentration, or simply enjoying a soothing ASMR experience, this squishy toy provides entertainment anytime and anywhere. Made from soft, durable materials, it guarantees lasting use and makes an excellent gift, desk accessory, or addition to any squishy collection.",https://kawaiigoo.com/products/adorable-strawberry-squishy-toy-slow-rising-stress-relief-fun,https://kawaiigoo.com/products/adorable-strawberry-squishy-toy-slow-rising-stress-relief-fun,https://cdn.shopify.com/s/files/1/0950/0069/0872/files/3eedf3c8-squeeze.webp?v=1779260628,,18.99 USD,in stock,new,Kawaiigoo,,1259,,
shopify_US_10421149663416_53518874509496,10421149663416,Banana Milk Chocolate Handmade Squishy Ball,"Brighten your day with this adorable handmade Banana Milk Chocolate squishy ball. Its soft-touch texture and satisfying flexibility make it a perfect choice for relaxation, fidgeting, and sensory enjoyment. ✨ Features Unique handmade style Stress-relieving squeeze Compact and portable Cute and fun design Diameter: 2.36 inches ⚠️ Special Notes Not edible",https://kawaiigoo.com/products/banana-milk-chocolate-handmade-squishy-ball,https://kawaiigoo.com/products/banana-milk-chocolate-handmade-squishy-ball,https://cdn.shopify.com/s/files/1/0950/0069/0872/files/t_1.png?v=1779961268,https://cdn.shopify.com/s/files/1/0950/0069/0872/files/t_2.png?v=1779961268,14.99 USD,in stock,new,Kawaiigoo,,1259,,
shopify_US_10409935700152_53486519320760,10409935700152,Bayberry Taba Squishy Toys,"Bayberry Taba Squishy Toys offer a high-quality, soft, and slow-rising texture designed to provide stress relief and sensory stimulation. Crafted with durable, non-toxic materials, these squishies maintain their shape after repeated use, making them ideal for both relaxation and focus enhancement. Their compact size ensures easy portability, perfect for on-the-go calming moments or desk use. Suitable for all ages, these toys combine tactile satisfaction with lasting durability. Bayberry Taba Squishy Toys are expertly designed to deliver a premium tactile experience with their soft, slow-rising foam construction. Engineered for durability and consistent rebound, these squishies provide effective stress relief and sensory engagement. Their ergonomic size and shape make them convenient for daily use, whether at work, school, or home. Made from safe, non-toxic materials, they are suitable for users seeking both relaxation and focus enhancement through tactile stimulation.",https://kawaiigoo.com/products/bayberry-taba-squishy-toys,https://kawaiigoo.com/products/bayberry-taba-squishy-toys,https://cdn.shopify.com/s/files/1/0950/0069/0872/files/4e4ea775-2_0ebb0f4a-ed02-4a25-9753-2a195134d08c.webp?v=1779260628,"https://cdn.shopify.com/s/files/1/0950/0069/0872/files/629b35c8-3_fac67e8c-1364-426e-8ff1-18ddbb767bd3.webp?v=1779260628,https://cdn.shopify.com/s/files/1/0950/0069/0872/files/8e02b55b-4_adac9176-3151-4fb3-bd03-84518d2f5e1e.webp?v=1779260628,https://cdn.shopify.com/s/files/1/0950/0069/0872/files/76abf388-1_25564671-28ae-47e6-b3e6-edd6df56a674.webp?v=1779260628",11.99 USD,in stock,new,Kawaiigoo,,1259,,
shopify_US_10421137277112_53518646476984,10421137277112,Butterfly Crunchy Sand Handmade Squishy Ball,"Add a little relaxation to your day with this adorable handmade butterfly crunchy sand squishy ball. Featuring a soft, flexible texture with a satisfying crunchy feel, it delivers a fun sensory squeeze that helps ease stress and keeps your hands busy anytime, anywhere. ✨ Features Handcrafted butterfly-inspired design Stress-relieving sensory experience Easy to carry around Cute desk companion Diameter: 1.97 inches ⚠️ Special Notes Not edible",https://kawaiigoo.com/products/butterfly-crunchy-sand-handmade-squishy-ball,https://kawaiigoo.com/products/butterfly-crunchy-sand-handmade-squishy-ball,https://cdn.shopify.com/s/files/1/0950/0069/0872/files/a_2_339d7cec-ce4b-487f-9b9c-ceed6830a849.png?v=1779958422,https://cdn.shopify.com/s/files/1/0950/0069/0872/files/a_1_c9f07688-01c5-4d98-933f-f8762e046170.png?v=1779958422,9.99 USD,in stock,new,Kawaiigoo,,1259,,
shopify_US_10422614917304_53523833749688,10422614917304,Cherry Handmade Squishy Ball,"Squeeze away stress with this adorable handmade cherry squishy ball. Perfectly sized at 2.36 inches, it's your ideal pocket-sized companion for relaxation and play. Each piece is uniquely crafted by hand, making it a charming collectible with a smooth, satisfying feel. Carry it anywhere for instant comfort and joy. ✨ Features Cute handmade style Smooth feel Stress relief support Easy to carry anywhere Collectible design Diameter: 2.36 inches ⚠️ Special Notes Texture may slightly change with use. Handmade variations are expected. Do not puncture or overstretch. Not edible / Do not eat. Not suitable for children under 3 years old.",https://kawaiigoo.com/products/cherry-handmade-squishy-ball,https://kawaiigoo.com/products/cherry-handmade-squishy-ball,https://cdn.shopify.com/s/files/1/0950/0069/0872/files/f_1_0ed98aea-eba8-4ac1-bb0e-dfc50e3773de.png?v=1780044973,https://cdn.shopify.com/s/files/1/0950/0069/0872/files/f_2_07e95c21-3160-4d0e-99b8-ecff7051baa7.png?v=1780044973,14.99 USD,in stock,new,Kawaiigoo,,1259,,
shopify_US_10409935732920_53486519189688,10409935732920,Chicken Squeeze Taba Squishy Toys,"Introducing Chicken Squeeze Taba Squishy Toys! Made with a soft, squeezable material, these toys are perfect for stress relief, hand strengthening, and sensory play. Their fun chicken design adds an extra element of play while also promoting relaxation and focus. Get yours today! Introducing Chicken Squeeze Taba Squishy Toys - the perfect stress reliever for both kids and adults! These toys are made of high-quality materials and are designed to help improve focus and relieve anxiety. With their adorable chicken design, these toys are not only fun to play with, but also provide therapeutic benefits. Grab yours today and experience the squishy sensation!",https://kawaiigoo.com/products/chicken-squeeze-taba-squishy-toys,https://kawaiigoo.com/products/chicken-squeeze-taba-squishy-toys,https://cdn.shopify.com/s/files/1/0950/0069/0872/files/ecd46693-O1CN01lUmEDV1vAy3mRlT0T__3844596133-0-cib.webp?v=1779260628,"https://cdn.shopify.com/s/files/1/0950/0069/0872/files/294ef47d-O1CN01rYlrhv1vAy3nEMKPn__3844596133-0-cib.webp?v=1779260628,https://cdn.shopify.com/s/files/1/0950/0069/0872/files/3bcc7bfe-O1CN01nw5nvX2CjdVC2X2vz__2218352548510-0-cib.webp?v=1779260628,https://cdn.shopify.com/s/files/1/0950/0069/0872/files/3dddb9e1-O1CN01tFUC9k1vAy3lg3rIF__3844596133-0-cib.webp?v=1779260628,https://cdn.shopify.com/s/files/1/0950/0069/0872/files/d5c9e35e-O1CN01Vqorxk2CjdVDb5dIf__2218352548510-0-cib.webp?v=1779260628",13.99 USD,in stock,new,Kawaiigoo,,1259,,
shopify_US_10422593519800_53523635011768,10422593519800,Chocolate Matcha Crunch Squishy Ball,"Squeeze your stress away with this cute handmade squishy ball! Soft, smooth, and satisfying to touch, it brings a fun and relaxing sensory experience for any time of the day. Inspired by chocolate crunch and matcha milk crunch textures, it features a playful dessert-style design. ✨ Features Cute handmade style Stress-relief sensory toy Easy to carry anywhere Adorable collectible design Diameter: 2.36 inches ⚠️ Special Notes Texture may change slightly with use. Handmade variations are normal and expected. Avoid puncturing or over-stretching. Not edible / Do not eat. Not suitable for children under 3 years old.",https://kawaiigoo.com/products/chocolate-matcha-crunch-squishy-ball?variant=53523635011768,https://kawaiigoo.com/products/chocolate-matcha-crunch-squishy-ball,https://cdn.shopify.com/s/files/1/0950/0069/0872/files/B_4_53fa9c6c-42a7-42fe-9b4a-1b2d15ff87a4.png?v=1780039346,"https://cdn.shopify.com/s/files/1/0950/0069/0872/files/B_5.png?v=1780039346,https://cdn.shopify.com/s/files/1/0950/0069/0872/files/B_2_eb2ea7de-e6d6-4085-abef-c1c92f655fd4.png?v=1780039346,https://cdn.shopify.com/s/files/1/0950/0069/0872/files/B_3_b944c3c9-8d75-4dfd-a33f-94f6e00d4640.png?v=1780039346,https://cdn.shopify.com/s/files/1/0950/0069/0872/files/B_6.png?v=1780039346,https://cdn.shopify.com/s/files/1/0950/0069/0872/files/B_1_e9ce18eb-248b-4ce8-aa20-ba0e27486220.png?v=1780039346",13.99 USD,in stock,new,Kawaiigoo,,1259,Brown,
shopify_US_10422593519800_53523635044536,10422593519800,Chocolate Matcha Crunch Squishy Ball,"Squeeze your stress away with this cute handmade squishy ball! Soft, smooth, and satisfying to touch, it brings a fun and relaxing sensory experience for any time of the day. Inspired by chocolate crunch and matcha milk crunch textures, it features a playful dessert-style design. ✨ Features Cute handmade style Stress-relief sensory toy Easy to carry anywhere Adorable collectible design Diameter: 2.36 inches ⚠️ Special Notes Texture may change slightly with use. Handmade variations are normal and expected. Avoid puncturing or over-stretching. Not edible / Do not eat. Not suitable for children under 3 years old.",https://kawaiigoo.com/products/chocolate-matcha-crunch-squishy-ball?variant=53523635044536,https://kawaiigoo.com/products/chocolate-matcha-crunch-squishy-ball,https://cdn.shopify.com/s/files/1/0950/0069/0872/files/B_3_b944c3c9-8d75-4dfd-a33f-94f6e00d4640.png?v=1780039346,"https://cdn.shopify.com/s/files/1/0950/0069/0872/files/B_5.png?v=1780039346,https://cdn.shopify.com/s/files/1/0950/0069/0872/files/B_2_eb2ea7de-e6d6-4085-abef-c1c92f655fd4.png?v=1780039346,https://cdn.shopify.com/s/files/1/0950/0069/0872/files/B_4_53fa9c6c-42a7-42fe-9b4a-1b2d15ff87a4.png?v=1780039346,https://cdn.shopify.com/s/files/1/0950/0069/0872/files/B_6.png?v=1780039346,https://cdn.shopify.com/s/files/1/0950/0069/0872/files/B_1_e9ce18eb-248b-4ce8-aa20-ba0e27486220.png?v=1780039346",13.99 USD,in stock,new,Kawaiigoo,,1259,Green,
shopify_US_10556749185208_54018818375864,10556749185208,Citrus Burst Crystal Squishy Ball,"Meet your new favorite desk-side stress reliever: the Citrus Burst Crystal Squishy Ball, a handmade squeeze toy with a glassy, crystal-clear shell wrapped around a soft, squishy center. Sculpted and colored to look just like a juicy sugar orange, it's oddly satisfying to hold, squeeze, and watch slowly spring back into shape. Crystal-Clear Citrus Shell , a glossy, jelly-like orange shell studded with tiny citrus-slice details for a realistic, almost edible-looking finish. Soft, Squishy Core , presses in with a smooth, slow-rising squeeze that's deeply satisfying for stress relief, fidgeting, or just decompressing at your desk. Handmade Detail , each ball is individually handcrafted, so subtle variations in color and pattern are part of the charm. Delicate Crystal Shell , the ultra-thin outer layer is part of the fun squeeze-and-burst experience — keep it away from direct heat, sunlight, or rough handling to keep it intact longer. Fun for All Ages , a playful fidget toy and conversation piece for stress relief, sensory play, or as a quirky little gift.",https://kawaiigoo.com/products/citrus-burst-crystal-squishy-ball,https://kawaiigoo.com/products/citrus-burst-crystal-squishy-ball,https://cdn.shopify.com/s/files/1/0950/0069/0872/files/final_1.jpg?v=1788228848,"https://cdn.shopify.com/s/files/1/0950/0069/0872/files/final_2.jpg?v=1788228857,https://cdn.shopify.com/s/files/1/0950/0069/0872/files/final_3.jpg?v=1788228863,https://cdn.shopify.com/s/files/1/0950/0069/0872/files/final_4.jpg?v=1788228869,https://cdn.shopify.com/s/files/1/0950/0069/0872/files/final_5.jpg?v=1788228877,https://cdn.shopify.com/s/files/1/0950/0069/0872/files/final_6.jpg?v=1788228884,https://cdn.shopify.com/s/files/1/0950/0069/0872/files/final_7.jpg?v=1788228889,https://cdn.shopify.com/s/files/1/0950/0069/0872/files/final_8.jpg?v=1788228896,https://cdn.shopify.com/s/files/1/0950/0069/0872/files/final_9.jpg?v=1788228901,https://cdn.shopify.com/s/files/1/0950/0069/0872/files/final_10.jpg?v=1788228907",16.99 USD,in stock,new,Kawaiigoo,Squishy Toy,1259,,
shopify_US_10422563340472_53523467468984,10422563340472,Classic Coconut Oil Handmade Squishy Ball,"Bring a little calm and joy to your day with this adorable handmade squishy ball. Inspired by a classic coconut oil aesthetic, it features a soft-touch texture and charming design that delivers a soothing sensory experience—perfect for helping you relax, unwind, and enjoy simple fidgeting moments. ✨ Features Handmade with love and care Soft and smooth texture Helps relieve stress and tension Portable and easy to carry Cute collectible aesthetic Diameter: 2.36 inches ⚠️ Special Notes Not edible / Do not eat. Not suitable for children under 3 years old.",https://kawaiigoo.com/products/classic-coconut-oil-handmade-squishy-ball?variant=53523467468984,https://kawaiigoo.com/products/classic-coconut-oil-handmade-squishy-ball,https://cdn.shopify.com/s/files/1/0950/0069/0872/files/A_5_ac3cd6c5-55e8-4da3-a940-3e0a2c96f2d9.png?v=1780033534,"https://cdn.shopify.com/s/files/1/0950/0069/0872/files/A_3_b87594a4-c34d-45ce-bb57-43f21dc48f02.png?v=1780033534,https://cdn.shopify.com/s/files/1/0950/0069/0872/files/A_4_dd2bb2dd-175c-47a0-9bc5-acf68f1a7737.png?v=1780033534,https://cdn.shopify.com/s/files/1/0950/0069/0872/files/A_2_04777221-1ac9-4994-9899-48f959c9bda8.png?v=1780033534,https://cdn.shopify.com/s/files/1/0950/0069/0872/files/A_1_07444c95-a0bf-414f-a900-046cc76950f8.png?v=1780033534",14.99 USD,in stock,new,Kawaiigoo,,1259,Clear pink,
shopify_US_10422563340472_53523467436216,10422563340472,Classic Coconut Oil Handmade Squishy Ball,"Bring a little calm and joy to your day with this adorable handmade squishy ball. Inspired by a classic coconut oil aesthetic, it features a soft-touch texture and charming design that delivers a soothing sensory experience—perfect for helping you relax, unwind, and enjoy simple fidgeting moments. ✨ Features Handmade with love and care Soft and smooth texture Helps relieve stress and tension Portable and easy to carry Cute collectible aesthetic Diameter: 2.36 inches ⚠️ Special Notes Not edible / Do not eat. Not suitable for children under 3 years old.",https://kawaiigoo.com/products/classic-coconut-oil-handmade-squishy-ball?variant=53523467436216,https://kawaiigoo.com/products/classic-coconut-oil-handmade-squishy-ball,https://cdn.shopify.com/s/files/1/0950/0069/0872/files/A_2_04777221-1ac9-4994-9899-48f959c9bda8.png?v=1780033534,"https://cdn.shopify.com/s/files/1/0950/0069/0872/files/A_3_b87594a4-c34d-45ce-bb57-43f21dc48f02.png?v=1780033534,https://cdn.shopify.com/s/files/1/0950/0069/0872/files/A_4_dd2bb2dd-175c-47a0-9bc5-acf68f1a7737.png?v=1780033534,https://cdn.shopify.com/s/files/1/0950/0069/0872/files/A_5_ac3cd6c5-55e8-4da3-a940-3e0a2c96f2d9.png?v=1780033534,https://cdn.shopify.com/s/files/1/0950/0069/0872/files/A_1_07444c95-a0bf-414f-a900-046cc76950f8.png?v=1780033534",14.99 USD,in stock,new,Kawaiigoo,,1259,Pink,
shopify_US_10422563340472_53523467501752,10422563340472,Classic Coconut Oil Handmade Squishy Ball,"Bring a little calm and joy to your day with this adorable handmade squishy ball. Inspired by a classic coconut oil aesthetic, it features a soft-touch texture and charming design that delivers a soothing sensory experience—perfect for helping you relax, unwind, and enjoy simple fidgeting moments. ✨ Features Handmade with love and care Soft and smooth texture Helps relieve stress and tension Portable and easy to carry Cute collectible aesthetic Diameter: 2.36 inches ⚠️ Special Notes Not edible / Do not eat. Not suitable for children under 3 years old.",https://kawaiigoo.com/products/classic-coconut-oil-handmade-squishy-ball?variant=53523467501752,https://kawaiigoo.com/products/classic-coconut-oil-handmade-squishy-ball,https://cdn.shopify.com/s/files/1/0950/0069/0872/files/A_1_07444c95-a0bf-414f-a900-046cc76950f8.png?v=1780033534,"https://cdn.shopify.com/s/files/1/0950/0069/0872/files/A_3_b87594a4-c34d-45ce-bb57-43f21dc48f02.png?v=1780033534,https://cdn.shopify.com/s/files/1/0950/0069/0872/files/A_4_dd2bb2dd-175c-47a0-9bc5-acf68f1a7737.png?v=1780033534,https://cdn.shopify.com/s/files/1/0950/0069/0872/files/A_5_ac3cd6c5-55e8-4da3-a940-3e0a2c96f2d9.png?v=1780033534,https://cdn.shopify.com/s/files/1/0950/0069/0872/files/A_2_04777221-1ac9-4994-9899-48f959c9bda8.png?v=1780033534",14.99 USD,in stock,new,Kawaiigoo,,1259,Blue,
shopify_US_10411212996792_53491636404408,10411212996792,Color Changing Mango Squishy Toy,"This mango squishy toy changes color when squeezed or pressed, creating a fun and interactive sensory experience. Its cute fruit-inspired design makes it both playful and eye-catching. Perfect for stress relief, fidgeting, or simple sensory play, this soft and durable squishy is easy to carry anywhere. Great for quick relaxation anytime you need a calming moment.",https://kawaiigoo.com/products/color-changing-mango-squishy-toy,https://kawaiigoo.com/products/color-changing-mango-squishy-toy,https://cdn.shopify.com/s/files/1/0950/0069/0872/files/a_2_798dc27b-c01e-4262-b934-3f2bdc5afdcc.png?v=1779347623,"https://cdn.shopify.com/s/files/1/0950/0069/0872/files/a_1_5978a01c-44a6-4ec5-9ec6-d63f36242e6b.png?v=1779347623,https://cdn.shopify.com/s/files/1/0950/0069/0872/files/squishy_9fb76927-eee1-441b-9184-0f4632012cf5.png?v=1779347793",10.99 USD,in stock,new,Kawaiigoo,,1259,,
shopify_US_10565843648696_54051025289400,10565843648696,Cream Bun Taba Squishy Toy,"Meet the Cream Bun Taba Squishy — a soft, bakery-fresh treat you can squeeze again and again. With its golden-glazed top and pillowy body, this playful bun-shaped squishy brings a warm, comforting vibe to your collection and instantly melts stress away. Made from a slow-rising, cloud-soft material that stretches and bounces back with every squeeze, this squishy delivers a satisfying tactile experience perfect for fidgeting, decorating your desk, or gifting to any squishy lover. Durable and huggable, it's a delightful little companion for kids and adults alike.",https://kawaiigoo.com/products/cream-bun-taba-squishy-toy,https://kawaiigoo.com/products/cream-bun-taba-squishy-toy,https://cdn.shopify.com/s/files/1/0950/0069/0872/files/sq_01.jpg?v=1788746754,"https://cdn.shopify.com/s/files/1/0950/0069/0872/files/sq_02.jpg?v=1788746757,https://cdn.shopify.com/s/files/1/0950/0069/0872/files/sq_03.jpg?v=1788746760,https://cdn.shopify.com/s/files/1/0950/0069/0872/files/sq_04.jpg?v=1788746764,https://cdn.shopify.com/s/files/1/0950/0069/0872/files/sq_05.jpg?v=1788746767,https://cdn.shopify.com/s/files/1/0950/0069/0872/files/sq_06.jpg?v=1788746770,https://cdn.shopify.com/s/files/1/0950/0069/0872/files/sq_07.jpg?v=1788746774,https://cdn.shopify.com/s/files/1/0950/0069/0872/files/sq_08.jpg?v=1788746777,https://cdn.shopify.com/s/files/1/0950/0069/0872/files/sq_09.jpg?v=1788746780",18.99 USD,in stock,new,Kawaiigoo,Squishy Toy,1259,,
shopify_US_10531150758072_53925698666680,10531150758072,Crispy Peach Squishy Stress Ball Toy Handmade Sensory Fidget Toy,"Crispy Peach Squishy Stress Ball – Handmade Sensory Fidget Toy Add a little fruity fun to your day with this Crispy Peach Squishy Stress Ball ! 🍑 Designed with a unique handmade look and a satisfying crispy texture, this squishy toy is perfect for squeezing, stretching, and relieving everyday stress. Features Cute Peach Design: Adorable peach-inspired shape with a fun, playful appearance. Satisfying Squishy Texture: Soft and slow-rising for an enjoyable squeezing experience. Crispy Butter Block Base: Features a distinctive textured base that adds extra sensory feedback. Stress Relief: Great for relaxing, fidgeting, and keeping your hands occupied. Handmade Feel: Each piece has its own unique character and appearance. Perfect for All Ages: A fun addition to desks, bedrooms, collections, or sensory toy displays. Product Details Product Type: Squishy Stress Ball / Sensory Fidget Toy Design: Crispy Peach Material: Soft Squishy Material Use: Stress Relief, Fidgeting, Sensory Play, Collecting Squeeze it, squish it, and enjoy the satisfying peachy experience! 🍑✨",https://kawaiigoo.com/products/crispy-peach-squishy-stress-ball-toy-handmade-sensory-fidget-toy,https://kawaiigoo.com/products/crispy-peach-squishy-stress-ball-toy-handmade-sensory-fidget-toy,https://cdn.shopify.com/s/files/1/0950/0069/0872/files/2_9127f4f5-0282-4d67-bc5c-ec048800dbac.png?v=1786844633,"https://cdn.shopify.com/s/files/1/0950/0069/0872/files/3_abccb8ed-8822-483f-afd3-df655e0f41a7.png?v=1786844633,https://cdn.shopify.com/s/files/1/0950/0069/0872/files/1_7fd7d496-37ba-4e9f-8e0c-048be879ee8f.png?v=1786844633",14.99 USD,in stock,new,Kawaiigoo,Sensory Toys,1259,,
shopify_US_10422612230328_53523823296696,10422612230328,Crispy Pineapple Bun Handmade Squishy Ball,"Experience a soothing squeeze with this handcrafted squishy ball designed for relaxation and focus. Inspired by a crispy pineapple bun, it features a soft-touch finish and minimalist aesthetic—perfect for daily stress relief and calming fidget moments. ✨ Features Premium handmade design Soft and smooth feel Supports relaxation Lightweight and portable Aesthetic collectible item ⚠️ Special Notes Texture may naturally change with use. Handmade variations are normal. Do not puncture or overstretch. Not edible / Do not eat. Not suitable for children under 3 years old.",https://kawaiigoo.com/products/crispy-pineapple-bun-handmade-squishy-ball,https://kawaiigoo.com/products/crispy-pineapple-bun-handmade-squishy-ball,https://cdn.shopify.com/s/files/1/0950/0069/0872/files/a_2_2d775fdc-4fc5-4c9d-b6f4-873f3ee40f1a.png?v=1780043522,https://cdn.shopify.com/s/files/1/0950/0069/0872/files/a_1_c5227adf-22ca-4a8e-8390-642dee8f17af.png?v=1780043522,12.99 USD,in stock,new,Kawaiigoo,,1259,,
shopify_US_10411295637688_53491839566008,10411295637688,Crunchy Slush Fruit Handmade Squishy Ball,"Experience a refreshing twist with the fruit squishy ball. Designed with an icy fruit-inspired look, this squishy delivers a unique crispy “slush” sound and a satisfying crunchy texture with every squeeze. Its glossy, juicy finish makes it a fun and eye-catching sensory toy for any collection. Perfect for stress relief, fidget play, and ASMR lovers, this squishy offers a playful hands-on experience that feels cool, crunchy, and addictive. Compact and easy to hold, it’s great for desk play, relaxation, or simply enjoying satisfying sensory moments anytime.",https://kawaiigoo.com/products/crunchy-slush-fruit-handmade-squishy-ball,https://kawaiigoo.com/products/crunchy-slush-fruit-handmade-squishy-ball,https://cdn.shopify.com/s/files/1/0950/0069/0872/files/A_1_861d839c-fcc1-483d-8562-0db659a84264.png?v=1779354978,"https://cdn.shopify.com/s/files/1/0950/0069/0872/files/A_2_fd68e8b3-83b9-4ab9-99ad-ff4e6a719959.png?v=1779354977,https://cdn.shopify.com/s/files/1/0950/0069/0872/files/A_3_2731b6c8-f856-4d63-a955-eb1ac17b5d5b.png?v=1779354978",16.99 USD,in stock,new,Kawaiigoo,,1259,,
shopify_US_10411288297656_53491818954936,10411288297656,Crystal Fruit Handmade Squishy Ball,"Add a sweet and sparkly touch to your collection with the Crystal Fruit Handmade Squishy Ball. Its crystal-clear appearance and crunchy handmade texture create a fun and satisfying sensory experience with every squeeze. This handmade squishy ball can be freely shaped and molded by hand, and it does not return to its original form after being pressed. Inspired by fruity candy colors and kawaii style, this squishy ball is perfect for stress relief, fidget play, and ASMR moments. Soft, stretchy, and enjoyable to shape, it offers a relaxing hands-on experience with endless creative play.",https://kawaiigoo.com/products/crystal-fruit-handmade-squishy-ball,https://kawaiigoo.com/products/crystal-fruit-handmade-squishy-ball,https://cdn.shopify.com/s/files/1/0950/0069/0872/files/c_1.png?v=1779353482,https://cdn.shopify.com/s/files/1/0950/0069/0872/files/c_2.png?v=1779353482,15.99 USD,in stock,new,Kawaiigoo,,1259,,
shopify_US_10411294949560_53491836485816,10411294949560,Crystal Honey Fruit Handmade Squishy Ball,"Bring a warm golden glow to your collection with the fruit squishy ball. Featuring a soft honey-amber tone inspired by fresh fruit and natural honey, this handmade sensory toy offers a unique crunchy texture and a satisfying squeeze experience. It is fully moldable and can be shaped freely by hand, without bouncing back to its original form. Perfect for kawaii lovers and sensory toy fans, this squishy is ideal for stress relief, fidget play, and ASMR relaxation. Its soft, pliable texture makes it fun to press, stretch, and sculpt, offering endless creative hands-on enjoyment for your desk, home, or collection.",https://kawaiigoo.com/products/crystal-honey-fruit-handmade-squishy-ball,https://kawaiigoo.com/products/crystal-honey-fruit-handmade-squishy-ball,https://cdn.shopify.com/s/files/1/0950/0069/0872/files/squishy_e74978c7-a6a3-417a-846c-ad02576b52a0.png?v=1779354631,,16.99 USD,in stock,new,Kawaiigoo,,1259,,
shopify_US_10409935962296_53486519910584,10409935962296,Cute Blue Cat Taba Squishy Toys,"Enhance your collection with these adorable Cute Blue Cat Taba Squishy Toys. Made from high-quality materials, these toys offer a soft and squishy texture for endless fun. Perfect for stress relief, sensory play, and display. A must-have for any cat lover or collector. Introducing the Cute Blue Cat Taba Squishy Toys - perfect for relieving stress and promoting relaxation. Made with high-quality materials, these squishy toys are durable and long-lasting. With its adorable design, this toy is great for both children and adults alike. Experience the satisfying feeling of squishing a soft and cute cat toy.",https://kawaiigoo.com/products/cute-blue-cat-taba-squishy-toys,https://kawaiigoo.com/products/cute-blue-cat-taba-squishy-toys,https://cdn.shopify.com/s/files/1/0950/0069/0872/files/a1cf9d94-22_78f1b1fd-d15a-4d3c-b4ea-085f5a19fe53.webp?v=1779260628,https://cdn.shopify.com/s/files/1/0950/0069/0872/files/c72ff536-23_2acad020-dbde-4d69-849c-2a022b2eb2cb.webp?v=1779260628,14.99 USD,in stock,new,Kawaiigoo,,1259,,
shopify_US_10414302036152_53499662008504,10414302036152,Cute Crystal Squishy Ball Stress Relief Toy,"Bring a calming and playful touch to your collection with this crystal squishy ball. Designed with a soft, translucent look and smooth texture, it offers a satisfying squeeze that is perfect for stress relief, fidgeting, or simply relaxing your hands throughout the day. Each squishy ball is carefully crafted with attention to detail, giving it a unique handmade feel and gentle tactile experience. Compact and easy to carry, it fits perfectly in your bag or on your desk. Whether used for focus, relaxation, or as a cute gift, this decompression toy brings comfort and a soothing sensory experience anytime you need it.",https://kawaiigoo.com/products/cute-crystal-squishy-ball-stress-relief-toy?variant=53499662008504,https://kawaiigoo.com/products/cute-crystal-squishy-ball-stress-relief-toy,https://cdn.shopify.com/s/files/1/0950/0069/0872/files/a_5_881c42e0-dea9-43f2-b43c-938f458ef367.png?v=1779529638,"https://cdn.shopify.com/s/files/1/0950/0069/0872/files/a_1_edf509a8-16c4-4afd-ad57-421b299efa94.png?v=1779529638,https://cdn.shopify.com/s/files/1/0950/0069/0872/files/a_2_726e4acf-a81d-4d97-b9f4-ffb8c3b259b2.png?v=1779529638,https://cdn.shopify.com/s/files/1/0950/0069/0872/files/a_6_94493a65-5ae4-43ce-b900-ad11df81d42d.png?v=1779529638,https://cdn.shopify.com/s/files/1/0950/0069/0872/files/a_4_8b47585d-54f6-465c-a103-50e8e3b161cb.png?v=1779529638,https://cdn.shopify.com/s/files/1/0950/0069/0872/files/a_3_af71f734-0a60-4330-88dd-33db49f8c003.png?v=1779529638",13.99 USD,in stock,new,Kawaiigoo,,1259,Blue,
shopify_US_10414302036152_53499662041272,10414302036152,Cute Crystal Squishy Ball Stress Relief Toy,"Bring a calming and playful touch to your collection with this crystal squishy ball. Designed with a soft, translucent look and smooth texture, it offers a satisfying squeeze that is perfect for stress relief, fidgeting, or simply relaxing your hands throughout the day. Each squishy ball is carefully crafted with attention to detail, giving it a unique handmade feel and gentle tactile experience. Compact and easy to carry, it fits perfectly in your bag or on your desk. Whether used for focus, relaxation, or as a cute gift, this decompression toy brings comfort and a soothing sensory experience anytime you need it.",https://kawaiigoo.com/products/cute-crystal-squishy-ball-stress-relief-toy?variant=53499662041272,https://kawaiigoo.com/products/cute-crystal-squishy-ball-stress-relief-toy,https://cdn.shopify.com/s/files/1/0950/0069/0872/files/a_3_af71f734-0a60-4330-88dd-33db49f8c003.png?v=1779529638,"https://cdn.shopify.com/s/files/1/0950/0069/0872/files/a_1_edf509a8-16c4-4afd-ad57-421b299efa94.png?v=1779529638,https://cdn.shopify.com/s/files/1/0950/0069/0872/files/a_2_726e4acf-a81d-4d97-b9f4-ffb8c3b259b2.png?v=1779529638,https://cdn.shopify.com/s/files/1/0950/0069/0872/files/a_6_94493a65-5ae4-43ce-b900-ad11df81d42d.png?v=1779529638,https://cdn.shopify.com/s/files/1/0950/0069/0872/files/a_4_8b47585d-54f6-465c-a103-50e8e3b161cb.png?v=1779529638,https://cdn.shopify.com/s/files/1/0950/0069/0872/files/a_5_881c42e0-dea9-43f2-b43c-938f458ef367.png?v=1779529638",13.99 USD,in stock,new,Kawaiigoo,,1259,Pink,
shopify_US_10414302036152_53499662074040,10414302036152,Cute Crystal Squishy Ball Stress Relief Toy,"Bring a calming and playful touch to your collection with this crystal squishy ball. Designed with a soft, translucent look and smooth texture, it offers a satisfying squeeze that is perfect for stress relief, fidgeting, or simply relaxing your hands throughout the day. Each squishy ball is carefully crafted with attention to detail, giving it a unique handmade feel and gentle tactile experience. Compact and easy to carry, it fits perfectly in your bag or on your desk. Whether used for focus, relaxation, or as a cute gift, this decompression toy brings comfort and a soothing sensory experience anytime you need it.",https://kawaiigoo.com/products/cute-crystal-squishy-ball-stress-relief-toy?variant=53499662074040,https://kawaiigoo.com/products/cute-crystal-squishy-ball-stress-relief-toy,https://cdn.shopify.com/s/files/1/0950/0069/0872/files/a_4_8b47585d-54f6-465c-a103-50e8e3b161cb.png?v=1779529638,"https://cdn.shopify.com/s/files/1/0950/0069/0872/files/a_1_edf509a8-16c4-4afd-ad57-421b299efa94.png?v=1779529638,https://cdn.shopify.com/s/files/1/0950/0069/0872/files/a_2_726e4acf-a81d-4d97-b9f4-ffb8c3b259b2.png?v=1779529638,https://cdn.shopify.com/s/files/1/0950/0069/0872/files/a_6_94493a65-5ae4-43ce-b900-ad11df81d42d.png?v=1779529638,https://cdn.shopify.com/s/files/1/0950/0069/0872/files/a_3_af71f734-0a60-4330-88dd-33db49f8c003.png?v=1779529638,https://cdn.shopify.com/s/files/1/0950/0069/0872/files/a_5_881c42e0-dea9-43f2-b43c-938f458ef367.png?v=1779529638",13.99 USD,in stock,new,Kawaiigoo,,1259,Green,
shopify_US_10409936060600_53486520041656,10409936060600,Cute Fruit Slice Squishy Toy Stress Relief Satisfying ASMR Fun,"Experience deep relaxation with the charming Kawaii Fruit Slice Squishy Toy. Crafted with colorful fruit patterns and made from soft, slow-rebounding foam, this squishy provides a calming ASMR sensation with each press. Ideal for easing stress and anxiety or simply enjoying the uniquely satisfying tactile sensation. Perfect for use at home, the office, or as a thoughtful gift, this delightful squishy toy brings a playful element to your routine. Constructed from premium, non-toxic materials, it ensures safety, durability, and endless squeezing enjoyment. Instantly elevate your mood with this adorable and effective stress relief tool.",https://kawaiigoo.com/products/cute-fruit-slice-squishy-toy-stress-relief-satisfying-asmr-fun?variant=53486520041656,https://kawaiigoo.com/products/cute-fruit-slice-squishy-toy-stress-relief-satisfying-asmr-fun,https://cdn.shopify.com/s/files/1/0950/0069/0872/files/a5ea68b6-1_2181899a-1787-413f-9a29-443c212b6a3b.webp?v=1779260628,"https://cdn.shopify.com/s/files/1/0950/0069/0872/files/1d291f97-2_515d20eb-f350-4adc-b362-f195d72ebbb7.webp?v=1779260628,https://cdn.shopify.com/s/files/1/0950/0069/0872/files/e91352d3-1_2181899a-1787-413f-9a29-443c212b6a3b.webp?v=1779260628,https://cdn.shopify.com/s/files/1/0950/0069/0872/files/f684c77c-2_515d20eb-f350-4adc-b362-f195d72ebbb7.webp?v=1779260628",21.99 USD,in stock,new,Kawaiigoo,,1259,Pink,
shopify_US_10409936060600_53486520074424,10409936060600,Cute Fruit Slice Squishy Toy Stress Relief Satisfying ASMR Fun,"Experience deep relaxation with the charming Kawaii Fruit Slice Squishy Toy. Crafted with colorful fruit patterns and made from soft, slow-rebounding foam, this squishy provides a calming ASMR sensation with each press. Ideal for easing stress and anxiety or simply enjoying the uniquely satisfying tactile sensation. Perfect for use at home, the office, or as a thoughtful gift, this delightful squishy toy brings a playful element to your routine. Constructed from premium, non-toxic materials, it ensures safety, durability, and endless squeezing enjoyment. Instantly elevate your mood with this adorable and effective stress relief tool.",https://kawaiigoo.com/products/cute-fruit-slice-squishy-toy-stress-relief-satisfying-asmr-fun?variant=53486520074424,https://kawaiigoo.com/products/cute-fruit-slice-squishy-toy-stress-relief-satisfying-asmr-fun,https://cdn.shopify.com/s/files/1/0950/0069/0872/files/1d291f97-2_515d20eb-f350-4adc-b362-f195d72ebbb7.webp?v=1779260628,"https://cdn.shopify.com/s/files/1/0950/0069/0872/files/a5ea68b6-1_2181899a-1787-413f-9a29-443c212b6a3b.webp?v=1779260628,https://cdn.shopify.com/s/files/1/0950/0069/0872/files/e91352d3-1_2181899a-1787-413f-9a29-443c212b6a3b.webp?v=1779260628,https://cdn.shopify.com/s/files/1/0950/0069/0872/files/f684c77c-2_515d20eb-f350-4adc-b362-f195d72ebbb7.webp?v=1779260628",21.99 USD,in stock,new,Kawaiigoo,,1259,Green,
shopify_US_10441956360376_53582186381496,10441956360376,Cute Ice Slush Texture Squishy Ball,"This squishy ball is carefully handmade with a simple adorable design. It offers a soft tactile experience that helps with relaxation, focus, and everyday stress relief. ✨ Features Handmade unique style Stress relief experience Portable and lightweight Cute collectible aesthetic ⚠️ Special Notes Texture may gradually change over time. Handmade variations are natural. Do not puncture or overstretch. Not edible / Do not eat. Not suitable for children under 3 years old.",https://kawaiigoo.com/products/cute-ice-slush-texture-squishy-ball?variant=53582186381496,https://kawaiigoo.com/products/cute-ice-slush-texture-squishy-ball,https://cdn.shopify.com/s/files/1/0950/0069/0872/files/A_6_f1acb74f-7cc3-4a49-ae75-1b8157c8f3d2.png?v=1781161910,https://cdn.shopify.com/s/files/1/0950/0069/0872/files/A_5_50d4b908-0fb6-4bea-9127-bccc385edabc.png?v=1781161910,13.99 USD,in stock,new,Kawaiigoo,,1259,Orange,
shopify_US_10441956360376_53582186348728,10441956360376,Cute Ice Slush Texture Squishy Ball,"This squishy ball is carefully handmade with a simple adorable design. It offers a soft tactile experience that helps with relaxation, focus, and everyday stress relief. ✨ Features Handmade unique style Stress relief experience Portable and lightweight Cute collectible aesthetic ⚠️ Special Notes Texture may gradually change over time. Handmade variations are natural. Do not puncture or overstretch. Not edible / Do not eat. Not suitable for children under 3 years old.",https://kawaiigoo.com/products/cute-ice-slush-texture-squishy-ball?variant=53582186348728,https://kawaiigoo.com/products/cute-ice-slush-texture-squishy-ball,https://cdn.shopify.com/s/files/1/0950/0069/0872/files/A_5_50d4b908-0fb6-4bea-9127-bccc385edabc.png?v=1781161910,https://cdn.shopify.com/s/files/1/0950/0069/0872/files/A_6_f1acb74f-7cc3-4a49-ae75-1b8157c8f3d2.png?v=1781161910,13.99 USD,in stock,new,Kawaiigoo,,1259,Green,
shopify_US_10441956360376_53582186315960,10441956360376,Cute Ice Slush Texture Squishy Ball,"This squishy ball is carefully handmade with a simple adorable design. It offers a soft tactile experience that helps with relaxation, focus, and everyday stress relief. ✨ Features Handmade unique style Stress relief experience Portable and lightweight Cute collectible aesthetic ⚠️ Special Notes Texture may gradually change over time. Handmade variations are natural. Do not puncture or overstretch. Not edible / Do not eat. Not suitable for children under 3 years old.",https://kawaiigoo.com/products/cute-ice-slush-texture-squishy-ball?variant=53582186315960,https://kawaiigoo.com/products/cute-ice-slush-texture-squishy-ball,https://cdn.shopify.com/s/files/1/0950/0069/0872/files/A_5_50d4b908-0fb6-4bea-9127-bccc385edabc.png?v=1781161910,https://cdn.shopify.com/s/files/1/0950/0069/0872/files/A_6_f1acb74f-7cc3-4a49-ae75-1b8157c8f3d2.png?v=1781161910,13.99 USD,in stock,new,Kawaiigoo,,1259,Pink,
shopify_US_10499118071992_53830347161784,10499118071992,Cute Persimmon Crispy Shell Squishy Toy,"Persimmon Crispy Shell Squishy Ball Toy Add a little fruity fun to your day with this adorable Persimmon Crispy Shell Squishy Ball Toy ! 🍊 Designed with a cute persimmon-inspired shape and a satisfying crispy outer shell, it offers a fun sensory experience every time you squeeze and play. Perfect for relieving stress, keeping your hands busy, or simply enjoying a satisfying squishy toy moment, this cute fruit-inspired toy is a fun addition to any desk, bedroom, or collection. Features 🍊 Cute Persimmon Design – Fruit-inspired shape with an adorable, playful appearance. ✋ Satisfying Squeeze Feel – Soft and squishy for relaxing hands-on sensory play. 🥨 Crispy Shell Texture – Adds an extra satisfying element to every squeeze. 😌 Stress Relief Toy – Great for relaxing, fidgeting, and keeping busy hands occupied. 🎁 Fun Gift Idea – A cute choice for kids, teens, friends, and squishy toy lovers. Perfect For Enjoy at home, in the office, while studying, or whenever you need a fun little stress-relief break. It also makes a cute gift for anyone who loves unique fruit-themed toys and satisfying sensory products. Squeeze it, squish it, and enjoy the satisfying crispy-shell feel! 🍊✨",https://kawaiigoo.com/products/cute-persimmon-crispy-shell-squishy-toy,https://kawaiigoo.com/products/cute-persimmon-crispy-shell-squishy-toy,https://cdn.shopify.com/s/files/1/0950/0069/0872/files/imgi_1_104100ao322579ev9nk06jumbkkjq0000000000613drc0.jpg?v=1785379968,,14.99 USD,in stock,new,Kawaiigoo,Sensory Toys,1259,,
shopify_US_10414295843000_53499547320504,10414295843000,Cute Toothpaste Stress Ball Handmade Squeeze Toy,"Bring a playful twist to stress relief with this handmade toothpaste-shaped squeeze toy. Its fun and creative design makes it stand out while offering a soft and satisfying squish, perfect for relieving stress, easing anxiety, or keeping your hands busy during work, study, or leisure time. Each piece is carefully handmade, giving it a unique look and tactile feel. Lightweight and portable, it fits easily into your bag or sits nicely on your desk as a cute decoration. Ideal for daily relaxation, focus support, or gifting, this squeeze toy combines humor and comfort in one simple design.",https://kawaiigoo.com/products/cute-toothpaste-stress-ball-handmade-squeeze-toy?variant=53499547320504,https://kawaiigoo.com/products/cute-toothpaste-stress-ball-handmade-squeeze-toy,https://cdn.shopify.com/s/files/1/0950/0069/0872/files/d_1.png?v=1779527583,"https://cdn.shopify.com/s/files/1/0950/0069/0872/files/d_4.png?v=1779527583,https://cdn.shopify.com/s/files/1/0950/0069/0872/files/d_2.png?v=1779527583,https://cdn.shopify.com/s/files/1/0950/0069/0872/files/d_3.png?v=1779527583",14.99 USD,in stock,new,Kawaiigoo,,1259,Green,
shopify_US_10414295843000_53499547353272,10414295843000,Cute Toothpaste Stress Ball Handmade Squeeze Toy,"Bring a playful twist to stress relief with this handmade toothpaste-shaped squeeze toy. Its fun and creative design makes it stand out while offering a soft and satisfying squish, perfect for relieving stress, easing anxiety, or keeping your hands busy during work, study, or leisure time. Each piece is carefully handmade, giving it a unique look and tactile feel. Lightweight and portable, it fits easily into your bag or sits nicely on your desk as a cute decoration. Ideal for daily relaxation, focus support, or gifting, this squeeze toy combines humor and comfort in one simple design.",https://kawaiigoo.com/products/cute-toothpaste-stress-ball-handmade-squeeze-toy?variant=53499547353272,https://kawaiigoo.com/products/cute-toothpaste-stress-ball-handmade-squeeze-toy,https://cdn.shopify.com/s/files/1/0950/0069/0872/files/d_2.png?v=1779527583,"https://cdn.shopify.com/s/files/1/0950/0069/0872/files/d_4.png?v=1779527583,https://cdn.shopify.com/s/files/1/0950/0069/0872/files/d_1.png?v=1779527583,https://cdn.shopify.com/s/files/1/0950/0069/0872/files/d_3.png?v=1779527583",14.99 USD,in stock,new,Kawaiigoo,,1259,Blue,
shopify_US_10414295843000_53499547451576,10414295843000,Cute Toothpaste Stress Ball Handmade Squeeze Toy,"Bring a playful twist to stress relief with this handmade toothpaste-shaped squeeze toy. Its fun and creative design makes it stand out while offering a soft and satisfying squish, perfect for relieving stress, easing anxiety, or keeping your hands busy during work, study, or leisure time. Each piece is carefully handmade, giving it a unique look and tactile feel. Lightweight and portable, it fits easily into your bag or sits nicely on your desk as a cute decoration. Ideal for daily relaxation, focus support, or gifting, this squeeze toy combines humor and comfort in one simple design.",https://kawaiigoo.com/products/cute-toothpaste-stress-ball-handmade-squeeze-toy?variant=53499547451576,https://kawaiigoo.com/products/cute-toothpaste-stress-ball-handmade-squeeze-toy,https://cdn.shopify.com/s/files/1/0950/0069/0872/files/d_3.png?v=1779527583,"https://cdn.shopify.com/s/files/1/0950/0069/0872/files/d_4.png?v=1779527583,https://cdn.shopify.com/s/files/1/0950/0069/0872/files/d_2.png?v=1779527583,https://cdn.shopify.com/s/files/1/0950/0069/0872/files/d_1.png?v=1779527583",14.99 USD,in stock,new,Kawaiigoo,,1259,Pink,
shopify_US_10411226923192_53491712098488,10411226923192,DIY Coconut Oil Handmade Squishy Ball,"This handmade squishy ball features a crystal-clear icy look with realistic coconut oil-inspired details inside. Its unique glossy appearance makes every squeeze visually satisfying and fun. Soft, durable, and enjoyable to squeeze, this handmade squishy ball is perfect for stress relief, fidgeting, and sensory play. Lightweight and portable, it’s easy to enjoy anytime, anywhere.",https://kawaiigoo.com/products/diy-coconut-oil-handmade-squishy-ball?variant=53491712098488,https://kawaiigoo.com/products/diy-coconut-oil-handmade-squishy-ball,https://cdn.shopify.com/s/files/1/0950/0069/0872/files/a_2_57e95732-bad2-4cec-b568-acaaba94bd2b.png?v=1779349698,"https://cdn.shopify.com/s/files/1/0950/0069/0872/files/squishy_633f6963-e8f4-454d-8c80-2270e46ab5ac.png?v=1779349698,https://cdn.shopify.com/s/files/1/0950/0069/0872/files/a_1_6bc1b005-b3c9-4423-be10-c8b2aaf3e234.png?v=1779349698,https://cdn.shopify.com/s/files/1/0950/0069/0872/files/a_3_f098de74-919d-4091-969e-3e2efa57a5ae.png?v=1779349698,https://cdn.shopify.com/s/files/1/0950/0069/0872/files/a_4_88086762-53be-474f-bfa9-0b93e673ccfe.png?v=1779349698,https://cdn.shopify.com/s/files/1/0950/0069/0872/files/a_5.png?v=1779349698,https://cdn.shopify.com/s/files/1/0950/0069/0872/files/a_7.png?v=1779349698,https://cdn.shopify.com/s/files/1/0950/0069/0872/files/a_8.png?v=1779349698",14.99 USD,in stock,new,Kawaiigoo,,1259,Purple,
shopify_US_10411226923192_53491712131256,10411226923192,DIY Coconut Oil Handmade Squishy Ball,"This handmade squishy ball features a crystal-clear icy look with realistic coconut oil-inspired details inside. Its unique glossy appearance makes every squeeze visually satisfying and fun. Soft, durable, and enjoyable to squeeze, this handmade squishy ball is perfect for stress relief, fidgeting, and sensory play. Lightweight and portable, it’s easy to enjoy anytime, anywhere.",https://kawaiigoo.com/products/diy-coconut-oil-handmade-squishy-ball?variant=53491712131256,https://kawaiigoo.com/products/diy-coconut-oil-handmade-squishy-ball,https://cdn.shopify.com/s/files/1/0950/0069/0872/files/a_1_6bc1b005-b3c9-4423-be10-c8b2aaf3e234.png?v=1779349698,"https://cdn.shopify.com/s/files/1/0950/0069/0872/files/squishy_633f6963-e8f4-454d-8c80-2270e46ab5ac.png?v=1779349698,https://cdn.shopify.com/s/files/1/0950/0069/0872/files/a_2_57e95732-bad2-4cec-b568-acaaba94bd2b.png?v=1779349698,https://cdn.shopify.com/s/files/1/0950/0069/0872/files/a_3_f098de74-919d-4091-969e-3e2efa57a5ae.png?v=1779349698,https://cdn.shopify.com/s/files/1/0950/0069/0872/files/a_4_88086762-53be-474f-bfa9-0b93e673ccfe.png?v=1779349698,https://cdn.shopify.com/s/files/1/0950/0069/0872/files/a_5.png?v=1779349698,https://cdn.shopify.com/s/files/1/0950/0069/0872/files/a_7.png?v=1779349698,https://cdn.shopify.com/s/files/1/0950/0069/0872/files/a_8.png?v=1779349698",14.99 USD,in stock,new,Kawaiigoo,,1259,Pink,
shopify_US_10411226923192_53491712164024,10411226923192,DIY Coconut Oil Handmade Squishy Ball,"This handmade squishy ball features a crystal-clear icy look with realistic coconut oil-inspired details inside. Its unique glossy appearance makes every squeeze visually satisfying and fun. Soft, durable, and enjoyable to squeeze, this handmade squishy ball is perfect for stress relief, fidgeting, and sensory play. Lightweight and portable, it’s easy to enjoy anytime, anywhere.",https://kawaiigoo.com/products/diy-coconut-oil-handmade-squishy-ball?variant=53491712164024,https://kawaiigoo.com/products/diy-coconut-oil-handmade-squishy-ball,https://cdn.shopify.com/s/files/1/0950/0069/0872/files/a_5.png?v=1779349698,"https://cdn.shopify.com/s/files/1/0950/0069/0872/files/squishy_633f6963-e8f4-454d-8c80-2270e46ab5ac.png?v=1779349698,https://cdn.shopify.com/s/files/1/0950/0069/0872/files/a_2_57e95732-bad2-4cec-b568-acaaba94bd2b.png?v=1779349698,https://cdn.shopify.com/s/files/1/0950/0069/0872/files/a_1_6bc1b005-b3c9-4423-be10-c8b2aaf3e234.png?v=1779349698,https://cdn.shopify.com/s/files/1/0950/0069/0872/files/a_3_f098de74-919d-4091-969e-3e2efa57a5ae.png?v=1779349698,https://cdn.shopify.com/s/files/1/0950/0069/0872/files/a_4_88086762-53be-474f-bfa9-0b93e673ccfe.png?v=1779349698,https://cdn.shopify.com/s/files/1/0950/0069/0872/files/a_7.png?v=1779349698,https://cdn.shopify.com/s/files/1/0950/0069/0872/files/a_8.png?v=1779349698",14.99 USD,in stock,new,Kawaiigoo,,1259,Blue,
shopify_US_10411226923192_53491712229560,10411226923192,DIY Coconut Oil Handmade Squishy Ball,"This handmade squishy ball features a crystal-clear icy look with realistic coconut oil-inspired details inside. Its unique glossy appearance makes every squeeze visually satisfying and fun. Soft, durable, and enjoyable to squeeze, this handmade squishy ball is perfect for stress relief, fidgeting, and sensory play. Lightweight and portable, it’s easy to enjoy anytime, anywhere.",https://kawaiigoo.com/products/diy-coconut-oil-handmade-squishy-ball?variant=53491712229560,https://kawaiigoo.com/products/diy-coconut-oil-handmade-squishy-ball,https://cdn.shopify.com/s/files/1/0950/0069/0872/files/a_4_88086762-53be-474f-bfa9-0b93e673ccfe.png?v=1779349698,"https://cdn.shopify.com/s/files/1/0950/0069/0872/files/squishy_633f6963-e8f4-454d-8c80-2270e46ab5ac.png?v=1779349698,https://cdn.shopify.com/s/files/1/0950/0069/0872/files/a_2_57e95732-bad2-4cec-b568-acaaba94bd2b.png?v=1779349698,https://cdn.shopify.com/s/files/1/0950/0069/0872/files/a_1_6bc1b005-b3c9-4423-be10-c8b2aaf3e234.png?v=1779349698,https://cdn.shopify.com/s/files/1/0950/0069/0872/files/a_3_f098de74-919d-4091-969e-3e2efa57a5ae.png?v=1779349698,https://cdn.shopify.com/s/files/1/0950/0069/0872/files/a_5.png?v=1779349698,https://cdn.shopify.com/s/files/1/0950/0069/0872/files/a_7.png?v=1779349698,https://cdn.shopify.com/s/files/1/0950/0069/0872/files/a_8.png?v=1779349698",14.99 USD,in stock,new,Kawaiigoo,,1259,Green,
shopify_US_10411226923192_53491712295096,10411226923192,DIY Coconut Oil Handmade Squishy Ball,"This handmade squishy ball features a crystal-clear icy look with realistic coconut oil-inspired details inside. Its unique glossy appearance makes every squeeze visually satisfying and fun. Soft, durable, and enjoyable to squeeze, this handmade squishy ball is perfect for stress relief, fidgeting, and sensory play. Lightweight and portable, it’s easy to enjoy anytime, anywhere.",https://kawaiigoo.com/products/diy-coconut-oil-handmade-squishy-ball?variant=53491712295096,https://kawaiigoo.com/products/diy-coconut-oil-handmade-squishy-ball,https://cdn.shopify.com/s/files/1/0950/0069/0872/files/a_7.png?v=1779349698,"https://cdn.shopify.com/s/files/1/0950/0069/0872/files/squishy_633f6963-e8f4-454d-8c80-2270e46ab5ac.png?v=1779349698,https://cdn.shopify.com/s/files/1/0950/0069/0872/files/a_2_57e95732-bad2-4cec-b568-acaaba94bd2b.png?v=1779349698,https://cdn.shopify.com/s/files/1/0950/0069/0872/files/a_1_6bc1b005-b3c9-4423-be10-c8b2aaf3e234.png?v=1779349698,https://cdn.shopify.com/s/files/1/0950/0069/0872/files/a_3_f098de74-919d-4091-969e-3e2efa57a5ae.png?v=1779349698,https://cdn.shopify.com/s/files/1/0950/0069/0872/files/a_4_88086762-53be-474f-bfa9-0b93e673ccfe.png?v=1779349698,https://cdn.shopify.com/s/files/1/0950/0069/0872/files/a_5.png?v=1779349698,https://cdn.shopify.com/s/files/1/0950/0069/0872/files/a_8.png?v=1779349698",14.99 USD,in stock,new,Kawaiigoo,,1259,Clear,
shopify_US_10411269292216_53491781402808,10411269292216,DIY Coconut Oil Patchwork Squishy Ball,"This handmade coconut oil squishy ball features a creative patchwork-style design with blended textures and layered details inside. The unique mixed look gives every ball a fun and eye-catching appearance. Soft, squeezable, and satisfying to play with, this DIY handmade squishy ball is perfect for stress relief, fidgeting, and sensory fun. Lightweight and durable, it’s great for everyday squeezing and collecting.",https://kawaiigoo.com/products/diy-coconut-oil-patchwork-squishy-ball?variant=53491781402808,https://kawaiigoo.com/products/diy-coconut-oil-patchwork-squishy-ball,https://cdn.shopify.com/s/files/1/0950/0069/0872/files/b_3.png?v=1779352100,"https://cdn.shopify.com/s/files/1/0950/0069/0872/files/b_1.png?v=1779352100,https://cdn.shopify.com/s/files/1/0950/0069/0872/files/b_2.png?v=1779352101",14.99 USD,in stock,new,Kawaiigoo,,1259,,Style A
shopify_US_10411269292216_53491781435576,10411269292216,DIY Coconut Oil Patchwork Squishy Ball,"This handmade coconut oil squishy ball features a creative patchwork-style design with blended textures and layered details inside. The unique mixed look gives every ball a fun and eye-catching appearance. Soft, squeezable, and satisfying to play with, this DIY handmade squishy ball is perfect for stress relief, fidgeting, and sensory fun. Lightweight and durable, it’s great for everyday squeezing and collecting.",https://kawaiigoo.com/products/diy-coconut-oil-patchwork-squishy-ball?variant=53491781435576,https://kawaiigoo.com/products/diy-coconut-oil-patchwork-squishy-ball,https://cdn.shopify.com/s/files/1/0950/0069/0872/files/b_2.png?v=1779352101,"https://cdn.shopify.com/s/files/1/0950/0069/0872/files/b_1.png?v=1779352100,https://cdn.shopify.com/s/files/1/0950/0069/0872/files/b_3.png?v=1779352100",14.99 USD,in stock,new,Kawaiigoo,,1259,,Style B
shopify_US_10411269292216_53491781468344,10411269292216,DIY Coconut Oil Patchwork Squishy Ball,"This handmade coconut oil squishy ball features a creative patchwork-style design with blended textures and layered details inside. The unique mixed look gives every ball a fun and eye-catching appearance. Soft, squeezable, and satisfying to play with, this DIY handmade squishy ball is perfect for stress relief, fidgeting, and sensory fun. Lightweight and durable, it’s great for everyday squeezing and collecting.",https://kawaiigoo.com/products/diy-coconut-oil-patchwork-squishy-ball?variant=53491781468344,https://kawaiigoo.com/products/diy-coconut-oil-patchwork-squishy-ball,https://cdn.shopify.com/s/files/1/0950/0069/0872/files/b_1.png?v=1779352100,"https://cdn.shopify.com/s/files/1/0950/0069/0872/files/b_2.png?v=1779352101,https://cdn.shopify.com/s/files/1/0950/0069/0872/files/b_3.png?v=1779352100",14.99 USD,in stock,new,Kawaiigoo,,1259,,Style C
shopify_US_10411228692664_53491729465528,10411228692664,DIY Coconut Oil Sandwich Squishy Ball,"This handmade coconut oil squishy ball features a fun sandwich-style layered filling design, creating a unique visual and tactile experience. The glossy clear texture and soft squeeze make it extra satisfying to play with. Perfect for stress relief, fidgeting, and sensory play, this DIY handmade squishy ball is durable, lightweight, and fun to squeeze repeatedly. Its creative layered look makes it a cute addition to any squishy collection.",https://kawaiigoo.com/products/diy-coconut-oil-sandwich-squishy-ball?variant=53491729465528,https://kawaiigoo.com/products/diy-coconut-oil-sandwich-squishy-ball,https://cdn.shopify.com/s/files/1/0950/0069/0872/files/A_6_8fb76000-40c8-46d4-a22e-b761e2dfece9.png?v=1779350789,"https://cdn.shopify.com/s/files/1/0950/0069/0872/files/A_4_7a018de9-eeba-4a4c-841f-86b967a97acb.png?v=1779350788,https://cdn.shopify.com/s/files/1/0950/0069/0872/files/A_2_94a7d486-10e5-4a1c-8653-f6dfa5398d0e.png?v=1779350789,https://cdn.shopify.com/s/files/1/0950/0069/0872/files/A_3_a552144b-e24a-4065-90fe-adcc7afae24c.png?v=1779350789",14.99 USD,in stock,new,Kawaiigoo,,1259,Pink,
shopify_US_10411228692664_53491729498296,10411228692664,DIY Coconut Oil Sandwich Squishy Ball,"This handmade coconut oil squishy ball features a fun sandwich-style layered filling design, creating a unique visual and tactile experience. The glossy clear texture and soft squeeze make it extra satisfying to play with. Perfect for stress relief, fidgeting, and sensory play, this DIY handmade squishy ball is durable, lightweight, and fun to squeeze repeatedly. Its creative layered look makes it a cute addition to any squishy collection.",https://kawaiigoo.com/products/diy-coconut-oil-sandwich-squishy-ball?variant=53491729498296,https://kawaiigoo.com/products/diy-coconut-oil-sandwich-squishy-ball,https://cdn.shopify.com/s/files/1/0950/0069/0872/files/A_3_a552144b-e24a-4065-90fe-adcc7afae24c.png?v=1779350789,"https://cdn.shopify.com/s/files/1/0950/0069/0872/files/A_4_7a018de9-eeba-4a4c-841f-86b967a97acb.png?v=1779350788,https://cdn.shopify.com/s/files/1/0950/0069/0872/files/A_2_94a7d486-10e5-4a1c-8653-f6dfa5398d0e.png?v=1779350789,https://cdn.shopify.com/s/files/1/0950/0069/0872/files/A_6_8fb76000-40c8-46d4-a22e-b761e2dfece9.png?v=1779350789",14.99 USD,in stock,new,Kawaiigoo,,1259,Green,
shopify_US_10411228692664_53491729596600,10411228692664,DIY Coconut Oil Sandwich Squishy Ball,"This handmade coconut oil squishy ball features a fun sandwich-style layered filling design, creating a unique visual and tactile experience. The glossy clear texture and soft squeeze make it extra satisfying to play with. Perfect for stress relief, fidgeting, and sensory play, this DIY handmade squishy ball is durable, lightweight, and fun to squeeze repeatedly. Its creative layered look makes it a cute addition to any squishy collection.",https://kawaiigoo.com/products/diy-coconut-oil-sandwich-squishy-ball?variant=53491729596600,https://kawaiigoo.com/products/diy-coconut-oil-sandwich-squishy-ball,https://cdn.shopify.com/s/files/1/0950/0069/0872/files/A_4_7a018de9-eeba-4a4c-841f-86b967a97acb.png?v=1779350788,"https://cdn.shopify.com/s/files/1/0950/0069/0872/files/A_2_94a7d486-10e5-4a1c-8653-f6dfa5398d0e.png?v=1779350789,https://cdn.shopify.com/s/files/1/0950/0069/0872/files/A_3_a552144b-e24a-4065-90fe-adcc7afae24c.png?v=1779350789,https://cdn.shopify.com/s/files/1/0950/0069/0872/files/A_6_8fb76000-40c8-46d4-a22e-b761e2dfece9.png?v=1779350789",14.99 USD,in stock,new,Kawaiigoo,,1259,Purple,
shopify_US_10411228692664_53582256767160,10411228692664,DIY Coconut Oil Sandwich Squishy Ball,"This handmade coconut oil squishy ball features a fun sandwich-style layered filling design, creating a unique visual and tactile experience. The glossy clear texture and soft squeeze make it extra satisfying to play with. Perfect for stress relief, fidgeting, and sensory play, this DIY handmade squishy ball is durable, lightweight, and fun to squeeze repeatedly. Its creative layered look makes it a cute addition to any squishy collection.",https://kawaiigoo.com/products/diy-coconut-oil-sandwich-squishy-ball?variant=53582256767160,https://kawaiigoo.com/products/diy-coconut-oil-sandwich-squishy-ball,https://cdn.shopify.com/s/files/1/0950/0069/0872/files/A_2_94a7d486-10e5-4a1c-8653-f6dfa5398d0e.png?v=1779350789,"https://cdn.shopify.com/s/files/1/0950/0069/0872/files/A_4_7a018de9-eeba-4a4c-841f-86b967a97acb.png?v=1779350788,https://cdn.shopify.com/s/files/1/0950/0069/0872/files/A_3_a552144b-e24a-4065-90fe-adcc7afae24c.png?v=1779350789,https://cdn.shopify.com/s/files/1/0950/0069/0872/files/A_6_8fb76000-40c8-46d4-a22e-b761e2dfece9.png?v=1779350789",14.99 USD,in stock,new,Kawaiigoo,,1259,Blue,
shopify_US_10409936224440_53486520238264,10409936224440,Exploding Creamy Soda Biscuits Taba Squishy,"Experience the ultimate in snacking with our latest creation, Exploding Creamy Soda Biscuits Taba Squishy. The perfect blend of sweet and savory, these biscuits burst with a creamy soda filling that will satisfy your cravings. Indulge in the sensational explosion of flavors and textures with every bite. Order now and treat yourself! Experience a one-of-a-kind snack that blends the fizzy flavor of creamy soda and the crispy texture of biscuits - the Exploding Creamy Soda Biscuits Taba Squishy! Delight in the sensational fusion of tastes and sensations in every mouthful. Crafted with top-quality ingredients, this treat is a must-have for food enthusiasts.",https://kawaiigoo.com/products/exploding-creamy-soda-biscuits-taba-squishy,https://kawaiigoo.com/products/exploding-creamy-soda-biscuits-taba-squishy,https://cdn.shopify.com/s/files/1/0950/0069/0872/files/3d0a7ca0-13_6bffc8c0-de24-4400-a281-4fe4d92ca56a.webp?v=1779260628,,17.99 USD,in stock,new,Kawaiigoo,,1259,,
shopify_US_10409936322744_53486520467640,10409936322744,Exploding Taiyaki Taba Squishy Toys,"Enhance your child's sensory experience with these Exploding Taiyaki Taba Squishy Toys. Made with safe and durable materials, these toys provide a satisfying squish and a fun explosive surprise. Perfect for fidgeting, stress relief, and imaginative play. These unique squishy toys offer endless fun for kids and adults alike. With their adorable design and squishy texture, they are perfect for relieving stress and improving focus. Plus, with their exploding feature, they add an element of surprise and excitement to playtime. Made from high-quality materials for durability.",https://kawaiigoo.com/products/exploding-taiyaki-taba-squishy-toys?variant=53486520467640,https://kawaiigoo.com/products/exploding-taiyaki-taba-squishy-toys,https://cdn.shopify.com/s/files/1/0950/0069/0872/files/ed1ac990-5_87f90454-442f-4c90-9225-2c49b306d57f.webp?v=1779260632,"https://cdn.shopify.com/s/files/1/0950/0069/0872/files/5df71816-3_0b6d2ed2-991b-4d00-a3cf-d0712d23e186.webp?v=1779260632,https://cdn.shopify.com/s/files/1/0950/0069/0872/files/edaf5dbe-4_fa5f0482-cecf-4b93-976b-f3000aeecf33.webp?v=1779260631,https://cdn.shopify.com/s/files/1/0950/0069/0872/files/5cb62dd4-2_980ff160-123b-4ff8-9aaf-061794aa08ac.webp?v=1779260632,https://cdn.shopify.com/s/files/1/0950/0069/0872/files/336a06a0-1_c333cb3a-3035-44c3-a222-598d3d614f07.webp?v=1779260632,https://cdn.shopify.com/s/files/1/0950/0069/0872/files/2d7716e7-5_87f90454-442f-4c90-9225-2c49b306d57f.webp?v=1779260631,https://cdn.shopify.com/s/files/1/0950/0069/0872/files/a210b5ac-1_c333cb3a-3035-44c3-a222-598d3d614f07.webp?v=1779260631,https://cdn.shopify.com/s/files/1/0950/0069/0872/files/13b75b3e-2_980ff160-123b-4ff8-9aaf-061794aa08ac.webp?v=1779260631",19.99 USD,in stock,new,Kawaiigoo,Sensory Toys,1259,yellow,
shopify_US_10409936322744_53486520500408,10409936322744,Exploding Taiyaki Taba Squishy Toys,"Enhance your child's sensory experience with these Exploding Taiyaki Taba Squishy Toys. Made with safe and durable materials, these toys provide a satisfying squish and a fun explosive surprise. Perfect for fidgeting, stress relief, and imaginative play. These unique squishy toys offer endless fun for kids and adults alike. With their adorable design and squishy texture, they are perfect for relieving stress and improving focus. Plus, with their exploding feature, they add an element of surprise and excitement to playtime. Made from high-quality materials for durability.",https://kawaiigoo.com/products/exploding-taiyaki-taba-squishy-toys?variant=53486520500408,https://kawaiigoo.com/products/exploding-taiyaki-taba-squishy-toys,https://cdn.shopify.com/s/files/1/0950/0069/0872/files/336a06a0-1_c333cb3a-3035-44c3-a222-598d3d614f07.webp?v=1779260632,"https://cdn.shopify.com/s/files/1/0950/0069/0872/files/5df71816-3_0b6d2ed2-991b-4d00-a3cf-d0712d23e186.webp?v=1779260632,https://cdn.shopify.com/s/files/1/0950/0069/0872/files/edaf5dbe-4_fa5f0482-cecf-4b93-976b-f3000aeecf33.webp?v=1779260631,https://cdn.shopify.com/s/files/1/0950/0069/0872/files/ed1ac990-5_87f90454-442f-4c90-9225-2c49b306d57f.webp?v=1779260632,https://cdn.shopify.com/s/files/1/0950/0069/0872/files/5cb62dd4-2_980ff160-123b-4ff8-9aaf-061794aa08ac.webp?v=1779260632,https://cdn.shopify.com/s/files/1/0950/0069/0872/files/2d7716e7-5_87f90454-442f-4c90-9225-2c49b306d57f.webp?v=1779260631,https://cdn.shopify.com/s/files/1/0950/0069/0872/files/a210b5ac-1_c333cb3a-3035-44c3-a222-598d3d614f07.webp?v=1779260631,https://cdn.shopify.com/s/files/1/0950/0069/0872/files/13b75b3e-2_980ff160-123b-4ff8-9aaf-061794aa08ac.webp?v=1779260631",19.99 USD,in stock,new,Kawaiigoo,Sensory Toys,1259,green,
shopify_US_10409936322744_53486520533176,10409936322744,Exploding Taiyaki Taba Squishy Toys,"Enhance your child's sensory experience with these Exploding Taiyaki Taba Squishy Toys. Made with safe and durable materials, these toys provide a satisfying squish and a fun explosive surprise. Perfect for fidgeting, stress relief, and imaginative play. These unique squishy toys offer endless fun for kids and adults alike. With their adorable design and squishy texture, they are perfect for relieving stress and improving focus. Plus, with their exploding feature, they add an element of surprise and excitement to playtime. Made from high-quality materials for durability.",https://kawaiigoo.com/products/exploding-taiyaki-taba-squishy-toys?variant=53486520533176,https://kawaiigoo.com/products/exploding-taiyaki-taba-squishy-toys,https://cdn.shopify.com/s/files/1/0950/0069/0872/files/5cb62dd4-2_980ff160-123b-4ff8-9aaf-061794aa08ac.webp?v=1779260632,"https://cdn.shopify.com/s/files/1/0950/0069/0872/files/5df71816-3_0b6d2ed2-991b-4d00-a3cf-d0712d23e186.webp?v=1779260632,https://cdn.shopify.com/s/files/1/0950/0069/0872/files/edaf5dbe-4_fa5f0482-cecf-4b93-976b-f3000aeecf33.webp?v=1779260631,https://cdn.shopify.com/s/files/1/0950/0069/0872/files/ed1ac990-5_87f90454-442f-4c90-9225-2c49b306d57f.webp?v=1779260632,https://cdn.shopify.com/s/files/1/0950/0069/0872/files/336a06a0-1_c333cb3a-3035-44c3-a222-598d3d614f07.webp?v=1779260632,https://cdn.shopify.com/s/files/1/0950/0069/0872/files/2d7716e7-5_87f90454-442f-4c90-9225-2c49b306d57f.webp?v=1779260631,https://cdn.shopify.com/s/files/1/0950/0069/0872/files/a210b5ac-1_c333cb3a-3035-44c3-a222-598d3d614f07.webp?v=1779260631,https://cdn.shopify.com/s/files/1/0950/0069/0872/files/13b75b3e-2_980ff160-123b-4ff8-9aaf-061794aa08ac.webp?v=1779260631",19.99 USD,in stock,new,Kawaiigoo,Sensory Toys,1259,blue,
shopify_US_10441953214648_53582150566072,10441953214648,Fruit Inspired Handmade Squishy Ball,"Designed for a gentle squeeze, this handmade squishy ball features a cute and simple aesthetic. It provides a calming sensory experience that’s great for stress relief, focus, and daily fidget use. ✨ Features Handcrafted unique design Easy to carry anywhere Adorable collectible item Diameter: 2.36 inches ⚠️ Special Notes Texture may gradually change over time. Handmade variations are natural. Do not puncture or overstretch. Not edible / Do not eat. Not suitable for children under 3 years old.",https://kawaiigoo.com/products/fruit-inspired-handmade-squishy-ball,https://kawaiigoo.com/products/fruit-inspired-handmade-squishy-ball,https://cdn.shopify.com/s/files/1/0950/0069/0872/files/A_3_3fb48b87-37a4-4025-8e49-d6a1ad20aa52.png?v=1781160985,,14.99 USD,in stock,new,Kawaiigoo,,1259,,
shopify_US_10453031289016_53620073463992,10453031289016,Glass Bottle Fruit Vaseline-like Handmade Squishy Ball Toy,"Squeeze into pure joy with this adorable handmade squishy ball toy. Shaped like a miniature glass bottle filled with fruit-inspired colors, this tactile treasure features a smooth, Vaseline-like texture that's irresistibly satisfying to touch and compress. Perfect for stress relief, sensory play, or collection display. Each piece is carefully crafted by hand, making it a unique addition to any toy collection. Ideal for kids and adults who love quirky, satisfying fidget toys.",https://kawaiigoo.com/products/glass-bottle-fruit-vaseline-like-handmade-squishy-ball-toy,https://kawaiigoo.com/products/glass-bottle-fruit-vaseline-like-handmade-squishy-ball-toy,https://cdn.shopify.com/s/files/1/0950/0069/0872/files/1040g00831uo8787d3m004b81spklnjt7vc3u6n0.jpg?v=1782257277,,14.99 USD,in stock,new,Kawaiigoo,Sensory Toys,1259,,
shopify_US_10421140127928_53518692778168,10421140127928,Goldfish Ice Sand Handmade Squishy Ball,"Add a little relaxation to your day with this adorable handmade goldfish squishy ball. Featuring a smooth ice-sand texture and soft, flexible feel, it delivers a satisfying squeeze that helps ease stress and keeps your hands busy anytime, anywhere. ✨ Features Handcrafted goldfish-inspired design Ice-sand texture for a unique tactile experience Relaxing stress-relief function Easy to carry around Cute desk companion Diameter: 2.36 inches ⚠️ Special Notes Not edible",https://kawaiigoo.com/products/goldfish-ice-sand-handmade-squishy-ball,https://kawaiigoo.com/products/goldfish-ice-sand-handmade-squishy-ball,https://cdn.shopify.com/s/files/1/0950/0069/0872/files/b_1_0a0242c7-f685-44d5-a585-8ba2f7132da7.png?v=1779958976,https://cdn.shopify.com/s/files/1/0950/0069/0872/files/b_2_c00b32e1-e171-464e-b37c-b178fac97270.png?v=1779958976,12.99 USD,in stock,new,Kawaiigoo,,1259,,
shopify_US_10463894110392_53697850900664,10463894110392,Grape Ice Crystal Handmade Squishy Ball,"Bring a burst of fun and relaxation with this grape ice crystal squishy ball. Its adorable design and satisfying squeeze make it a perfect stress-relief toy for work, study, or travel. A cute collectible that is both fun and functional. ✨ Features Eye-catching grape ice design Great for stress relief Portable everyday fidget toy Handmade unique item Diameter: 2.36 inches ⚠️ Notes Handmade variations are normal. May change slightly with use. Do not overstretch or puncture. Not edible. Not for children under 3 years old.",https://kawaiigoo.com/products/grape-ice-crystal-handmade-squishy-ball,https://kawaiigoo.com/products/grape-ice-crystal-handmade-squishy-ball,https://cdn.shopify.com/s/files/1/0950/0069/0872/files/ASMR_6333d113-7920-4518-b4c1-5c3f4d025bfb.png?v=1783240225,,14.99 USD,in stock,new,Kawaiigoo,Stuffed Animals,1259,,
shopify_US_10419871580344_53512306917560,10419871580344,Grape Yogurt Slush Handmade Squishy Ball,"Enjoy a refreshing sensory experience with this grape yogurt slush inspired handmade squishy. Designed to look like a chilled fruity dessert, it brings a fun and playful touch while offering a soft, satisfying squeeze that helps relieve stress and keep your hands busy. Carefully handmade with attention to detail, each piece has a unique texture and charming handmade feel. It measures approximately 2.36 inches in diameter, making it a perfect palm-sized companion for daily use, travel, or relaxing moments at home",https://kawaiigoo.com/products/grape-yogurt-slush-handmade-squishy-ball,https://kawaiigoo.com/products/grape-yogurt-slush-handmade-squishy-ball,https://cdn.shopify.com/s/files/1/0950/0069/0872/files/B_3_365b8e70-60fd-46b5-b605-ebd6034d7742.png?v=1779787272,"https://cdn.shopify.com/s/files/1/0950/0069/0872/files/B_2_5d626da5-2feb-4d97-9e6a-406f8dafb420.png?v=1779787272,https://cdn.shopify.com/s/files/1/0950/0069/0872/files/B_1_aad0185b-4d92-4fb4-a158-a3b2198ea0c0.png?v=1779787272",13.99 USD,in stock,new,Kawaiigoo,,1259,,
shopify_US_10421149860024_53518875787448,10421149860024,Green Bean Milk Smoothie Handmade Squishy Ball,"Brighten your day with this adorable handmade squishy ball. Its soft-touch texture and gentle squeeze feel make it a great choice for relaxation, fidgeting, and sensory enjoyment. ✨ Features Handcrafted-inspired style Stress-relieving sensory experience Compact and portable Cute and fun design Diameter: 2.36 inches ⚠️ Special Notes Not edible",https://kawaiigoo.com/products/green-bean-milk-smoothie-handmade-squishy-ball,https://kawaiigoo.com/products/green-bean-milk-smoothie-handmade-squishy-ball,https://cdn.shopify.com/s/files/1/0950/0069/0872/files/s_1.png?v=1779961609,https://cdn.shopify.com/s/files/1/0950/0069/0872/files/s_2.png?v=1779961609,14.99 USD,in stock,new,Kawaiigoo,,1259,,
shopify_US_10415326134456_53502038573240,10415326134456,Green Grape Slush Handmade Squishy Ball,"Bring home a calming sensory experience with our handmade squishy collection, designed for gentle squeezing, ASMR satisfaction, and stress relief. Each item is uniquely crafted for a fun tactile feel. ✨ Features: Handmade squishy design Soft and relaxing squeeze experience Textured sensory filling styles Ideal for ASMR and daily stress relief Sealed and carefully assembled Aesthetic collectible toy ⚠️ Important Notes: May develop air pockets after use. Slight handmade imperfections are normal. Keep away from heat and sharp objects. Not edible / Do not eat. Not suitable for children under 3 years old.",https://kawaiigoo.com/products/green-grape-slush-handmade-squishy-ball,https://kawaiigoo.com/products/green-grape-slush-handmade-squishy-ball,https://cdn.shopify.com/s/files/1/0950/0069/0872/files/1_2c5cfe0e-278b-4e91-90da-a0ea50a44bc9.png?v=1779611890,https://cdn.shopify.com/s/files/1/0950/0069/0872/files/2_1a779055-88eb-47cd-b788-96fa7a3c1394.png?v=1779611890,12.99 USD,in stock,new,Kawaiigoo,Stuffed Animals,1259,,
shopify_US_10422612459704_53523825262776,10422612459704,Green Plum Handmade Squishy Ball,"This handmade squishy ball brings joy and comfort with every squeeze! Soft and satisfying to touch, it's perfect for stress relief and fidget play. Inspired by green plum fruit, this adorable collectible features a refreshing, playful fruity design that fits perfectly in your pocket or bag. ✨ Features Cute handmade style Stress relief toy Easy to carry Adorable collectible design Diameter: 2.36 inches ⚠️ Special Notes Texture may change slightly with use. Handmade variations may occur. Do not puncture or over-stretch. Not edible / Do not eat. Not suitable for children under 3 years old.",https://kawaiigoo.com/products/green-plum-handmade-squishy-ball,https://kawaiigoo.com/products/green-plum-handmade-squishy-ball,https://cdn.shopify.com/s/files/1/0950/0069/0872/files/b_1_10309ac0-c7d4-4a88-9225-98ea04e56817.png?v=1780043791,,13.99 USD,in stock,new,Kawaiigoo,,1259,,
shopify_US_10409938878648_53486524301496,10409938878648,Green Transparent Taba Squishy Toys,"Green Transparent Taba Squishy Toys deliver a tactile and stress-reducing experience through their soft, pliable construction and clear design. Built to last, they offer a gratifying squish that supports hand muscle development and concentration. The bright green transparency provides a visually stimulating feature, making these toys perfect for sensory engagement and relaxation. Suitable for collectors, therapeutic use, or daily enjoyment, they blend practical function with visual charm. Green Transparent Taba Squishy Toys are made from resilient, soft silicone that delivers superior tactile sensation and aids in stress reduction. Their see-through green color improves visual appeal, making them perfect for sensory therapy or calming activities. Designed to withstand frequent squeezing, these squishies help strengthen hand muscles and promote relaxation, catering to collectors and those looking for reliable stress relief solutions.",https://kawaiigoo.com/products/green-transparent-taba-squishy-toys?variant=53486524301496,https://kawaiigoo.com/products/green-transparent-taba-squishy-toys,https://cdn.shopify.com/s/files/1/0950/0069/0872/files/aeed4d0e-4-1.webp?v=1779260639,"https://cdn.shopify.com/s/files/1/0950/0069/0872/files/f9c99fc1-1-3.webp?v=1779260639,https://cdn.shopify.com/s/files/1/0950/0069/0872/files/93417be9-3-2.webp?v=1779260638,https://cdn.shopify.com/s/files/1/0950/0069/0872/files/db35d26f-2-3.webp?v=1779260638,https://cdn.shopify.com/s/files/1/0950/0069/0872/files/45655566-5-1.webp?v=1779260639,https://cdn.shopify.com/s/files/1/0950/0069/0872/files/a7664d19-4-1.webp?v=1779260639,https://cdn.shopify.com/s/files/1/0950/0069/0872/files/62562f6d-1-3.webp?v=1779260638,https://cdn.shopify.com/s/files/1/0950/0069/0872/files/1ae2eab0-5-1.webp?v=1779260639,https://cdn.shopify.com/s/files/1/0950/0069/0872/files/60149d04-3-2.webp?v=1779260639,https://cdn.shopify.com/s/files/1/0950/0069/0872/files/fbf7de34-2-3.webp?v=1779260639",19.99 USD,in stock,new,Kawaiigoo,,1259,,Style 1
shopify_US_10409938878648_53486524334264,10409938878648,Green Transparent Taba Squishy Toys,"Green Transparent Taba Squishy Toys deliver a tactile and stress-reducing experience through their soft, pliable construction and clear design. Built to last, they offer a gratifying squish that supports hand muscle development and concentration. The bright green transparency provides a visually stimulating feature, making these toys perfect for sensory engagement and relaxation. Suitable for collectors, therapeutic use, or daily enjoyment, they blend practical function with visual charm. Green Transparent Taba Squishy Toys are made from resilient, soft silicone that delivers superior tactile sensation and aids in stress reduction. Their see-through green color improves visual appeal, making them perfect for sensory therapy or calming activities. Designed to withstand frequent squeezing, these squishies help strengthen hand muscles and promote relaxation, catering to collectors and those looking for reliable stress relief solutions.",https://kawaiigoo.com/products/green-transparent-taba-squishy-toys?variant=53486524334264,https://kawaiigoo.com/products/green-transparent-taba-squishy-toys,https://cdn.shopify.com/s/files/1/0950/0069/0872/files/45655566-5-1.webp?v=1779260639,"https://cdn.shopify.com/s/files/1/0950/0069/0872/files/f9c99fc1-1-3.webp?v=1779260639,https://cdn.shopify.com/s/files/1/0950/0069/0872/files/93417be9-3-2.webp?v=1779260638,https://cdn.shopify.com/s/files/1/0950/0069/0872/files/db35d26f-2-3.webp?v=1779260638,https://cdn.shopify.com/s/files/1/0950/0069/0872/files/a7664d19-4-1.webp?v=1779260639,https://cdn.shopify.com/s/files/1/0950/0069/0872/files/62562f6d-1-3.webp?v=1779260638,https://cdn.shopify.com/s/files/1/0950/0069/0872/files/1ae2eab0-5-1.webp?v=1779260639,https://cdn.shopify.com/s/files/1/0950/0069/0872/files/aeed4d0e-4-1.webp?v=1779260639,https://cdn.shopify.com/s/files/1/0950/0069/0872/files/60149d04-3-2.webp?v=1779260639,https://cdn.shopify.com/s/files/1/0950/0069/0872/files/fbf7de34-2-3.webp?v=1779260639",19.99 USD,in stock,new,Kawaiigoo,,1259,,Style 2
shopify_US_10409938878648_53486524367032,10409938878648,Green Transparent Taba Squishy Toys,"Green Transparent Taba Squishy Toys deliver a tactile and stress-reducing experience through their soft, pliable construction and clear design. Built to last, they offer a gratifying squish that supports hand muscle development and concentration. The bright green transparency provides a visually stimulating feature, making these toys perfect for sensory engagement and relaxation. Suitable for collectors, therapeutic use, or daily enjoyment, they blend practical function with visual charm. Green Transparent Taba Squishy Toys are made from resilient, soft silicone that delivers superior tactile sensation and aids in stress reduction. Their see-through green color improves visual appeal, making them perfect for sensory therapy or calming activities. Designed to withstand frequent squeezing, these squishies help strengthen hand muscles and promote relaxation, catering to collectors and those looking for reliable stress relief solutions.",https://kawaiigoo.com/products/green-transparent-taba-squishy-toys?variant=53486524367032,https://kawaiigoo.com/products/green-transparent-taba-squishy-toys,https://cdn.shopify.com/s/files/1/0950/0069/0872/files/fbf7de34-2-3.webp?v=1779260639,"https://cdn.shopify.com/s/files/1/0950/0069/0872/files/f9c99fc1-1-3.webp?v=1779260639,https://cdn.shopify.com/s/files/1/0950/0069/0872/files/93417be9-3-2.webp?v=1779260638,https://cdn.shopify.com/s/files/1/0950/0069/0872/files/db35d26f-2-3.webp?v=1779260638,https://cdn.shopify.com/s/files/1/0950/0069/0872/files/45655566-5-1.webp?v=1779260639,https://cdn.shopify.com/s/files/1/0950/0069/0872/files/a7664d19-4-1.webp?v=1779260639,https://cdn.shopify.com/s/files/1/0950/0069/0872/files/62562f6d-1-3.webp?v=1779260638,https://cdn.shopify.com/s/files/1/0950/0069/0872/files/1ae2eab0-5-1.webp?v=1779260639,https://cdn.shopify.com/s/files/1/0950/0069/0872/files/aeed4d0e-4-1.webp?v=1779260639,https://cdn.shopify.com/s/files/1/0950/0069/0872/files/60149d04-3-2.webp?v=1779260639",26.99 USD,in stock,new,Kawaiigoo,,1259,,Style 3
shopify_US_10409938878648_53486524399800,10409938878648,Green Transparent Taba Squishy Toys,"Green Transparent Taba Squishy Toys deliver a tactile and stress-reducing experience through their soft, pliable construction and clear design. Built to last, they offer a gratifying squish that supports hand muscle development and concentration. The bright green transparency provides a visually stimulating feature, making these toys perfect for sensory engagement and relaxation. Suitable for collectors, therapeutic use, or daily enjoyment, they blend practical function with visual charm. Green Transparent Taba Squishy Toys are made from resilient, soft silicone that delivers superior tactile sensation and aids in stress reduction. Their see-through green color improves visual appeal, making them perfect for sensory therapy or calming activities. Designed to withstand frequent squeezing, these squishies help strengthen hand muscles and promote relaxation, catering to collectors and those looking for reliable stress relief solutions.",https://kawaiigoo.com/products/green-transparent-taba-squishy-toys?variant=53486524399800,https://kawaiigoo.com/products/green-transparent-taba-squishy-toys,https://cdn.shopify.com/s/files/1/0950/0069/0872/files/93417be9-3-2.webp?v=1779260638,"https://cdn.shopify.com/s/files/1/0950/0069/0872/files/f9c99fc1-1-3.webp?v=1779260639,https://cdn.shopify.com/s/files/1/0950/0069/0872/files/db35d26f-2-3.webp?v=1779260638,https://cdn.shopify.com/s/files/1/0950/0069/0872/files/45655566-5-1.webp?v=1779260639,https://cdn.shopify.com/s/files/1/0950/0069/0872/files/a7664d19-4-1.webp?v=1779260639,https://cdn.shopify.com/s/files/1/0950/0069/0872/files/62562f6d-1-3.webp?v=1779260638,https://cdn.shopify.com/s/files/1/0950/0069/0872/files/1ae2eab0-5-1.webp?v=1779260639,https://cdn.shopify.com/s/files/1/0950/0069/0872/files/aeed4d0e-4-1.webp?v=1779260639,https://cdn.shopify.com/s/files/1/0950/0069/0872/files/60149d04-3-2.webp?v=1779260639,https://cdn.shopify.com/s/files/1/0950/0069/0872/files/fbf7de34-2-3.webp?v=1779260639",26.99 USD,in stock,new,Kawaiigoo,,1259,,Style 4
shopify_US_10409938878648_53486524432568,10409938878648,Green Transparent Taba Squishy Toys,"Green Transparent Taba Squishy Toys deliver a tactile and stress-reducing experience through their soft, pliable construction and clear design. Built to last, they offer a gratifying squish that supports hand muscle development and concentration. The bright green transparency provides a visually stimulating feature, making these toys perfect for sensory engagement and relaxation. Suitable for collectors, therapeutic use, or daily enjoyment, they blend practical function with visual charm. Green Transparent Taba Squishy Toys are made from resilient, soft silicone that delivers superior tactile sensation and aids in stress reduction. Their see-through green color improves visual appeal, making them perfect for sensory therapy or calming activities. Designed to withstand frequent squeezing, these squishies help strengthen hand muscles and promote relaxation, catering to collectors and those looking for reliable stress relief solutions.",https://kawaiigoo.com/products/green-transparent-taba-squishy-toys?variant=53486524432568,https://kawaiigoo.com/products/green-transparent-taba-squishy-toys,https://cdn.shopify.com/s/files/1/0950/0069/0872/files/62562f6d-1-3.webp?v=1779260638,"https://cdn.shopify.com/s/files/1/0950/0069/0872/files/f9c99fc1-1-3.webp?v=1779260639,https://cdn.shopify.com/s/files/1/0950/0069/0872/files/93417be9-3-2.webp?v=1779260638,https://cdn.shopify.com/s/files/1/0950/0069/0872/files/db35d26f-2-3.webp?v=1779260638,https://cdn.shopify.com/s/files/1/0950/0069/0872/files/45655566-5-1.webp?v=1779260639,https://cdn.shopify.com/s/files/1/0950/0069/0872/files/a7664d19-4-1.webp?v=1779260639,https://cdn.shopify.com/s/files/1/0950/0069/0872/files/1ae2eab0-5-1.webp?v=1779260639,https://cdn.shopify.com/s/files/1/0950/0069/0872/files/aeed4d0e-4-1.webp?v=1779260639,https://cdn.shopify.com/s/files/1/0950/0069/0872/files/60149d04-3-2.webp?v=1779260639,https://cdn.shopify.com/s/files/1/0950/0069/0872/files/fbf7de34-2-3.webp?v=1779260639",32.99 USD,in stock,new,Kawaiigoo,,1259,,Style 5
shopify_US_10414293876920_53499524841656,10414293876920,Handmade Banana Squishy Ball Stress Relief Toy,"Add a playful touch to your collection with this handmade banana-shaped squishy ball. Designed with a cute and simple fruit-inspired look, it offers a soft and satisfying squeeze that makes it perfect for stress relief, fidgeting, or simply relaxing your hands throughout the day. Each piece is carefully handmade, giving it a unique texture and charming handmade feel. Compact and easy to carry, it fits perfectly in your bag or desk space. Whether used for focus, relaxation, or as a fun gift, this banana squishy ball brings both comfort and a touch of joy to everyday life.",https://kawaiigoo.com/products/handmade-banana-squishy-ball-stress-relief-toy,https://kawaiigoo.com/products/handmade-banana-squishy-ball-stress-relief-toy,https://cdn.shopify.com/s/files/1/0950/0069/0872/files/b_2_e426c11a-5129-4cf8-b7b0-236362356d6f.png?v=1779526055,"https://cdn.shopify.com/s/files/1/0950/0069/0872/files/b_1_dcbb26c0-1165-4c06-99f4-e4994c2503bf.png?v=1779526055,https://cdn.shopify.com/s/files/1/0950/0069/0872/files/b_3_2901552a-d15e-4ecc-8109-daecea1c0134.png?v=1779526055,https://cdn.shopify.com/s/files/1/0950/0069/0872/files/b_4.png?v=1779526055",18.99 USD,in stock,new,Kawaiigoo,,1259,,
shopify_US_10421143339192_53518789378232,10421143339192,Handmade Bear Squishy Ball,"Bring a satisfying squeeze to your daily routine with this handmade bear squishy ball. Featuring a soft-touch finish and an adorable bear-inspired design, it’s a fun and relaxing companion for work or moments of downtime. ✨ Features Handmade-inspired design Comfortable, satisfying squeeze feel Compact and portable Cute collectible appearance Diameter: 2.36 inches ⚠️ Special Notes Not edible",https://kawaiigoo.com/products/handmade-bear-squishy-ball,https://kawaiigoo.com/products/handmade-bear-squishy-ball,https://cdn.shopify.com/s/files/1/0950/0069/0872/files/a_1_8d6fd503-ef62-43a9-b1e5-b3acfebad202.png?v=1779959735,https://cdn.shopify.com/s/files/1/0950/0069/0872/files/a_2_a59af3cf-4b11-4267-ba8b-4624173c4c31.png?v=1779959735,14.99 USD,in stock,new,Kawaiigoo,,1259,,
shopify_US_10420491583672_53515851366584,10420491583672,Handmade Corn Cheese Squishy Ball,"Enjoy a calming and satisfying squeeze with this handmade squishy ball. Crafted with a smooth, soft-touch texture and an adorable appearance, it provides a relaxing tactile experience that is perfect for stress relief, desk play, or everyday fidgeting. ✨ Features Unique handmade style Stress-relieving sensory experience Easy to carry anywhere Cute and collectible design Diameter: 2.36 inches ⚠️ Special Notes Not edible",https://kawaiigoo.com/products/handmade-corn-cheese-squishy-ball,https://kawaiigoo.com/products/handmade-corn-cheese-squishy-ball,https://cdn.shopify.com/s/files/1/0950/0069/0872/files/A_1_52dc1441-2ea3-4726-801e-777007c7b7b5.png?v=1779870731,https://cdn.shopify.com/s/files/1/0950/0069/0872/files/A_2_e64aef05-0c5c-4cf1-be70-d8e712485aa5.png?v=1779870731,14.99 USD,in stock,new,Kawaiigoo,,1259,,
shopify_US_10458425229496_53673975054520,10458425229496,Handmade Crispy Durian Clay Cracking Squishy Toy,"Squeeze away stress with this adorable handmade crispy durian clay cracking squishy ball. Perfectly sized for a satisfying burst, it's your ideal companion for intense tactile relaxation and ASMR play. Each piece is uniquely crafted by hand, featuring a distinct durian fruit aesthetic that is as quirky as it is fun. Give it a firm squeeze to pop the inner crunchy shell layer for an incredibly satisfying, oddly satisfying release. ✨ Features Satisfying pop-and-crunch tactile feedback Perfect for deep stress relief, anxiety management, and ASMR crunching ⚠️ Special Notes Not edible / Do not eat (despite looking like a delicious durian!).",https://kawaiigoo.com/products/handmade-crispy-durian-clay-cracking-squishy-toy,https://kawaiigoo.com/products/handmade-crispy-durian-clay-cracking-squishy-toy,https://cdn.shopify.com/s/files/1/0950/0069/0872/files/imgi_1_104100ao321pmcaginu06d3rqmfh000000000009he62mq.jpg?v=1782808450,,14.99 USD,in stock,new,Kawaiigoo,Stuffed Animals,1259,,
shopify_US_10414274937016_53499393769656,10414274937016,Handmade Crystal Fruit Squishy Ball Stress Toy,"Bring a touch of refreshing sweetness to your collection with this handmade squishy ball. Designed with a crystal-clear glass-like fruit aesthetic, it resembles a tiny gem while offering a soft and satisfying squeeze. Perfect for fidgeting, stress relief, or simply adding a cute and calming accent to your desk or space. Each piece is carefully handmade, giving it a unique texture and natural charm. Whether used as a sensory toy for relaxation or given as a thoughtful gift, this fruit-inspired design blends playfulness with a touch of elegance. Compact and easy to carry, it provides instant comfort whenever you need it.",https://kawaiigoo.com/products/handmade-crystal-fruit-squishy-ball-stress-toy?variant=53499393769656,https://kawaiigoo.com/products/handmade-crystal-fruit-squishy-ball-stress-toy,https://cdn.shopify.com/s/files/1/0950/0069/0872/files/A_1_221aa725-4e24-4567-9f27-5af3167e4384.png?v=1779523527,"https://cdn.shopify.com/s/files/1/0950/0069/0872/files/A_2_bee50080-3bb0-403c-8d06-c95e6d40f853.png?v=1779523527,https://cdn.shopify.com/s/files/1/0950/0069/0872/files/A_3_10f0d575-233b-4bcd-b2e6-0bf9c6adf963.png?v=1779523526,https://cdn.shopify.com/s/files/1/0950/0069/0872/files/A_4_6eee1de2-db92-4789-87be-d0fd77ca75e8.png?v=1779523527,https://cdn.shopify.com/s/files/1/0950/0069/0872/files/A_5_4b241f51-7619-4b8d-aded-afd881b62f11.png?v=1779523527",14.99 USD,in stock,new,Kawaiigoo,,1259,Purple,
shopify_US_10414274937016_53499393802424,10414274937016,Handmade Crystal Fruit Squishy Ball Stress Toy,"Bring a touch of refreshing sweetness to your collection with this handmade squishy ball. Designed with a crystal-clear glass-like fruit aesthetic, it resembles a tiny gem while offering a soft and satisfying squeeze. Perfect for fidgeting, stress relief, or simply adding a cute and calming accent to your desk or space. Each piece is carefully handmade, giving it a unique texture and natural charm. Whether used as a sensory toy for relaxation or given as a thoughtful gift, this fruit-inspired design blends playfulness with a touch of elegance. Compact and easy to carry, it provides instant comfort whenever you need it.",https://kawaiigoo.com/products/handmade-crystal-fruit-squishy-ball-stress-toy?variant=53499393802424,https://kawaiigoo.com/products/handmade-crystal-fruit-squishy-ball-stress-toy,https://cdn.shopify.com/s/files/1/0950/0069/0872/files/A_4_6eee1de2-db92-4789-87be-d0fd77ca75e8.png?v=1779523527,"https://cdn.shopify.com/s/files/1/0950/0069/0872/files/A_1_221aa725-4e24-4567-9f27-5af3167e4384.png?v=1779523527,https://cdn.shopify.com/s/files/1/0950/0069/0872/files/A_2_bee50080-3bb0-403c-8d06-c95e6d40f853.png?v=1779523527,https://cdn.shopify.com/s/files/1/0950/0069/0872/files/A_3_10f0d575-233b-4bcd-b2e6-0bf9c6adf963.png?v=1779523526,https://cdn.shopify.com/s/files/1/0950/0069/0872/files/A_5_4b241f51-7619-4b8d-aded-afd881b62f11.png?v=1779523527",14.99 USD,in stock,new,Kawaiigoo,,1259,Red,
shopify_US_10414274937016_53499393835192,10414274937016,Handmade Crystal Fruit Squishy Ball Stress Toy,"Bring a touch of refreshing sweetness to your collection with this handmade squishy ball. Designed with a crystal-clear glass-like fruit aesthetic, it resembles a tiny gem while offering a soft and satisfying squeeze. Perfect for fidgeting, stress relief, or simply adding a cute and calming accent to your desk or space. Each piece is carefully handmade, giving it a unique texture and natural charm. Whether used as a sensory toy for relaxation or given as a thoughtful gift, this fruit-inspired design blends playfulness with a touch of elegance. Compact and easy to carry, it provides instant comfort whenever you need it.",https://kawaiigoo.com/products/handmade-crystal-fruit-squishy-ball-stress-toy?variant=53499393835192,https://kawaiigoo.com/products/handmade-crystal-fruit-squishy-ball-stress-toy,https://cdn.shopify.com/s/files/1/0950/0069/0872/files/A_3_10f0d575-233b-4bcd-b2e6-0bf9c6adf963.png?v=1779523526,"https://cdn.shopify.com/s/files/1/0950/0069/0872/files/A_1_221aa725-4e24-4567-9f27-5af3167e4384.png?v=1779523527,https://cdn.shopify.com/s/files/1/0950/0069/0872/files/A_2_bee50080-3bb0-403c-8d06-c95e6d40f853.png?v=1779523527,https://cdn.shopify.com/s/files/1/0950/0069/0872/files/A_4_6eee1de2-db92-4789-87be-d0fd77ca75e8.png?v=1779523527,https://cdn.shopify.com/s/files/1/0950/0069/0872/files/A_5_4b241f51-7619-4b8d-aded-afd881b62f11.png?v=1779523527",14.99 USD,in stock,new,Kawaiigoo,,1259,Pink,
shopify_US_10414274937016_53499393867960,10414274937016,Handmade Crystal Fruit Squishy Ball Stress Toy,"Bring a touch of refreshing sweetness to your collection with this handmade squishy ball. Designed with a crystal-clear glass-like fruit aesthetic, it resembles a tiny gem while offering a soft and satisfying squeeze. Perfect for fidgeting, stress relief, or simply adding a cute and calming accent to your desk or space. Each piece is carefully handmade, giving it a unique texture and natural charm. Whether used as a sensory toy for relaxation or given as a thoughtful gift, this fruit-inspired design blends playfulness with a touch of elegance. Compact and easy to carry, it provides instant comfort whenever you need it.",https://kawaiigoo.com/products/handmade-crystal-fruit-squishy-ball-stress-toy?variant=53499393867960,https://kawaiigoo.com/products/handmade-crystal-fruit-squishy-ball-stress-toy,https://cdn.shopify.com/s/files/1/0950/0069/0872/files/A_2_bee50080-3bb0-403c-8d06-c95e6d40f853.png?v=1779523527,"https://cdn.shopify.com/s/files/1/0950/0069/0872/files/A_1_221aa725-4e24-4567-9f27-5af3167e4384.png?v=1779523527,https://cdn.shopify.com/s/files/1/0950/0069/0872/files/A_3_10f0d575-233b-4bcd-b2e6-0bf9c6adf963.png?v=1779523526,https://cdn.shopify.com/s/files/1/0950/0069/0872/files/A_4_6eee1de2-db92-4789-87be-d0fd77ca75e8.png?v=1779523527,https://cdn.shopify.com/s/files/1/0950/0069/0872/files/A_5_4b241f51-7619-4b8d-aded-afd881b62f11.png?v=1779523527",14.99 USD,in stock,new,Kawaiigoo,,1259,Yellow,
shopify_US_10419885146296_53512435368120,10419885146296,Handmade Grapefruit Squishy Ball,"Add a refreshing citrus vibe to your day with this handmade grapefruit-inspired squishy ball. Featuring a soft, jelly-like texture and a juicy fruit design, it delivers a satisfying squeeze that helps relieve stress and keeps your hands happily occupied. Individually handcrafted, each squishy has its own unique charm with slight variations that make every piece one of a kind. Measuring approximately 2.36 inches in diameter, it fits comfortably in your palm—perfect for daily relaxation, fidgeting, or gifting.",https://kawaiigoo.com/products/handmade-grapefruit-squishy-ball,https://kawaiigoo.com/products/handmade-grapefruit-squishy-ball,https://cdn.shopify.com/s/files/1/0950/0069/0872/files/1_133db964-bd11-4252-85c3-5fed7a7c1eb5.png?v=1779788617,https://cdn.shopify.com/s/files/1/0950/0069/0872/files/2_7fb34e5c-8ec1-4766-9578-afd2bf37027c.png?v=1779788617,13.99 USD,in stock,new,Kawaiigoo,,1259,,
shopify_US_10453033124024_53620085522616,10453033124024,Handmade Green Fruit Clay Cracking Squishy Ball Crispy ASMR Stress Relief Squeeze Toy,"Squeeze away stress with this adorable handmade green fruit clay cracking squishy ball. Perfectly sized for a satisfying burst, it's your ideal companion for intense tactile relaxation and ASMR play. Each piece is uniquely crafted by hand, featuring a vibrant green fruit aesthetic that looks as refreshing as it feels. Give it a firm squeeze to pop the inner crunchy shell layer for an incredibly satisfying, stress-relieving release. ✨ Features Handmade green fruit ""crispy skin"" cracking style Satisfying pop-and-crunch tactile feedback Dual-texture experience combining a breakable shell with a soft inner core Perfect for deep stress relief, anxiety management, and ASMR crunching Beautiful pastel green aesthetic ⚠️ Special Notes Not edible / Do not eat.",https://kawaiigoo.com/products/handmade-green-fruit-clay-cracking-squishy-ball-crispy-asmr-stress-relief-squeeze-toy,https://kawaiigoo.com/products/handmade-green-fruit-clay-cracking-squishy-ball-crispy-asmr-stress-relief-squeeze-toy,https://cdn.shopify.com/s/files/1/0950/0069/0872/files/imgi_1_1040g0o031urqs72u34705o11uedg88ss9gls4ao.jpg?v=1782258241,,12.99 USD,in stock,new,Kawaiigoo,Stuffed Animals,1259,,
shopify_US_10473186164920_53735539671224,10473186164920,Handmade Green Grape Jelly Bar Clay Cracking Squishy Bag,"Squeeze away stress with this adorable handmade green grape jelly bar clay cracking squishy bag. Perfectly sized for a satisfying burst, it's your ideal companion for intense tactile relaxation and ASMR play. Each piece is uniquely crafted by hand, featuring a refreshing, translucent green grape jelly aesthetic sealed right inside its own clear pocket bag. Give it a firm squeeze to pop the inner crunchy shell layer for an incredibly satisfying, oddly satisfying release. ✨ Features Handmade green grape jelly bar ""crispy skin"" cracking style Satisfying pop-and-crunch tactile feedback Dual-texture experience combining a breakable shell with a soft inner core Securely bound and sealed inside a clear protective pocket bag Perfect for deep stress relief, anxiety management, and ASMR crunching Vibrant, aesthetic green grape jelly design ⚠️ Special Notes Not edible / Do not eat.",https://kawaiigoo.com/products/handmade-green-grape-jelly-bar-clay-cracking-squishy-bag,https://kawaiigoo.com/products/handmade-green-grape-jelly-bar-clay-cracking-squishy-bag,https://cdn.shopify.com/s/files/1/0950/0069/0872/files/imgi_1_104103ng31treifhrn8amipe7esjvk0000000007knihm6.jpg?v=1783653748,,14.99 USD,in stock,new,Kawaiigoo,Sensory Toys,1259,,
shopify_US_10414291779768_53499488633016,10414291779768,Handmade Green Stress Ball Fidget Toy,"Bring a calming touch of green to your daily routine with this handmade stress ball filled with small beads inside. The soft, flexible exterior combined with the gentle bead movement creates a satisfying sensory experience, perfect for squeezing, fidgeting, and relieving stress. Each piece is carefully handmade, giving it a unique texture and natural feel. The bead-filled interior adds subtle movement and a relaxing tactile sensation, making it ideal for focus, anxiety relief, or simply keeping your hands busy throughout the day. Compact and easy to carry, it’s a simple yet effective everyday stress-relief companion.",https://kawaiigoo.com/products/handmade-green-stress-ball-fidget-toy,https://kawaiigoo.com/products/handmade-green-stress-ball-fidget-toy,https://cdn.shopify.com/s/files/1/0950/0069/0872/files/A_3_f33a463e-0e1e-483d-aea9-27d3fb50340a.png?v=1779525328,"https://cdn.shopify.com/s/files/1/0950/0069/0872/files/A_2_09799344-bc9a-4205-9bc1-68d5bfe6b887.png?v=1779525328,https://cdn.shopify.com/s/files/1/0950/0069/0872/files/A_1_b6383bcf-de6b-4c99-a71a-21249ac53a4b.png?v=1779525328",13.99 USD,in stock,new,Kawaiigoo,,1259,,
shopify_US_10511863644344_53861741887672,10511863644344,Handmade Ice-Skin Cheese Squishy Toy,"Get ready for the ultimate ASMR sensory fix! The Handmade Ice-Skin Coconut Cheese Squishy combines the soft, cool feel of ice-skin pastry with a super moldable, clay-like squeeze. Made with a premium Vaseline-infused base, this squishy offers a smooth, semi-translucent look and a unique non-rising texture that holds every dent, squish, and shape you give it. Unwind after a long day, keep your hands busy during focus time, or show off its satisfying texture in your next ASMR video! ✨ Why You’ll Love It Satisfying Non-Rising Squeeze: Squeeze it flat or press deep thumbprints into it—it won't bounce back right away, giving you total control to mold and reshape it! Velvety Vaseline Touch: Formulated with a Vaseline base for a soft, silky feel that never feels sticky. Aesthetic &amp; Aesthetic ASMR Ready: Translucent pastel tones with realistic cheese-cube details look gorgeous on any desk or video setup. Handcrafted Care: Individually made with high-grade, durable TPR/Vaseline compound for long-lasting squish sessions. Perfect Handheld Size: Measuring 7cm , it’s the ideal size for a comfortable one-handed or two-handed crush. 📦 Product Details Size: 7 cm × 7 cm (Cube) Texture: Moldable / Slow-Recovery Putty Feel Base Material: Vaseline Compound / TPR Best For: Stress Relief, Fidgeting, ASMR, Desk Decor, Squishy Collectors",https://kawaiigoo.com/products/handmade-ice-skin-cheese-squishy-toy,https://kawaiigoo.com/products/handmade-ice-skin-cheese-squishy-toy,https://cdn.shopify.com/s/files/1/0950/0069/0872/files/HandmadeIce-SkinCheeseSquishyToy_1.jpg?v=1785998122,https://cdn.shopify.com/s/files/1/0950/0069/0872/files/HandmadeIce-SkinCheeseSquishyToy_2.jpg?v=1785998122,14.99 USD,in stock,new,Kawaiigoo,Sensory Toys,1259,,
shopify_US_10420491714744_53515852284088,10420491714744,Handmade Pineapple Milk Ice Squishy Ball,"This handmade squishy ball is designed to bring a fun and relaxing sensory experience with every squeeze. Featuring a cute and playful design with a soft, jelly-like texture, it offers a satisfying feel that helps relieve stress and keeps your hands busy throughout the day. ✨ Features Unique handmade style Stress-relieving sensory experience Easy to carry anywhere Cute and collectible design Diameter: 2.36 inches ⚠️ Special Notes Not edible",https://kawaiigoo.com/products/handmade-pineapple-milk-ice-squishy-ball,https://kawaiigoo.com/products/handmade-pineapple-milk-ice-squishy-ball,https://cdn.shopify.com/s/files/1/0950/0069/0872/files/C_2_188f63a7-a113-4b1e-823a-9cd8ba45a5e3.png?v=1779873456,https://cdn.shopify.com/s/files/1/0950/0069/0872/files/C_1_1c99e86b-bac9-47f5-b4f3-529ed48d7cbe.png?v=1779873456,14.99 USD,in stock,new,Kawaiigoo,,1259,,
shopify_US_10463863767224_53697789100216,10463863767224,Handmade Sea Salt Jelly Bar Clay Cracking Squishy Bag,"Squeeze away stress with this adorable handmade sea salt jelly bar clay cracking squishy bag. Perfectly sized for a satisfying burst, it's your ideal companion for intense tactile relaxation and ASMR play. Each piece is uniquely crafted by hand, featuring a refreshing, translucent sea salt jelly aesthetic sealed right inside its own clear pocket bag. Give it a firm squeeze to pop the inner crunchy shell layer for an incredibly satisfying, oddly satisfying release. ✨ Features Handmade sea salt jelly bar ""crispy skin"" cracking style Satisfying pop-and-crunch tactile feedback Dual-texture experience combining a breakable shell with a soft inner core ⚠️ Special Notes Not edible / Do not eat.",https://kawaiigoo.com/products/handmade-sea-salt-jelly-bar-clay-cracking-squishy-bag,https://kawaiigoo.com/products/handmade-sea-salt-jelly-bar-clay-cracking-squishy-bag,https://cdn.shopify.com/s/files/1/0950/0069/0872/files/imgi_1_104103ng31tihn8uv5s8mipe7esjvk0000000006tnhctq.jpg?v=1783232267,,14.99 USD,in stock,new,Kawaiigoo,Sensory Toys,1259,,
shopify_US_10482559058104_53776636281016,10482559058104,Handmade Strawberry Candy Clay Cracking Squishy Bag Crispy Popping,"Squeeze away stress with this adorable handmade strawberry candy clay cracking squishy bag. Perfectly sized for a satisfying burst, it's your ideal companion for intense tactile relaxation and ASMR play. Each piece is uniquely crafted by hand, featuring cute mini red strawberry-inspired candy balls with tiny seed details sealed inside a frosted translucent pocket bag. ✨ Features Handmade mini strawberry ""crispy skin"" cracking style",https://kawaiigoo.com/products/handmade-strawberry-candy-clay-cracking-squishy-bag-crispy-popping,https://kawaiigoo.com/products/handmade-strawberry-candy-clay-cracking-squishy-bag-crispy-popping,https://cdn.shopify.com/s/files/1/0950/0069/0872/files/imgi_1_104100ao31s8540m3m806cqks3vhg00000000009ep77sg.jpg?v=1784193314,https://cdn.shopify.com/s/files/1/0950/0069/0872/files/imgi_2_104100ao31s8540m3m80mcqks3vhg0000000000b631h80.jpg?v=1784193314,14.99 USD,in stock,new,Kawaiigoo,Sensory Toys,1259,,
shopify_US_10419874988216_53512361148600,10419874988216,Handmade Strawberry Squishy Ball,"Bring a sweet and playful touch to your day with this handmade strawberry-inspired squishy ball. Designed with a cute fruit look and a soft, jelly-like texture, it offers a satisfying squeeze that helps ease stress and keeps your hands comfortably engaged. Each piece is individually handmade, giving it a unique and charming finish. Measuring approximately 2.36 inches in diameter, it is perfectly sized to fit in your palm, easy to carry, and ideal for relaxing, fidgeting, or gifting.",https://kawaiigoo.com/products/handmade-strawberry-squishy-ball,https://kawaiigoo.com/products/handmade-strawberry-squishy-ball,https://cdn.shopify.com/s/files/1/0950/0069/0872/files/A_3_c6712c72-9212-400e-9176-48e8a69fa66b.png?v=1779787480,"https://cdn.shopify.com/s/files/1/0950/0069/0872/files/A_2_1eb2fa14-1227-40c5-88a9-b7fe2a48ba05.png?v=1779787481,https://cdn.shopify.com/s/files/1/0950/0069/0872/files/A_1_591c9492-baa7-4d41-96b8-62e0c67dbc5b.png?v=1779787480",13.99 USD,in stock,new,Kawaiigoo,,1259,,
shopify_US_10409936683192_53486521254072,10409936683192,Handmade Stress Ball Squishy Toys,"Discover the ultimate stress relief experience with our Handmade Stress Ball Squishy Toys. Crafted to replicate the soft and malleable feel of glutinous rice, this sensory toy delivers a uniquely gratifying squish with each squeeze. Ideal for reducing anxiety, decompressing after a tiring day, or just for pure enjoyment, this stress ball is handmade and suitable for all ages. The Handmade Stress Ball Squishy Toys can provide a relaxing break and a feeling of relief. Experience its soothing effects for yourself today!",https://kawaiigoo.com/products/handmade-stress-ball-squishy-toys?variant=53486521254072,https://kawaiigoo.com/products/handmade-stress-ball-squishy-toys,https://cdn.shopify.com/s/files/1/0950/0069/0872/files/621da01b-8_4886bc37-8004-4103-b6eb-6a8694464a58.png?v=1779260632,"https://cdn.shopify.com/s/files/1/0950/0069/0872/files/174a7acd-1_0aafed60-6aea-48a5-a84e-690ecbfe06f7.webp?v=1779260631,https://cdn.shopify.com/s/files/1/0950/0069/0872/files/164bb495-2_7eb08dcb-ba20-463c-b47c-87f819e1f748.webp?v=1779260632,https://cdn.shopify.com/s/files/1/0950/0069/0872/files/78f633b3-7_8a046018-9f45-495f-acf5-a0374a8a770e.webp?v=1779260632,https://cdn.shopify.com/s/files/1/0950/0069/0872/files/08c9d399-6_eca63f43-f94f-4273-a20b-a7e9f713d424.png?v=1779260632,https://cdn.shopify.com/s/files/1/0950/0069/0872/files/e0c97364-9_d3b7653b-14d7-4c09-9429-7842ddc78a0c.png?v=1779260632,https://cdn.shopify.com/s/files/1/0950/0069/0872/files/56271f7f-10_4c995213-e467-476f-a30b-ee05cadce7ed.png?v=1779260632,https://cdn.shopify.com/s/files/1/0950/0069/0872/files/a9571744-11_75370184-3e71-4a19-8499-f7130b9644aa.png?v=1779260632,https://cdn.shopify.com/s/files/1/0950/0069/0872/files/5fab66ce-12_e9548842-18d2-4ce7-8847-cddb484fab1f.png?v=1779260632,https://cdn.shopify.com/s/files/1/0950/0069/0872/files/a4862a05-13_825b25ab-cfd0-4c83-bfaa-27e62c83d381.png?v=1779260632,https://cdn.shopify.com/s/files/1/0950/0069/0872/files/355d92a7-8_4886bc37-8004-4103-b6eb-6a8694464a58.png?v=1779260632",9.99 USD,in stock,new,Kawaiigoo,,1259,blue,
shopify_US_10409936683192_53486521286840,10409936683192,Handmade Stress Ball Squishy Toys,"Discover the ultimate stress relief experience with our Handmade Stress Ball Squishy Toys. Crafted to replicate the soft and malleable feel of glutinous rice, this sensory toy delivers a uniquely gratifying squish with each squeeze. Ideal for reducing anxiety, decompressing after a tiring day, or just for pure enjoyment, this stress ball is handmade and suitable for all ages. The Handmade Stress Ball Squishy Toys can provide a relaxing break and a feeling of relief. Experience its soothing effects for yourself today!",https://kawaiigoo.com/products/handmade-stress-ball-squishy-toys?variant=53486521286840,https://kawaiigoo.com/products/handmade-stress-ball-squishy-toys,https://cdn.shopify.com/s/files/1/0950/0069/0872/files/e0c97364-9_d3b7653b-14d7-4c09-9429-7842ddc78a0c.png?v=1779260632,"https://cdn.shopify.com/s/files/1/0950/0069/0872/files/174a7acd-1_0aafed60-6aea-48a5-a84e-690ecbfe06f7.webp?v=1779260631,https://cdn.shopify.com/s/files/1/0950/0069/0872/files/164bb495-2_7eb08dcb-ba20-463c-b47c-87f819e1f748.webp?v=1779260632,https://cdn.shopify.com/s/files/1/0950/0069/0872/files/78f633b3-7_8a046018-9f45-495f-acf5-a0374a8a770e.webp?v=1779260632,https://cdn.shopify.com/s/files/1/0950/0069/0872/files/08c9d399-6_eca63f43-f94f-4273-a20b-a7e9f713d424.png?v=1779260632,https://cdn.shopify.com/s/files/1/0950/0069/0872/files/621da01b-8_4886bc37-8004-4103-b6eb-6a8694464a58.png?v=1779260632,https://cdn.shopify.com/s/files/1/0950/0069/0872/files/56271f7f-10_4c995213-e467-476f-a30b-ee05cadce7ed.png?v=1779260632,https://cdn.shopify.com/s/files/1/0950/0069/0872/files/a9571744-11_75370184-3e71-4a19-8499-f7130b9644aa.png?v=1779260632,https://cdn.shopify.com/s/files/1/0950/0069/0872/files/5fab66ce-12_e9548842-18d2-4ce7-8847-cddb484fab1f.png?v=1779260632,https://cdn.shopify.com/s/files/1/0950/0069/0872/files/a4862a05-13_825b25ab-cfd0-4c83-bfaa-27e62c83d381.png?v=1779260632,https://cdn.shopify.com/s/files/1/0950/0069/0872/files/355d92a7-8_4886bc37-8004-4103-b6eb-6a8694464a58.png?v=1779260632",9.99 USD,in stock,new,Kawaiigoo,,1259,pink,
shopify_US_10409936683192_53486521319608,10409936683192,Handmade Stress Ball Squishy Toys,"Discover the ultimate stress relief experience with our Handmade Stress Ball Squishy Toys. Crafted to replicate the soft and malleable feel of glutinous rice, this sensory toy delivers a uniquely gratifying squish with each squeeze. Ideal for reducing anxiety, decompressing after a tiring day, or just for pure enjoyment, this stress ball is handmade and suitable for all ages. The Handmade Stress Ball Squishy Toys can provide a relaxing break and a feeling of relief. Experience its soothing effects for yourself today!",https://kawaiigoo.com/products/handmade-stress-ball-squishy-toys?variant=53486521319608,https://kawaiigoo.com/products/handmade-stress-ball-squishy-toys,https://cdn.shopify.com/s/files/1/0950/0069/0872/files/a9571744-11_75370184-3e71-4a19-8499-f7130b9644aa.png?v=1779260632,"https://cdn.shopify.com/s/files/1/0950/0069/0872/files/174a7acd-1_0aafed60-6aea-48a5-a84e-690ecbfe06f7.webp?v=1779260631,https://cdn.shopify.com/s/files/1/0950/0069/0872/files/164bb495-2_7eb08dcb-ba20-463c-b47c-87f819e1f748.webp?v=1779260632,https://cdn.shopify.com/s/files/1/0950/0069/0872/files/78f633b3-7_8a046018-9f45-495f-acf5-a0374a8a770e.webp?v=1779260632,https://cdn.shopify.com/s/files/1/0950/0069/0872/files/08c9d399-6_eca63f43-f94f-4273-a20b-a7e9f713d424.png?v=1779260632,https://cdn.shopify.com/s/files/1/0950/0069/0872/files/621da01b-8_4886bc37-8004-4103-b6eb-6a8694464a58.png?v=1779260632,https://cdn.shopify.com/s/files/1/0950/0069/0872/files/e0c97364-9_d3b7653b-14d7-4c09-9429-7842ddc78a0c.png?v=1779260632,https://cdn.shopify.com/s/files/1/0950/0069/0872/files/56271f7f-10_4c995213-e467-476f-a30b-ee05cadce7ed.png?v=1779260632,https://cdn.shopify.com/s/files/1/0950/0069/0872/files/5fab66ce-12_e9548842-18d2-4ce7-8847-cddb484fab1f.png?v=1779260632,https://cdn.shopify.com/s/files/1/0950/0069/0872/files/a4862a05-13_825b25ab-cfd0-4c83-bfaa-27e62c83d381.png?v=1779260632,https://cdn.shopify.com/s/files/1/0950/0069/0872/files/355d92a7-8_4886bc37-8004-4103-b6eb-6a8694464a58.png?v=1779260632",9.99 USD,in stock,new,Kawaiigoo,,1259,green,
shopify_US_10409936683192_53486521352376,10409936683192,Handmade Stress Ball Squishy Toys,"Discover the ultimate stress relief experience with our Handmade Stress Ball Squishy Toys. Crafted to replicate the soft and malleable feel of glutinous rice, this sensory toy delivers a uniquely gratifying squish with each squeeze. Ideal for reducing anxiety, decompressing after a tiring day, or just for pure enjoyment, this stress ball is handmade and suitable for all ages. The Handmade Stress Ball Squishy Toys can provide a relaxing break and a feeling of relief. Experience its soothing effects for yourself today!",https://kawaiigoo.com/products/handmade-stress-ball-squishy-toys?variant=53486521352376,https://kawaiigoo.com/products/handmade-stress-ball-squishy-toys,https://cdn.shopify.com/s/files/1/0950/0069/0872/files/56271f7f-10_4c995213-e467-476f-a30b-ee05cadce7ed.png?v=1779260632,"https://cdn.shopify.com/s/files/1/0950/0069/0872/files/174a7acd-1_0aafed60-6aea-48a5-a84e-690ecbfe06f7.webp?v=1779260631,https://cdn.shopify.com/s/files/1/0950/0069/0872/files/164bb495-2_7eb08dcb-ba20-463c-b47c-87f819e1f748.webp?v=1779260632,https://cdn.shopify.com/s/files/1/0950/0069/0872/files/78f633b3-7_8a046018-9f45-495f-acf5-a0374a8a770e.webp?v=1779260632,https://cdn.shopify.com/s/files/1/0950/0069/0872/files/08c9d399-6_eca63f43-f94f-4273-a20b-a7e9f713d424.png?v=1779260632,https://cdn.shopify.com/s/files/1/0950/0069/0872/files/621da01b-8_4886bc37-8004-4103-b6eb-6a8694464a58.png?v=1779260632,https://cdn.shopify.com/s/files/1/0950/0069/0872/files/e0c97364-9_d3b7653b-14d7-4c09-9429-7842ddc78a0c.png?v=1779260632,https://cdn.shopify.com/s/files/1/0950/0069/0872/files/a9571744-11_75370184-3e71-4a19-8499-f7130b9644aa.png?v=1779260632,https://cdn.shopify.com/s/files/1/0950/0069/0872/files/5fab66ce-12_e9548842-18d2-4ce7-8847-cddb484fab1f.png?v=1779260632,https://cdn.shopify.com/s/files/1/0950/0069/0872/files/a4862a05-13_825b25ab-cfd0-4c83-bfaa-27e62c83d381.png?v=1779260632,https://cdn.shopify.com/s/files/1/0950/0069/0872/files/355d92a7-8_4886bc37-8004-4103-b6eb-6a8694464a58.png?v=1779260632",9.99 USD,in stock,new,Kawaiigoo,,1259,yellow,
shopify_US_10409936683192_53486521385144,10409936683192,Handmade Stress Ball Squishy Toys,"Discover the ultimate stress relief experience with our Handmade Stress Ball Squishy Toys. Crafted to replicate the soft and malleable feel of glutinous rice, this sensory toy delivers a uniquely gratifying squish with each squeeze. Ideal for reducing anxiety, decompressing after a tiring day, or just for pure enjoyment, this stress ball is handmade and suitable for all ages. The Handmade Stress Ball Squishy Toys can provide a relaxing break and a feeling of relief. Experience its soothing effects for yourself today!",https://kawaiigoo.com/products/handmade-stress-ball-squishy-toys?variant=53486521385144,https://kawaiigoo.com/products/handmade-stress-ball-squishy-toys,https://cdn.shopify.com/s/files/1/0950/0069/0872/files/5fab66ce-12_e9548842-18d2-4ce7-8847-cddb484fab1f.png?v=1779260632,"https://cdn.shopify.com/s/files/1/0950/0069/0872/files/174a7acd-1_0aafed60-6aea-48a5-a84e-690ecbfe06f7.webp?v=1779260631,https://cdn.shopify.com/s/files/1/0950/0069/0872/files/164bb495-2_7eb08dcb-ba20-463c-b47c-87f819e1f748.webp?v=1779260632,https://cdn.shopify.com/s/files/1/0950/0069/0872/files/78f633b3-7_8a046018-9f45-495f-acf5-a0374a8a770e.webp?v=1779260632,https://cdn.shopify.com/s/files/1/0950/0069/0872/files/08c9d399-6_eca63f43-f94f-4273-a20b-a7e9f713d424.png?v=1779260632,https://cdn.shopify.com/s/files/1/0950/0069/0872/files/621da01b-8_4886bc37-8004-4103-b6eb-6a8694464a58.png?v=1779260632,https://cdn.shopify.com/s/files/1/0950/0069/0872/files/e0c97364-9_d3b7653b-14d7-4c09-9429-7842ddc78a0c.png?v=1779260632,https://cdn.shopify.com/s/files/1/0950/0069/0872/files/56271f7f-10_4c995213-e467-476f-a30b-ee05cadce7ed.png?v=1779260632,https://cdn.shopify.com/s/files/1/0950/0069/0872/files/a9571744-11_75370184-3e71-4a19-8499-f7130b9644aa.png?v=1779260632,https://cdn.shopify.com/s/files/1/0950/0069/0872/files/a4862a05-13_825b25ab-cfd0-4c83-bfaa-27e62c83d381.png?v=1779260632,https://cdn.shopify.com/s/files/1/0950/0069/0872/files/355d92a7-8_4886bc37-8004-4103-b6eb-6a8694464a58.png?v=1779260632",9.99 USD,in stock,new,Kawaiigoo,,1259,purple,
shopify_US_10409936683192_53486521417912,10409936683192,Handmade Stress Ball Squishy Toys,"Discover the ultimate stress relief experience with our Handmade Stress Ball Squishy Toys. Crafted to replicate the soft and malleable feel of glutinous rice, this sensory toy delivers a uniquely gratifying squish with each squeeze. Ideal for reducing anxiety, decompressing after a tiring day, or just for pure enjoyment, this stress ball is handmade and suitable for all ages. The Handmade Stress Ball Squishy Toys can provide a relaxing break and a feeling of relief. Experience its soothing effects for yourself today!",https://kawaiigoo.com/products/handmade-stress-ball-squishy-toys?variant=53486521417912,https://kawaiigoo.com/products/handmade-stress-ball-squishy-toys,https://cdn.shopify.com/s/files/1/0950/0069/0872/files/a4862a05-13_825b25ab-cfd0-4c83-bfaa-27e62c83d381.png?v=1779260632,"https://cdn.shopify.com/s/files/1/0950/0069/0872/files/174a7acd-1_0aafed60-6aea-48a5-a84e-690ecbfe06f7.webp?v=1779260631,https://cdn.shopify.com/s/files/1/0950/0069/0872/files/164bb495-2_7eb08dcb-ba20-463c-b47c-87f819e1f748.webp?v=1779260632,https://cdn.shopify.com/s/files/1/0950/0069/0872/files/78f633b3-7_8a046018-9f45-495f-acf5-a0374a8a770e.webp?v=1779260632,https://cdn.shopify.com/s/files/1/0950/0069/0872/files/08c9d399-6_eca63f43-f94f-4273-a20b-a7e9f713d424.png?v=1779260632,https://cdn.shopify.com/s/files/1/0950/0069/0872/files/621da01b-8_4886bc37-8004-4103-b6eb-6a8694464a58.png?v=1779260632,https://cdn.shopify.com/s/files/1/0950/0069/0872/files/e0c97364-9_d3b7653b-14d7-4c09-9429-7842ddc78a0c.png?v=1779260632,https://cdn.shopify.com/s/files/1/0950/0069/0872/files/56271f7f-10_4c995213-e467-476f-a30b-ee05cadce7ed.png?v=1779260632,https://cdn.shopify.com/s/files/1/0950/0069/0872/files/a9571744-11_75370184-3e71-4a19-8499-f7130b9644aa.png?v=1779260632,https://cdn.shopify.com/s/files/1/0950/0069/0872/files/5fab66ce-12_e9548842-18d2-4ce7-8847-cddb484fab1f.png?v=1779260632,https://cdn.shopify.com/s/files/1/0950/0069/0872/files/355d92a7-8_4886bc37-8004-4103-b6eb-6a8694464a58.png?v=1779260632",9.99 USD,in stock,new,Kawaiigoo,,1259,orange,
shopify_US_10409936650424_53486521155768,10409936650424,Handmade Stress Ball Toys,"These handmade stress ball toys offer a satisfying method for stress relief. Each toy is carefully crafted by hand, resulting in a one-of-a-kind product. The soft and flexible material provides a soothing experience and enhances focus. A must-have for those in search of a tactile and calming way to relieve stress. Experience the benefits of squeezing and manipulating the expertly crafted Handmade Stress Ball Toys to relieve tension and improve focus. These unique toys support small businesses and celebrate the art of handmade goods.",https://kawaiigoo.com/products/handmade-stress-ball-toys,https://kawaiigoo.com/products/handmade-stress-ball-toys,https://cdn.shopify.com/s/files/1/0950/0069/0872/files/c24d4662-3_6548c3cf-1bca-46c9-aeea-1ba1eaf50293.png?v=1779260632,"https://cdn.shopify.com/s/files/1/0950/0069/0872/files/e964e13a-2_3f5e610b-1f07-45c2-a1be-e5895d82f17c.png?v=1779260632,https://cdn.shopify.com/s/files/1/0950/0069/0872/files/a8cd1e99-1_6110ba27-4b0e-452c-9c33-48a5d04f60b1.png?v=1779260632",9.99 USD,in stock,new,Kawaiigoo,,1259,,
shopify_US_10414295515320_53499542732984,10414295515320,Handmade Toothpaste Shape Stress Ball Fidget Toy,"Add a fun and quirky touch to your stress relief routine with this handmade toothpaste-shaped stress ball. Designed with a playful everyday object look, it offers a soft and satisfying squeeze that makes it perfect for fidgeting, relieving stress, or simply keeping your hands busy throughout the day. Each piece is carefully handmade, giving it a unique texture and charming handcrafted feel. Compact and lightweight, it’s easy to carry in your bag or keep on your desk. Whether for relaxation, focus, or as a creative gift, this stress ball brings both humor and comfort to your daily life.",https://kawaiigoo.com/products/handmade-toothpaste-shape-stress-ball-fidget-toy?variant=53499542732984,https://kawaiigoo.com/products/handmade-toothpaste-shape-stress-ball-fidget-toy,https://cdn.shopify.com/s/files/1/0950/0069/0872/files/c_3.png?v=1779526954,"https://cdn.shopify.com/s/files/1/0950/0069/0872/files/c_1_9159f69a-7846-4c18-81b4-4f0b104bfb33.png?v=1779526953,https://cdn.shopify.com/s/files/1/0950/0069/0872/files/c_5.png?v=1779526953,https://cdn.shopify.com/s/files/1/0950/0069/0872/files/c_2_b3534ba5-565d-4bf0-a2fd-a9c0e0a9d3de.png?v=1779526954,https://cdn.shopify.com/s/files/1/0950/0069/0872/files/c_4.png?v=1779526954",15.99 USD,in stock,new,Kawaiigoo,,1259,Clear,
shopify_US_10414295515320_53499542765752,10414295515320,Handmade Toothpaste Shape Stress Ball Fidget Toy,"Add a fun and quirky touch to your stress relief routine with this handmade toothpaste-shaped stress ball. Designed with a playful everyday object look, it offers a soft and satisfying squeeze that makes it perfect for fidgeting, relieving stress, or simply keeping your hands busy throughout the day. Each piece is carefully handmade, giving it a unique texture and charming handcrafted feel. Compact and lightweight, it’s easy to carry in your bag or keep on your desk. Whether for relaxation, focus, or as a creative gift, this stress ball brings both humor and comfort to your daily life.",https://kawaiigoo.com/products/handmade-toothpaste-shape-stress-ball-fidget-toy?variant=53499542765752,https://kawaiigoo.com/products/handmade-toothpaste-shape-stress-ball-fidget-toy,https://cdn.shopify.com/s/files/1/0950/0069/0872/files/c_2_b3534ba5-565d-4bf0-a2fd-a9c0e0a9d3de.png?v=1779526954,"https://cdn.shopify.com/s/files/1/0950/0069/0872/files/c_1_9159f69a-7846-4c18-81b4-4f0b104bfb33.png?v=1779526953,https://cdn.shopify.com/s/files/1/0950/0069/0872/files/c_5.png?v=1779526953,https://cdn.shopify.com/s/files/1/0950/0069/0872/files/c_3.png?v=1779526954,https://cdn.shopify.com/s/files/1/0950/0069/0872/files/c_4.png?v=1779526954",15.99 USD,in stock,new,Kawaiigoo,,1259,Pink,
shopify_US_10414295515320_53499542798520,10414295515320,Handmade Toothpaste Shape Stress Ball Fidget Toy,"Add a fun and quirky touch to your stress relief routine with this handmade toothpaste-shaped stress ball. Designed with a playful everyday object look, it offers a soft and satisfying squeeze that makes it perfect for fidgeting, relieving stress, or simply keeping your hands busy throughout the day. Each piece is carefully handmade, giving it a unique texture and charming handcrafted feel. Compact and lightweight, it’s easy to carry in your bag or keep on your desk. Whether for relaxation, focus, or as a creative gift, this stress ball brings both humor and comfort to your daily life.",https://kawaiigoo.com/products/handmade-toothpaste-shape-stress-ball-fidget-toy?variant=53499542798520,https://kawaiigoo.com/products/handmade-toothpaste-shape-stress-ball-fidget-toy,https://cdn.shopify.com/s/files/1/0950/0069/0872/files/c_4.png?v=1779526954,"https://cdn.shopify.com/s/files/1/0950/0069/0872/files/c_1_9159f69a-7846-4c18-81b4-4f0b104bfb33.png?v=1779526953,https://cdn.shopify.com/s/files/1/0950/0069/0872/files/c_5.png?v=1779526953,https://cdn.shopify.com/s/files/1/0950/0069/0872/files/c_2_b3534ba5-565d-4bf0-a2fd-a9c0e0a9d3de.png?v=1779526954,https://cdn.shopify.com/s/files/1/0950/0069/0872/files/c_3.png?v=1779526954",15.99 USD,in stock,new,Kawaiigoo,,1259,Blue,
shopify_US_10414297481400_53499626946744,10414297481400,Handmade Toothpaste Squishy Stress Toy,"Add a playful and quirky touch to your stress relief routine with this cute toothpaste-shaped handmade squeeze toy. Its fun design makes it stand out while offering a soft and satisfying squish, perfect for relieving stress, reducing anxiety, or simply keeping your hands busy throughout the day. Each piece is carefully handmade, giving it a unique texture and charming handcrafted feel. Lightweight and easy to carry, it fits perfectly in your bag or sits nicely on your desk as a cute decoration. Ideal for relaxation, focus, or gifting, this squeeze toy combines humor, creativity, and comfort in one simple design.",https://kawaiigoo.com/products/handmade-toothpaste-squishy-stress-toy?variant=53499626946744,https://kawaiigoo.com/products/handmade-toothpaste-squishy-stress-toy,https://cdn.shopify.com/s/files/1/0950/0069/0872/files/a_3_4bd6ef8a-30bc-416e-9f16-5226a290177c.png?v=1779528237,"https://cdn.shopify.com/s/files/1/0950/0069/0872/files/a_1_854bbadc-e7c0-4f84-a7aa-0d1aff0d3128.png?v=1779528237,https://cdn.shopify.com/s/files/1/0950/0069/0872/files/a_2_269176aa-1486-4e5e-994c-408f0f25a13b.png?v=1779528237",14.99 USD,in stock,new,Kawaiigoo,,1259,Yellow,
shopify_US_10414297481400_53499565244600,10414297481400,Handmade Toothpaste Squishy Stress Toy,"Add a playful and quirky touch to your stress relief routine with this cute toothpaste-shaped handmade squeeze toy. Its fun design makes it stand out while offering a soft and satisfying squish, perfect for relieving stress, reducing anxiety, or simply keeping your hands busy throughout the day. Each piece is carefully handmade, giving it a unique texture and charming handcrafted feel. Lightweight and easy to carry, it fits perfectly in your bag or sits nicely on your desk as a cute decoration. Ideal for relaxation, focus, or gifting, this squeeze toy combines humor, creativity, and comfort in one simple design.",https://kawaiigoo.com/products/handmade-toothpaste-squishy-stress-toy?variant=53499565244600,https://kawaiigoo.com/products/handmade-toothpaste-squishy-stress-toy,https://cdn.shopify.com/s/files/1/0950/0069/0872/files/a_1_854bbadc-e7c0-4f84-a7aa-0d1aff0d3128.png?v=1779528237,"https://cdn.shopify.com/s/files/1/0950/0069/0872/files/a_3_4bd6ef8a-30bc-416e-9f16-5226a290177c.png?v=1779528237,https://cdn.shopify.com/s/files/1/0950/0069/0872/files/a_2_269176aa-1486-4e5e-994c-408f0f25a13b.png?v=1779528237",14.99 USD,in stock,new,Kawaiigoo,,1259,Blue,
shopify_US_10414297481400_53499565277368,10414297481400,Handmade Toothpaste Squishy Stress Toy,"Add a playful and quirky touch to your stress relief routine with this cute toothpaste-shaped handmade squeeze toy. Its fun design makes it stand out while offering a soft and satisfying squish, perfect for relieving stress, reducing anxiety, or simply keeping your hands busy throughout the day. Each piece is carefully handmade, giving it a unique texture and charming handcrafted feel. Lightweight and easy to carry, it fits perfectly in your bag or sits nicely on your desk as a cute decoration. Ideal for relaxation, focus, or gifting, this squeeze toy combines humor, creativity, and comfort in one simple design.",https://kawaiigoo.com/products/handmade-toothpaste-squishy-stress-toy?variant=53499565277368,https://kawaiigoo.com/products/handmade-toothpaste-squishy-stress-toy,https://cdn.shopify.com/s/files/1/0950/0069/0872/files/a_2_269176aa-1486-4e5e-994c-408f0f25a13b.png?v=1779528237,"https://cdn.shopify.com/s/files/1/0950/0069/0872/files/a_3_4bd6ef8a-30bc-416e-9f16-5226a290177c.png?v=1779528237,https://cdn.shopify.com/s/files/1/0950/0069/0872/files/a_1_854bbadc-e7c0-4f84-a7aa-0d1aff0d3128.png?v=1779528237",14.99 USD,in stock,new,Kawaiigoo,,1259,Pink,
shopify_US_10453032730808_53620083753144,10453032730808,Handmade Watermelon Crispy Squishy Ball Crunchy ASMR Stress Relief Squeeze Toy,"Squeeze away stress with this adorable handmade watermelon clay cracking squishy ball. Perfectly sized for a satisfying burst, it's your ideal companion for intense tactile relaxation and ASMR play. Each piece is uniquely crafted by hand, featuring a vibrant red watermelon design filled with cute miniature melon slices and holographic star glitters. Give it a firm squeeze to pop the inner crunchy shell layer for an incredibly satisfying release. ✨ Features Handmade watermelon ""crispy skin"" cracking style Satisfying pop-and-crunch tactile feedback Infused with a smooth Vaseline gel blend for a unique texture Filled with cute acrylic watermelon slices and star glitters Perfect for deep stress relief and ASMR crunching ⚠️ Special Notes Not edible / Do not eat.",https://kawaiigoo.com/products/handmade-watermelon-crispy-squishy-ball-crunchy-asmr-stress-relief-squeeze-toy,https://kawaiigoo.com/products/handmade-watermelon-crispy-squishy-ball-crunchy-asmr-stress-relief-squeeze-toy,https://cdn.shopify.com/s/files/1/0950/0069/0872/files/imgi_1_1040g0o03201ftn7254005o11uedg88ssfq495c0.jpg?v=1782258077,,12.99 USD,in stock,new,Kawaiigoo,Stuffed Animals,1259,,
shopify_US_10422612820152_53523826311352,10422612820152,Jasmine Flower Handmade Squishy Ball,"Relax and unwind with this handmade squishy ball. Inspired by jasmine flowers, it features a smooth surface and cute design that makes it perfect for stress relief and daily fidgeting. ✨ Features Handmade style Stress relief toy Easy to carry Cute design Diameter: 2.36 inches ⚠️ Special Notes Texture may change slightly over time. Handmade differences are normal. Do not puncture or overstretch. Not edible / Do not eat. Not suitable for children under 3 years old.",https://kawaiigoo.com/products/jasmine-flower-handmade-squishy-ball,https://kawaiigoo.com/products/jasmine-flower-handmade-squishy-ball,https://cdn.shopify.com/s/files/1/0950/0069/0872/files/b_3_a052200e-527b-47e4-81e1-2550b5d08928.png?v=1780044178,,13.99 USD,in stock,new,Kawaiigoo,,1259,,
shopify_US_10421145436344_53518825423032,10421145436344,Jasmine Peach Handmade Squishy Ball,"This charming handmade Jasmine Peach squishy ball is designed to deliver a calming and satisfying squeeze. With its soft texture and adorable appearance, it’s perfect for sensory play and everyday relaxation. ✨ Features Adorable handmade style Great for fidgeting Lightweight and portable Diameter: 2.36 inches ⚠️ Special Notes Not edible",https://kawaiigoo.com/products/jasmine-peach-handmade-squishy-ball,https://kawaiigoo.com/products/jasmine-peach-handmade-squishy-ball,https://cdn.shopify.com/s/files/1/0950/0069/0872/files/b_3_3733af3a-a6c4-4bf0-a997-8ac8f0c3ecfd.png?v=1779960410,"https://cdn.shopify.com/s/files/1/0950/0069/0872/files/b_1_2cc542ed-5027-4131-8565-a26d9605b6c0.png?v=1779960410,https://cdn.shopify.com/s/files/1/0950/0069/0872/files/b_2_3bd873bc-3883-4b51-99af-f14a2e809d86.png?v=1779960410",13.99 USD,in stock,new,Kawaiigoo,,1259,,
shopify_US_10422592078008_53523608076472,10422592078008,Kiwi Coconut Jelly Handmade Squishy Ball,"Experience a calming squeeze with this handcrafted squishy ball designed for sensory relaxation. Inspired by a kiwi coconut jelly dessert with popping coconut bits, it features a soft-touch finish and an adorable minimalist look—perfect for stress relief, focus, and everyday desk use. ✨ Features Premium handmade design Supports relaxation and focus Portable and lightweight Aesthetic collectible piece Diameter: 1.97 inches ⚠️ Special Notes Texture may gradually change over time. Handmade variations make each piece unique. Do not puncture or overstretch. Not edible / Do not eat. Not suitable for children under 3 years old.",https://kawaiigoo.com/products/kiwi-coconut-jelly-handmade-squishy-ball,https://kawaiigoo.com/products/kiwi-coconut-jelly-handmade-squishy-ball,https://cdn.shopify.com/s/files/1/0950/0069/0872/files/D_1_372cbbb5-4e07-4004-9633-0d2fcea2ecad.png?v=1780038946,"https://cdn.shopify.com/s/files/1/0950/0069/0872/files/D_2_96ab775c-275f-4fc2-ba49-ca6198f32ad8.png?v=1780038946,https://cdn.shopify.com/s/files/1/0950/0069/0872/files/D_3_f044a9eb-0790-4f0d-a9a0-163e0ddbf2b1.png?v=1780038946",13.99 USD,in stock,new,Kawaiigoo,,1259,,
shopify_US_10409936945336_53486521581752,10409936945336,Lucky Cat Taba Squishy Toys,"The Lucky Cat Taba Squishy Toys make a great addition to any collection, offering an adorable design and a satisfying squish to provide relaxation and stress relief for adults. Constructed with premium materials, these toys are both durable and long-lasting. Don't miss out on owning your own lucky cats today! Enhance your sense of touch with these Lucky Cat Taba squishy toys. Created using soft and durable materials, these toys are ideal for reducing stress and inducing relaxation. Skillfully constructed, these toys are meticulously designed for ultimate satisfaction.",https://kawaiigoo.com/products/lucky-cat-taba-squishy-toys?variant=53486521581752,https://kawaiigoo.com/products/lucky-cat-taba-squishy-toys,https://cdn.shopify.com/s/files/1/0950/0069/0872/files/52063b73-14_4181ee6a-fa8a-4745-b109-9c3336e6e661.png?v=1779260632,"https://cdn.shopify.com/s/files/1/0950/0069/0872/files/3dd3adfe-15_ad542fe7-4ed1-4da1-8ca4-9a54a8938965.png?v=1779260632,https://cdn.shopify.com/s/files/1/0950/0069/0872/files/8c0e29e2-16_d09a0e4f-0cce-40a0-86ae-547c15010cc0.png?v=1779260632,https://cdn.shopify.com/s/files/1/0950/0069/0872/files/c42e00f4-13_81583f2c-cea6-4bb8-bfd9-c61422bd1c73.webp?v=1779260632,https://cdn.shopify.com/s/files/1/0950/0069/0872/files/a72e0273-14_4181ee6a-fa8a-4745-b109-9c3336e6e661.png?v=1779260632,https://cdn.shopify.com/s/files/1/0950/0069/0872/files/48d9365e-16_d09a0e4f-0cce-40a0-86ae-547c15010cc0.png?v=1779260632",17.99 USD,in stock,new,Kawaiigoo,,1259,black,
shopify_US_10409936945336_53486521614520,10409936945336,Lucky Cat Taba Squishy Toys,"The Lucky Cat Taba Squishy Toys make a great addition to any collection, offering an adorable design and a satisfying squish to provide relaxation and stress relief for adults. Constructed with premium materials, these toys are both durable and long-lasting. Don't miss out on owning your own lucky cats today! Enhance your sense of touch with these Lucky Cat Taba squishy toys. Created using soft and durable materials, these toys are ideal for reducing stress and inducing relaxation. Skillfully constructed, these toys are meticulously designed for ultimate satisfaction.",https://kawaiigoo.com/products/lucky-cat-taba-squishy-toys?variant=53486521614520,https://kawaiigoo.com/products/lucky-cat-taba-squishy-toys,https://cdn.shopify.com/s/files/1/0950/0069/0872/files/8c0e29e2-16_d09a0e4f-0cce-40a0-86ae-547c15010cc0.png?v=1779260632,"https://cdn.shopify.com/s/files/1/0950/0069/0872/files/3dd3adfe-15_ad542fe7-4ed1-4da1-8ca4-9a54a8938965.png?v=1779260632,https://cdn.shopify.com/s/files/1/0950/0069/0872/files/52063b73-14_4181ee6a-fa8a-4745-b109-9c3336e6e661.png?v=1779260632,https://cdn.shopify.com/s/files/1/0950/0069/0872/files/c42e00f4-13_81583f2c-cea6-4bb8-bfd9-c61422bd1c73.webp?v=1779260632,https://cdn.shopify.com/s/files/1/0950/0069/0872/files/a72e0273-14_4181ee6a-fa8a-4745-b109-9c3336e6e661.png?v=1779260632,https://cdn.shopify.com/s/files/1/0950/0069/0872/files/48d9365e-16_d09a0e4f-0cce-40a0-86ae-547c15010cc0.png?v=1779260632",17.99 USD,in stock,new,Kawaiigoo,,1259,white,
shopify_US_10411205263544_53491610943672,10411205263544,Mango Inside Taba Crunch Ball Fidget Toy,"This mango-inspired handmade tactile ball features a unique crunchy texture that delivers a satisfying sensory experience with every squeeze. Its bright, fruity design makes it a fun and eye-catching piece in any collection. Perfect for stress relief, fidgeting, or sensory play, this durable handmade ball is designed to be squeezed, pressed, and enjoyed repeatedly. Compact and lightweight, it’s easy to carry and use anytime, anywhere.",https://kawaiigoo.com/products/mango-inside-taba-crunch-ball-fidget-toy,https://kawaiigoo.com/products/mango-inside-taba-crunch-ball-fidget-toy,https://cdn.shopify.com/s/files/1/0950/0069/0872/files/a_2_1b698ce4-413a-4465-91dc-3421c1f91700.png?v=1779346652,,14.99 USD,in stock,new,Kawaiigoo,,1259,,
shopify_US_10414291386552_53499480604856,10414291386552,Meow Rice  Slow Rising Squishy Toy Ultra Soft,"This ultra-soft slow-rising squishy toy is designed to bring comfort and relaxation with every squeeze. Featuring a cute food-inspired design and a smooth, moist-like texture, it slowly returns to its original shape for a satisfying sensory experience. ✨ Features Slow-rising soft material Cute realistic food design Smooth and squishy texture Stress-relieving sensory feel Lightweight and portable ⚠️ Special Notes Not edible",https://kawaiigoo.com/products/meow-rice-slow-rising-squishy-toy-ultra-soft,https://kawaiigoo.com/products/meow-rice-slow-rising-squishy-toy-ultra-soft,https://cdn.shopify.com/s/files/1/0950/0069/0872/files/31.png?v=1779525270,https://cdn.shopify.com/s/files/1/0950/0069/0872/files/32.png?v=1779525270,14.99 USD,in stock,new,Kawaiigoo,Stuffed Animals,1259,,
shopify_US_10409937010872_53486521680056,10409937010872,Mini Animal Chicks Taba Squishy,"This Mini Animal Chicks Taba Squishy is the ultimate squishable toy you need in your life. Its high-quality materials make it perfect for relieving stress, aiding in hand exercises, and providing endless fun for people of all ages. Don't pass up the chance to add this adorable toy to your collection! This Taba Squishy Mini Animal Chicks is an essential tool for relieving stress in people of all ages. Crafted from premium, plush materials, it provides a satisfying sensation when squeezed or squished, promoting calmness and enhanced concentration. Its charming chick figure is sure to bring delight and amusement to its user.",https://kawaiigoo.com/products/mini-animal-chicks-taba-squishy?variant=53486521680056,https://kawaiigoo.com/products/mini-animal-chicks-taba-squishy,https://cdn.shopify.com/s/files/1/0950/0069/0872/files/70739ac5-4_c8822792-73e6-4940-ba4e-2960f31217a7.webp?v=1779260632,"https://cdn.shopify.com/s/files/1/0950/0069/0872/files/50288aca-1_2364320f-8976-404c-b5ff-95b26edb989c.webp?v=1779260632,https://cdn.shopify.com/s/files/1/0950/0069/0872/files/4bbae8ee-2_87ec5b18-08ba-456d-817b-a7c9b39a8c53.webp?v=1779260631,https://cdn.shopify.com/s/files/1/0950/0069/0872/files/7d1e1ec1-3_67d3aaa1-81e7-47fe-92a7-7cd7e48905bc.webp?v=1779260632,https://cdn.shopify.com/s/files/1/0950/0069/0872/files/c43bfe18-4_c8822792-73e6-4940-ba4e-2960f31217a7.webp?v=1779260632,https://cdn.shopify.com/s/files/1/0950/0069/0872/files/066b270d-1_2364320f-8976-404c-b5ff-95b26edb989c.webp?v=1779260632",8.99 USD,in stock,new,Kawaiigoo,,1259,white,
shopify_US_10409937010872_53486521712824,10409937010872,Mini Animal Chicks Taba Squishy,"This Mini Animal Chicks Taba Squishy is the ultimate squishable toy you need in your life. Its high-quality materials make it perfect for relieving stress, aiding in hand exercises, and providing endless fun for people of all ages. Don't pass up the chance to add this adorable toy to your collection! This Taba Squishy Mini Animal Chicks is an essential tool for relieving stress in people of all ages. Crafted from premium, plush materials, it provides a satisfying sensation when squeezed or squished, promoting calmness and enhanced concentration. Its charming chick figure is sure to bring delight and amusement to its user.",https://kawaiigoo.com/products/mini-animal-chicks-taba-squishy?variant=53486521712824,https://kawaiigoo.com/products/mini-animal-chicks-taba-squishy,https://cdn.shopify.com/s/files/1/0950/0069/0872/files/50288aca-1_2364320f-8976-404c-b5ff-95b26edb989c.webp?v=1779260632,"https://cdn.shopify.com/s/files/1/0950/0069/0872/files/4bbae8ee-2_87ec5b18-08ba-456d-817b-a7c9b39a8c53.webp?v=1779260631,https://cdn.shopify.com/s/files/1/0950/0069/0872/files/70739ac5-4_c8822792-73e6-4940-ba4e-2960f31217a7.webp?v=1779260632,https://cdn.shopify.com/s/files/1/0950/0069/0872/files/7d1e1ec1-3_67d3aaa1-81e7-47fe-92a7-7cd7e48905bc.webp?v=1779260632,https://cdn.shopify.com/s/files/1/0950/0069/0872/files/c43bfe18-4_c8822792-73e6-4940-ba4e-2960f31217a7.webp?v=1779260632,https://cdn.shopify.com/s/files/1/0950/0069/0872/files/066b270d-1_2364320f-8976-404c-b5ff-95b26edb989c.webp?v=1779260632",8.99 USD,in stock,new,Kawaiigoo,,1259,yellow,
shopify_US_10414287847608_53499460550840,10414287847608,Mini Fish Roe Squishy Toy Slow Rising Mochi Stress Relief Toy,"Crafted for a premium tactile experience, this slow-rising squishy toy features an ultra-soft, moist texture that feels incredibly satisfying to squeeze. Its charming design adds a playful touch to any space. ✨ Features Premium soft rebound material High-quality tactile feel Cute and detailed design Stress-relieving properties Portable and lightweight ⚠️ Special Notes Not edible",https://kawaiigoo.com/products/mini-fish-roe-squishy-toy-slow-rising-mochi-stress-relief-toy,https://kawaiigoo.com/products/mini-fish-roe-squishy-toy-slow-rising-mochi-stress-relief-toy,https://cdn.shopify.com/s/files/1/0950/0069/0872/files/11.png?v=1779524822,"https://cdn.shopify.com/s/files/1/0950/0069/0872/files/7_0a48ee70-3d68-49a7-9052-8129c66808b5.png?v=1779524822,https://cdn.shopify.com/s/files/1/0950/0069/0872/files/9.png?v=1779524822,https://cdn.shopify.com/s/files/1/0950/0069/0872/files/10.png?v=1779524822,https://cdn.shopify.com/s/files/1/0950/0069/0872/files/8.png?v=1779524822",14.99 USD,in stock,new,Kawaiigoo,Stuffed Animals,1259,,
shopify_US_10448775315640_53605036425400,10448775315640,Mint Butter Stick Squishy Toy Handmade Crispy Mint Bar Squishy,"Squeeze away stress with this adorable handmade mint butter stick squishy. Perfectly sized for a satisfying grip, it's your ideal companion for relaxation and sensory ASMR play. Each piece is uniquely crafted by hand, featuring a mint-green design with a unique ""crispy"" interior texture that makes it a charming, tactile collectible. ✨ Features Cute handmade butter stick style Unique ""crispy"" crunch sound and feel Filled with round and heart-shaped block beads Stress relief and ASMR support Collectible novelty design Pastel mint-green aesthetic ⚠️ Special Notes Not edible / Do not eat.",https://kawaiigoo.com/products/mint-butter-stick-squishy-toy-handmade-crispy-mint-bar-squishy,https://kawaiigoo.com/products/mint-butter-stick-squishy-toy-handmade-crispy-mint-bar-squishy,https://cdn.shopify.com/s/files/1/0950/0069/0872/files/1_a506a79d-e0ab-4340-870d-fd95f2d48e7e.png?v=1781857097,"https://cdn.shopify.com/s/files/1/0950/0069/0872/files/2_56c8fd81-4f3d-4ae4-ba04-7995fb32566f.png?v=1781857097,https://cdn.shopify.com/s/files/1/0950/0069/0872/files/3_373a1426-c589-408c-8ce8-d5a3fc6fc17e.png?v=1781857097,https://cdn.shopify.com/s/files/1/0950/0069/0872/files/4_7e22335f-101f-4e9f-9b2e-a572e07b8777.png?v=1781857097",12.99 USD,in stock,new,Kawaiigoo,Stuffed Animals,1259,,
shopify_US_10421146517688_53518854979768,10421146517688,Mint Chocolate Handmade Squishy Ball,"Enjoy endless squeezing fun with this handmade Mint Chocolate squishy ball. Crafted with a smooth and flexible texture, it offers a comforting sensory experience for stress relief and casual play. ✨ Features Handcrafted-inspired design Relaxing tactile sensation Pocket-friendly size Cute decorative style Diameter: 2.36 inches ⚠️ Special Notes Not edible",https://kawaiigoo.com/products/mint-chocolate-handmade-squishy-ball,https://kawaiigoo.com/products/mint-chocolate-handmade-squishy-ball,https://cdn.shopify.com/s/files/1/0950/0069/0872/files/c_1_ad1d82f2-9752-4fe5-b490-119294a89ca4.png?v=1779960669,https://cdn.shopify.com/s/files/1/0950/0069/0872/files/c_2_11186d4a-7138-4bd5-b554-19018d626665.png?v=1779960670,12.99 USD,in stock,new,Kawaiigoo,,1259,,
shopify_US_10419884523704_53512434352312,10419884523704,Mint Ice Slush Handmade Squishy Ball,"Refresh your senses with this mint ice slush inspired handmade squishy ball. Featuring a cool-toned design and a soft, jelly-like texture, it delivers a satisfying squeeze that helps reduce stress and keeps your hands relaxed and entertained. Handmade one by one with care, each squishy has its own slight variations in appearance, making every piece unique. At approximately 2.36 inches in diameter, it fits comfortably in your palm and is easy to take anywhere for everyday squeezing, calming breaks, or gifting.",https://kawaiigoo.com/products/mint-ice-slush-handmade-squishy-ball,https://kawaiigoo.com/products/mint-ice-slush-handmade-squishy-ball,https://cdn.shopify.com/s/files/1/0950/0069/0872/files/A_1_ad6671fb-65a9-429f-bd85-9b25418d24d0.png?v=1779788429,https://cdn.shopify.com/s/files/1/0950/0069/0872/files/A_2_8560442f-7f4c-494d-8a44-62eca9d7790c.png?v=1779788429,13.99 USD,in stock,new,Kawaiigoo,,1259,,
shopify_US_10422562717880_53523462422712,10422562717880,Mint Strawberry Milk Cake Handmade Squishy Ball,"Enjoy a calming and satisfying squeeze with this handmade squishy ball. Inspired by a mint strawberry milk cake theme, it features a soft-touch texture and an adorable dessert-like appearance for a relaxing sensory experience. Perfect for stress relief, desk play, or everyday fidgeting fun. ✨ Features Unique handmade style Stress-relieving sensory experience Easy to carry anywhere Cute and collectible design Diameter: 2.36 inches ⚠️ Special Notes Texture may change slightly with use. Handmade variations are expected and normal. Do not puncture or over-stretch. Not edible / Do not eat. Not suitable for children under 3 years old.",https://kawaiigoo.com/products/mint-strawberry-milk-cake-handmade-squishy-ball,https://kawaiigoo.com/products/mint-strawberry-milk-cake-handmade-squishy-ball,https://cdn.shopify.com/s/files/1/0950/0069/0872/files/A_1_7094b518-513d-4a57-9353-d22b14727b27.png?v=1780033153,"https://cdn.shopify.com/s/files/1/0950/0069/0872/files/A_3_a1667413-8a42-4f55-b443-1281263c9bae.png?v=1780033153,https://cdn.shopify.com/s/files/1/0950/0069/0872/files/A_2_b8801425-6e2f-4f90-9ede-a12017490817.png?v=1780033153",14.99 USD,in stock,new,Kawaiigoo,,1259,,
shopify_US_10422587326648_53523584155832,10422587326648,Moonlight White Ice Cube Handmade Squishy Ball,"Bring a little comfort and joy into your day with this adorable handmade squishy ball. Inspired by a moonlight-white ice cube aesthetic, it features a soft-touch texture and charming design that creates a soothing sensory experience—perfect for helping you relax, unwind, and enjoy simple fidgeting moments. ✨ Features Handcrafted with care Helps relieve stress and tension Easy to carry anywhere Cute collectible design Diameter: 1.97 inches ⚠️ Special Notes Texture may vary slightly with use. Each piece is handmade and unique. Do not puncture or over-stretch. Not edible / Do not eat. Not suitable for children under 3 years old.",https://kawaiigoo.com/products/moonlight-white-ice-cube-handmade-squishy-ball,https://kawaiigoo.com/products/moonlight-white-ice-cube-handmade-squishy-ball,https://cdn.shopify.com/s/files/1/0950/0069/0872/files/f_1.png?v=1780038585,https://cdn.shopify.com/s/files/1/0950/0069/0872/files/f_2.png?v=1780038585,14.99 USD,in stock,new,Kawaiigoo,,1259,,
shopify_US_10411205132472_53491609927864,10411205132472,Ocean Crystal Squishy Stress Ball,"A handmade ocean-inspired squishy ball with crystal-clear gel, soft blue tones, and delicate shell details inside. Each piece is unique and beautifully crafted. Perfect for stress relief and fidgeting, this soft squeeze ball offers a calming sensory experience.",https://kawaiigoo.com/products/ocean-crystal-squishy-stress-ball,https://kawaiigoo.com/products/ocean-crystal-squishy-stress-ball,https://cdn.shopify.com/s/files/1/0950/0069/0872/files/a_1_e60546aa-197f-4bfe-b671-01f4841da22e.png?v=1779346259,,14.99 USD,in stock,new,Kawaiigoo,,1259,,
shopify_US_10409937043640_53486521778360,10409937043640,Octopus Penguin Baby Taba Squishy Toy,"Unleash the cuteness with this Lovable Penguin Squishy Toy! Designed to mirror a joyful little penguin, this irresistibly soft squishy is your go-to for relaxation, focus, or a simple dose of fun. With its gentle texture and playful charm, it’s the perfect stress-busting sidekick for both kids and adults. Product Features: Safe &amp; Soft Touch: Crafted from high-quality, non-toxic materials for worry-free, endless squishing. Charming Penguin Look: A sweet expression and cuddly design that penguin fans will adore. Stress &amp; Focus Aid: Great for calming nerves, easing anxiety, or keeping your hands busy. Gift-Ready Fun: A delightful surprise for birthdays, holidays, or any squishy toy lover. Bring a little happiness into your day with this cheerful penguin pal—always ready for a squeeze, a smile, and some squishy comfort.",https://kawaiigoo.com/products/octopus-penguin-baby-taba-squishy-toy,https://kawaiigoo.com/products/octopus-penguin-baby-taba-squishy-toy,https://cdn.shopify.com/s/files/1/0950/0069/0872/files/e98e91de-1_cfb0f50f-44c0-4eea-b767-6d9bb9cd92ba.webp?v=1779260632,"https://cdn.shopify.com/s/files/1/0950/0069/0872/files/73b88497-2_668da743-6de0-4889-9775-9fbce4be4222.webp?v=1779260632,https://cdn.shopify.com/s/files/1/0950/0069/0872/files/a6164f68-3_08990a42-4f5c-4e86-90b8-96ea65c959e5.webp?v=1779260632,https://cdn.shopify.com/s/files/1/0950/0069/0872/files/a80f83f5-4_13deadec-f7e2-4347-980a-74bff88c0573.webp?v=1779260631",12.99 USD,in stock,new,Kawaiigoo,,1259,,
shopify_US_10419848380600_53512177516728,10419848380600,Orange Jelly Handmade Squishy Ball,"Brighten your day with this handmade orange jelly squishy inspired by fresh citrus fruit and designed for a fun and satisfying squeeze. Its soft, jelly-like texture makes it perfect for stress relief, fidgeting, or simply enjoying a calming sensory experience anytime you need a break. Each piece is carefully handmade with attention to detail, giving it a unique and playful look. It measures approximately 2.36 inches in diameter, making it perfectly sized to fit comfortably in your hand, easy to carry, and enjoyable to squeeze wherever you go.",https://kawaiigoo.com/products/orange-jelly-handmade-squishy-ball,https://kawaiigoo.com/products/orange-jelly-handmade-squishy-ball,https://cdn.shopify.com/s/files/1/0950/0069/0872/files/A_3_2fb56252-c191-4163-ba0b-f889a3bb52fb.png?v=1779785847,"https://cdn.shopify.com/s/files/1/0950/0069/0872/files/A_1_d4dc09f3-7fdd-4e73-bcb4-1a4b168f93dd.png?v=1779785847,https://cdn.shopify.com/s/files/1/0950/0069/0872/files/A_2_159dbbfc-23fa-4d7b-ba35-195903e94c8f.png?v=1779785847",13.99 USD,in stock,new,Kawaiigoo,,1259,,
shopify_US_10422579495096_53523559710904,10422579495096,Osmanthus Sweet Dumpling Squishy Ball,"Bring a little calm and joy to your day with this adorable handmade squishy ball. Inspired by osmanthus rice wine sweet dumplings, it features a soft-touch texture and a charming design that offers a soothing sensory experience—perfect for helping you relax, unwind, and enjoy simple fidgeting moments. ✨ Features Handmade with love and care Comforting squeeze feel Helps relieve stress and tension Portable and easy to carry Cute collectible aesthetic Diameter: 1.97 inches ⚠️ Special Notes Each piece may vary due to the handmade process. Avoid puncturing or over-stretching. Not edible / Do not eat. Not suitable for children under 3 years old.",https://kawaiigoo.com/products/osmanthus-sweet-dumpling-squishy-ball,https://kawaiigoo.com/products/osmanthus-sweet-dumpling-squishy-ball,https://cdn.shopify.com/s/files/1/0950/0069/0872/files/A_1_e626f2f3-536d-4c2f-a73a-a4e96142d04c.png?v=1780037253,"https://cdn.shopify.com/s/files/1/0950/0069/0872/files/A_4_79f2280a-2291-4aae-846e-d95f7db91243.png?v=1780037253,https://cdn.shopify.com/s/files/1/0950/0069/0872/files/A_2_4ef721fb-aece-4fb2-b58a-ad6c9fc106bf.png?v=1780037253,https://cdn.shopify.com/s/files/1/0950/0069/0872/files/A_3_2b1a9907-3fd2-4884-9ea0-45a01516e752.png?v=1780037253",14.99 USD,in stock,new,Kawaiigoo,,1259,,
shopify_US_10422611902648_53523805438136,10422611902648,Pan Fried Baby Potato Handmade Squishy Ball,"Enjoy a calming and satisfying squeeze with this handmade squishy ball. Inspired by pan-fried baby potatoes, it features a soft-touch texture and adorable appearance, providing a relaxing sensory experience perfect for stress relief and daily fidgeting. ✨ Features Unique handmade style Soft and smooth texture Stress-relieving sensory experience Easy to carry anywhere Cute collectible design Diameter: 2.36 inches ⚠️ Special Notes Texture may change slightly with use. Handmade variations are expected and normal. Do not puncture or over-stretch. Not edible / Do not eat. Not suitable for children under 3 years old.",https://kawaiigoo.com/products/pan-fried-baby-potato-handmade-squishy-ball,https://kawaiigoo.com/products/pan-fried-baby-potato-handmade-squishy-ball,https://cdn.shopify.com/s/files/1/0950/0069/0872/files/ASMR_1.png?v=1780043050,,13.99 USD,in stock,new,Kawaiigoo,,1259,,
shopify_US_10441950494904_53582119141560,10441950494904,Peach Handmade Fidget Squishy Ball,"A peach handmade squishy ball designed for a satisfying squeeze and tactile enjoyment. Its soft, cute, and simple aesthetic offers a pleasant feel, making it perfect for stress relief, focus, and everyday fidgeting. Lightweight and easy to carry anywhere. ✨ Features Unique handmade style Stress relief experience Lightweight and portable Cute collectible piece Diameter: 2.36 inches ⚠️ Special Notes Texture may gradually change over time. Handmade variations are natural. Do not puncture or overstretch. Not edible / Do not eat. Not suitable for children under 3 years old.",https://kawaiigoo.com/products/peach-handmade-fidget-squishy-ball,https://kawaiigoo.com/products/peach-handmade-fidget-squishy-ball,https://cdn.shopify.com/s/files/1/0950/0069/0872/files/A_1_75f97ccc-0345-4460-b8ba-38edd6744618.png?v=1781160422,,14.99 USD,in stock,new,Kawaiigoo,,1259,,
shopify_US_10422615048376_53523833913528,10422615048376,Peach Handmade Squishy Ball,"Experience a gentle, calming squeeze with this handcrafted squishy ball. Inspired by peaches, it offers a comforting sensory experience with a beautiful aesthetic designed for relaxation and everyday enjoyment. ✨ Features Elegant handmade design Stress relief experience Lightweight and portable Cute collectible piece Diameter: 2.36 inches ⚠️ Special Notes Texture may gradually change over time. Handmade variations are natural. Do not puncture or overstretch. Not edible / Do not eat. Not suitable for children under 3 years old.",https://kawaiigoo.com/products/peach-handmade-squishy-ball,https://kawaiigoo.com/products/peach-handmade-squishy-ball,https://cdn.shopify.com/s/files/1/0950/0069/0872/files/f_4.png?v=1780045131,https://cdn.shopify.com/s/files/1/0950/0069/0872/files/f_3.png?v=1780045131,14.99 USD,in stock,new,Kawaiigoo,,1259,,
shopify_US_10409937141944_53486521811128,10409937141944,Peach Muffin Silicone Pinch Taba Squishy Toys,"Experience ultimate stress relief with our Peach Muffin Silicone Pinch Taba Squishy Toys. Made from high-quality silicone, these cute and squeezable toys are perfect for fidgeting and sensory play. Get ready to squish away your worries and improve focus. Experience the cuteness and satisfaction of Peach Muffin Silicone Pinch Taba Squishy Toys! Made from high-quality silicone, these squishy toys provide a satisfying tactile experience. Perfect for relieving stress or as a fun addition to your collection. Order now and enjoy the delightful softness of these adorable toys.",https://kawaiigoo.com/products/peach-muffin-silicone-pinch-taba-squishy-toys,https://kawaiigoo.com/products/peach-muffin-silicone-pinch-taba-squishy-toys,https://cdn.shopify.com/s/files/1/0950/0069/0872/files/59d22262-2_85212deb-0ac4-4082-9f7b-9fba4cd9ca68.webp?v=1779260635,,16.99 USD,in stock,new,Kawaiigoo,,1259,,
shopify_US_10414288044216_53499460747448,10414288044216,Peach Squishy Sticky Bun Slow Rising Stress Relief Toy,Enjoy a soothing ASMR-like experience with this ultra-soft slow-rising squishy toy. Every squeeze creates a satisfying tactile sensation that helps relax the mind and reduce stress. ✨ Features Slow rising foam texture Soft and satisfying squeeze feel Calming sensory feedback Cute food-inspired look Easy to carry anywhere ⚠️ Special Notes Not edible,https://kawaiigoo.com/products/peach-squishy-sticky-bun-slow-rising-stress-relief-toy,https://kawaiigoo.com/products/peach-squishy-sticky-bun-slow-rising-stress-relief-toy,https://cdn.shopify.com/s/files/1/0950/0069/0872/files/12.png?v=1779524909,,14.99 USD,in stock,new,Kawaiigoo,Stuffed Animals,1259,,
shopify_US_10409937174712_53486521942200,10409937174712,Peanuts Squeeze Stress Balls,"Enhance your concentration and alleviate stress with our Peanuts Squeeze Stress Balls. Constructed from sturdy materials, these stress balls are ideal for manipulating and squeezing to alleviate tension. Boost your overall health and well-being using this enjoyable and efficient product. Improve your stress management with our Peanuts Squeeze Stress Balls. Crafted from long-lasting materials, these stress balls effectively alleviate tension and enhance concentration. Gain control over stress and enhance your overall state of wellness with our Peanuts Squeeze Stress Balls.",https://kawaiigoo.com/products/peanuts-squeeze-stress-balls,https://kawaiigoo.com/products/peanuts-squeeze-stress-balls,https://cdn.shopify.com/s/files/1/0950/0069/0872/files/328de29f-1_45353003-22f3-411a-bf69-75c2435dbe1a.webp?v=1779260636,"https://cdn.shopify.com/s/files/1/0950/0069/0872/files/a2ecaeea-3_d09f4aa0-ce98-44dc-89d4-e2297a970876.webp?v=1779260636,https://cdn.shopify.com/s/files/1/0950/0069/0872/files/c031f8f5-2_04dc49dd-ce25-4295-ac95-0ae406bd6286.webp?v=1779260635",12.99 USD,in stock,new,Kawaiigoo,,1259,,
shopify_US_10409937338552_53486522138808,10409937338552,Pineapple Bread Toast Squishy,"This Pineapple Bread Toast Squishy offers a wonderfully soft, squeezable texture that provides long-lasting enjoyment for both kids and adults. Crafted from premium materials, it serves as an effective stress reliever while also supporting concentration and hand dexterity. Ideal for collectors and enthusiasts of distinctive and charming toys. Presenting the Pineapple Bread Toast Squishy, an essential addition for enthusiasts of squishy toys. Constructed from premium materials, it features a soft, gratifying texture. Its charming pineapple bread toast design adds a delightful aesthetic appeal. Acquire one today to experience effective stress relief and enhanced sensory engagement.",https://kawaiigoo.com/products/pineapple-bread-toast-squishy,https://kawaiigoo.com/products/pineapple-bread-toast-squishy,https://cdn.shopify.com/s/files/1/0950/0069/0872/files/2a71e646-1_3b408082-ac73-4d76-a60c-1e4782616e0f.webp?v=1779260635,"https://cdn.shopify.com/s/files/1/0950/0069/0872/files/94700591-3_8bd3d92f-f63f-454c-9eca-67153223878c.webp?v=1779260635,https://cdn.shopify.com/s/files/1/0950/0069/0872/files/67d99981-2_0954552d-aa90-4fc8-b675-6507dac53dc3.webp?v=1779260635",12.99 USD,in stock,new,Kawaiigoo,,1259,,
shopify_US_10409937273016_53486522040504,10409937273016,Pineapple Slice Toast Taba Squishy,"Discover the perfect blend of adorable design and tension relief with our Pineapple Slice Toast Taba Squishy! Crafted using top-notch materials, this squishy offers endless entertainment. Ideal for pressing, pulling, and even piling. The Pineapple Slice Toast Taba Squishy is a high-quality addition to any collection, designed for stress relief and sensory play. Its soft and squishable material is made to last, providing hours of fun. Please note that while it may resemble food, this product is not edible. Experience a playful touch to your day with the Pineapple Slice Toast Taba Squishy!",https://kawaiigoo.com/products/pineapple-slice-toast-taba-squishy,https://kawaiigoo.com/products/pineapple-slice-toast-taba-squishy,https://cdn.shopify.com/s/files/1/0950/0069/0872/files/8a163d42-6.webp?v=1779260636,https://cdn.shopify.com/s/files/1/0950/0069/0872/files/ef8e6289-5_9adf63b2-2ad9-47cc-a539-0b5c0d60a485.webp?v=1779260635,14.99 USD,in stock,new,Kawaiigoo,,1259,,
shopify_US_10414288240824_53499468775608,10414288240824,Pink Gummy Squishy Toy Extra Soft Slow Rising Stress Relief Toy,"This adorable squishy toy makes a perfect gift for anyone who loves cute and relaxing items. With its soft slow-rising texture and food-inspired design, it brings joy and comfort in every squeeze. ✨ Features Ultra-soft slow rising foam Cute collectible design Pleasant tactile feel Great novelty gift idea Portable and lightweight ⚠️ Special Notes Not edible Minor differences may occur",https://kawaiigoo.com/products/pink-gummy-squishy-toy-extra-soft-slow-rising-stress-relief-toy?variant=53499468775608,https://kawaiigoo.com/products/pink-gummy-squishy-toy-extra-soft-slow-rising-stress-relief-toy,https://cdn.shopify.com/s/files/1/0950/0069/0872/files/19.png?v=1779525001,"https://cdn.shopify.com/s/files/1/0950/0069/0872/files/21.png?v=1779525001,https://cdn.shopify.com/s/files/1/0950/0069/0872/files/17.png?v=1779525001,https://cdn.shopify.com/s/files/1/0950/0069/0872/files/18.png?v=1779525001,https://cdn.shopify.com/s/files/1/0950/0069/0872/files/20.png?v=1779525001",14.99 USD,in stock,new,Kawaiigoo,Stuffed Animals,1259,Pink,
shopify_US_10414288240824_53499468808376,10414288240824,Pink Gummy Squishy Toy Extra Soft Slow Rising Stress Relief Toy,"This adorable squishy toy makes a perfect gift for anyone who loves cute and relaxing items. With its soft slow-rising texture and food-inspired design, it brings joy and comfort in every squeeze. ✨ Features Ultra-soft slow rising foam Cute collectible design Pleasant tactile feel Great novelty gift idea Portable and lightweight ⚠️ Special Notes Not edible Minor differences may occur",https://kawaiigoo.com/products/pink-gummy-squishy-toy-extra-soft-slow-rising-stress-relief-toy?variant=53499468808376,https://kawaiigoo.com/products/pink-gummy-squishy-toy-extra-soft-slow-rising-stress-relief-toy,https://cdn.shopify.com/s/files/1/0950/0069/0872/files/18.png?v=1779525001,"https://cdn.shopify.com/s/files/1/0950/0069/0872/files/21.png?v=1779525001,https://cdn.shopify.com/s/files/1/0950/0069/0872/files/17.png?v=1779525001,https://cdn.shopify.com/s/files/1/0950/0069/0872/files/19.png?v=1779525001,https://cdn.shopify.com/s/files/1/0950/0069/0872/files/20.png?v=1779525001",14.99 USD,in stock,new,Kawaiigoo,Stuffed Animals,1259,Blue,
shopify_US_10409938845880_53486524137656,10409938845880,Pink Ice Cream Taba Squishy Toys,"Pink Ice Cream Taba Squishy Toys offer a soft, squeezable design that’s perfect for stress relief and fidgeting. With a cute ice cream shape in soothing pink tones, these toys are durable, compact, and easy to carry in pockets or bags for on-the-go fun. These squishies provide engaging sensory experiences through their malleable construction. Ideal for collectors, gift-givers, or anyone looking for a playful yet functional sensory toy, they combine charm, practicality, and long-lasting enjoyment.",https://kawaiigoo.com/products/pink-ice-cream-taba-squishy-toys,https://kawaiigoo.com/products/pink-ice-cream-taba-squishy-toys,https://cdn.shopify.com/s/files/1/0950/0069/0872/files/2e688ecb-lIGHT-1.webp?v=1779260639,,18.99 USD,in stock,new,Kawaiigoo,,1259,,
shopify_US_10409937535160_53486522269880,10409937535160,Pink Stress Ball Toys,"Expertly crafted to alleviate stress and tension, Pink Stress Ball Toys are the ideal solution for a relaxing day. Simply squeeze and release for a satisfying sensation that reduces anxiety and promotes calm. With their superior design for maximum tension relief, these toys are a must-have in any high-stress environment. Experience a therapeutic sensory effect with these Pink Stress Ball Toys due to their soft, squishy texture. Aside from relieving stress and anxiety, they can also enhance focus and improve hand strength. Crafted from premium materials, these stress balls are resilient and have a long lifespan. Have confidence in their ability to encourage relaxation and promote overall well-being.",https://kawaiigoo.com/products/pink-stress-ball-toys,https://kawaiigoo.com/products/pink-stress-ball-toys,https://cdn.shopify.com/s/files/1/0950/0069/0872/files/6d7ff4c6-3_ec3a42f2-4148-42f7-b0f5-ca4a876cfdbf.webp?v=1779260636,https://cdn.shopify.com/s/files/1/0950/0069/0872/files/0db1276f-2_701e0710-61a2-40ad-b12d-3420f63efa6f.webp?v=1779260636,12.99 USD,in stock,new,Kawaiigoo,,1259,,
shopify_US_10441951117496_53582123466936,10441951117496,Plum Mulberry Handmade Squishy Ball,"A plum and mulberry–inspired handmade squishy ball designed for a soft and satisfying squeeze experience. With its minimal cute aesthetic, it brings a gentle tactile feel that supports relaxation, focus, and everyday fidget use. Lightweight and easy to carry, it’s a charming little companion for daily stress relief. ✨ Features Handcrafted unique design Stress relief experience Easy to carry anywhere Adorable collectible item Diameter: 2.36 inches ⚠️ Special Notes Texture may gradually change over time. Handmade variations are natural. Do not puncture or overstretch. Not edible / Do not eat. Not suitable for children under 3 years old.",https://kawaiigoo.com/products/plum-mulberry-handmade-squishy-ball,https://kawaiigoo.com/products/plum-mulberry-handmade-squishy-ball,https://cdn.shopify.com/s/files/1/0950/0069/0872/files/A_2_56358f6d-85b7-4b1a-91aa-f1172c431b8b.png?v=1781160780,,14.99 USD,in stock,new,Kawaiigoo,,1259,,
shopify_US_10409937699000_53486522466488,10409937699000,Puppy Shrimp Sushi Taba Squishy Toys,"These Puppy Shrimp Sushi Taba Squishy Toys are perfect for any sushi lover or squishy enthusiast. Made with high-quality materials, these toys are soft, durable, and irresistibly cute. Add them to your collection for endless fun and relaxation. These Puppy Shrimp Sushi Taba Squishy Toys are the perfect addition to any toy collection. Made from high-quality materials, these toys are designed to provide endless fun and entertainment for your furry friend. With their unique shrimpy shape and squishy texture, they are sure to keep your pup entertained for hours. Give your pet the gift of fun with these adorable toys.",https://kawaiigoo.com/products/puppy-shrimp-sushi-taba-squishy-toys,https://kawaiigoo.com/products/puppy-shrimp-sushi-taba-squishy-toys,https://cdn.shopify.com/s/files/1/0950/0069/0872/files/a7488313-24_5fc568f8-c21d-4707-b020-1e2b41f4fce4.webp?v=1779260636,"https://cdn.shopify.com/s/files/1/0950/0069/0872/files/adff8e29-26_7211d34d-704a-47b8-b6ef-435098df4b64.webp?v=1779260636,https://cdn.shopify.com/s/files/1/0950/0069/0872/files/e3e79c3e-25_d996114c-ba11-481f-a512-d1fa64bf598d.webp?v=1779260636",16.99 USD,in stock,new,Kawaiigoo,,1259,,
shopify_US_10415325970616_53502036967608,10415325970616,Purple Grape Crispy Texture Stress Ball,"Discover a soothing sensory experience with our handmade squishy toys, designed for satisfying squeezes and ASMR-style relaxation. Each piece is individually crafted with playful textures and aesthetic appeal. ✨ Features: Handmade and individually crafted Soft-touch and satisfying squeeze feel Unique sensory textures for ASMR enjoyment Great for stress relief and focus Sealed construction for durability Cute collectible design styles ⚠️ Important Notes: Air pockets may form after intense use and can be adjusted. Small imperfections are part of handmade quality. Keep away from sharp objects. Not edible / Do not eat. Not suitable for children under 3 years old.",https://kawaiigoo.com/products/purple-grape-crispy-texture-stress-ball,https://kawaiigoo.com/products/purple-grape-crispy-texture-stress-ball,https://cdn.shopify.com/s/files/1/0950/0069/0872/files/6_90d72a59-9820-434a-bceb-7c9c91ff088b.png?v=1779611762,,12.99 USD,in stock,new,Kawaiigoo,Stuffed Animals,1259,,
shopify_US_10409938944184_53486524203192,10409938944184,Rainbow Pink Taba Squishy Toys,"Get ready to squeeze your stress away with Rainbow Pink Taba Squishy Toys! Soft, squishy, and oh-so-satisfying, these little toys feature a playful rainbow-pink gradient that’s fun to look at and fun to touch. Perfect for fidgeting at your desk, playing with, or just carrying around for a quick sensory break. Built to last, they can handle endless squeezing without losing their shape. These squishies aren’t just cute—they’re a handy way to relax, focus, or keep your hands busy. The premium material makes them durable, while the compact size fits easily in your bag, pocket, or on your desk. Stress relief, fun, and a pop of color—all in one squishy toy!",https://kawaiigoo.com/products/rainbow-pink-taba-squishy-toys,https://kawaiigoo.com/products/rainbow-pink-taba-squishy-toys,https://cdn.shopify.com/s/files/1/0950/0069/0872/files/b6330711-lIGHT-2.webp?v=1779260639,,18.99 USD,in stock,new,Kawaiigoo,,1259,,
shopify_US_10409937731768_53486522597560,10409937731768,Realistic Baguette Taba Squishy Toys,"Experience the realistic and satisfying feeling of squishing these Taba Squishy Toys! With their lifelike baguette designs, these toys are perfect for relieving stress and promoting relaxation. Made with high-quality materials, they are durable and sure to provide endless squishing fun. A must-have for any squishy toy collector! Experience the satisfying feeling of squishing our realistic baguette taba squishy toys. Made with high-quality materials, these toys are perfect for stress relief and sensory play. Get your hands on these squishy toys and indulge in the world of squishy fun!",https://kawaiigoo.com/products/realistic-baguette-taba-squishy-toys,https://kawaiigoo.com/products/realistic-baguette-taba-squishy-toys,https://cdn.shopify.com/s/files/1/0950/0069/0872/files/1d9def61-mmexport1745214766138.webp?v=1779260635,,14.99 USD,in stock,new,Kawaiigoo,,1259,,
shopify_US_10421149237432_53518866219192,10421149237432,Red Bean Coconut Oil Mochi Handmade Squishy Ball,"This soft handmade Red Bean Coconut Oil Mochi squishy ball offers a soothing tactile experience with every squeeze. Perfect for stress relief, desk entertainment, or simply keeping your hands occupied. ✨ Features Unique handmade charm Calming sensory experience Easy to carry anywhere Cute collectible design Diameter: 1.97 inches ⚠️ Special Notes Not edible",https://kawaiigoo.com/products/red-bean-coconut-oil-mochi-handmade-squishy-ball,https://kawaiigoo.com/products/red-bean-coconut-oil-mochi-handmade-squishy-ball,https://cdn.shopify.com/s/files/1/0950/0069/0872/files/r_1.png?v=1779961128,https://cdn.shopify.com/s/files/1/0950/0069/0872/files/r_2.png?v=1779961128,13.99 USD,in stock,new,Kawaiigoo,,1259,,
shopify_US_10414290239672_53499479195832,10414290239672,Red Bean Grilled Rice Cake Squishy Toy Ultra Soft Slow Rising,"A super cute kawaii squishy toy that feels as soft as mochi! Its slow-rising texture and adorable food-inspired look make it perfect for squeezing, collecting, or simply enjoying a relaxing moment anytime. ✨ Features Extra soft slow rebound design Kawaii food-inspired appearance Moist, dough-like texture Relaxing sensory experience Pocket-sized and easy to carry ⚠️ Special Notes Not edible Handmade variation possible",https://kawaiigoo.com/products/red-bean-grilled-rice-cake-squishy-toy-ultra-soft-slow-rising,https://kawaiigoo.com/products/red-bean-grilled-rice-cake-squishy-toy-ultra-soft-slow-rising,https://cdn.shopify.com/s/files/1/0950/0069/0872/files/27.png?v=1779525186,"https://cdn.shopify.com/s/files/1/0950/0069/0872/files/28.png?v=1779525186,https://cdn.shopify.com/s/files/1/0950/0069/0872/files/29.png?v=1779525186,https://cdn.shopify.com/s/files/1/0950/0069/0872/files/30.png?v=1779525186",14.99 USD,in stock,new,Kawaiigoo,Stuffed Animals,1259,,
shopify_US_10421142126776_53518753104056,10421142126776,Red Bean Matcha Crunchy Handmade Squishy Ball,"This handmade squishy ball combines a soft texture with an adorable design for a calming sensory experience. Great for stress relief, desk play, or everyday fidgeting fun. ✨ Features Cute handmade style Smooth touch texture Flexible and squeezable Perfect for stress relief Portable pocket size Diameter: 1.97 inches ⚠️ Special Notes Not edible",https://kawaiigoo.com/products/red-bean-matcha-crunchy-handmade-squishy-ball,https://kawaiigoo.com/products/red-bean-matcha-crunchy-handmade-squishy-ball,https://cdn.shopify.com/s/files/1/0950/0069/0872/files/D_1_78e502f6-c484-4201-aa12-bd2d977a31bf.png?v=1779959433,https://cdn.shopify.com/s/files/1/0950/0069/0872/files/D_2_06909000-3c14-4586-89a9-e095546aecad.png?v=1779959433,12.99 USD,in stock,new,Kawaiigoo,,1259,,
shopify_US_10441956032696_53582158201016,10441956032696,Refreshing Mint Soda Squeeze Ball,"A handcrafted squishy ball inspired by refreshing mint soda, designed with cute minimalist aesthetics and a smooth, satisfying squeeze. Ideal for stress relief, improving focus, and casual fidgeting throughout your day. ✨ Features Handmade unique style Easy to carry anywhere Cute collectible item Diameter: 2.36 inches ⚠️ Special Notes Texture may gradually change over time. Handmade variations are natural. Do not puncture or overstretch. Not edible / Do not eat. Not suitable for children under 3 years old.",https://kawaiigoo.com/products/refreshing-mint-soda-squeeze-ball,https://kawaiigoo.com/products/refreshing-mint-soda-squeeze-ball,https://cdn.shopify.com/s/files/1/0950/0069/0872/files/A_4_ebb9980e-f38b-4f66-93aa-cf0e618acfc0.png?v=1781161490,,14.99 USD,in stock,new,Kawaiigoo,,1259,,
shopify_US_10422612066488_53523821330616,10422612066488,Rice Tofu Shape Handmade Squishy Ball,"Squeeze away stress with this adorable handmade squishy ball. Its soft texture and charming look bring a comforting sensory experience for relaxation and everyday enjoyment. Inspired by a glutinous rice tofu design, it combines a cute, minimalist aesthetic with a soothing tactile feel. ✨ Features Handmade with care Soft-touch surface Stress relief support Portable design Cute collectible style ⚠️ Special Notes Not edible / Do not eat. Not suitable for children under 3 years old.",https://kawaiigoo.com/products/rice-tofu-shape-handmade-squishy-ball,https://kawaiigoo.com/products/rice-tofu-shape-handmade-squishy-ball,https://cdn.shopify.com/s/files/1/0950/0069/0872/files/ASMR.png?v=1780043373,,12.99 USD,in stock,new,Kawaiigoo,,1259,,
shopify_US_10603677647032_54148029415608,10603677647032,Sea Breeze Island Wax Shell Squishy Ball,"Take a mini beach getaway with the Sea Breeze Island Wax Shell Squishy Ball, a handmade squeeze toy wrapped in a glossy, sea-glass teal wax shell. A tiny golden starfish and a little blue rowboat sit on the surface like a scene from a tide pool, making it as fun to look at as it is to squeeze. Sea-Glass Wax Shell , a translucent teal shell dotted with tiny water-droplet details for a fresh, oceanside look Tiny Island Charms , a golden starfish and a mini boat turn each ball into a little seaside keepsake Soft, Squishy Feel , presses in and springs back for calming, fidget-friendly stress relief at your desk or on the go Handmade Detail , each ball is individually crafted, so small differences in color and decoration are part of the charm Delicate Wax Shell , the wax coating can crack easily, so we recommend recording your unboxing. Recommended for ages 14 and up",https://kawaiigoo.com/products/sea-breeze-island-wax-shell-squishy-ball,https://kawaiigoo.com/products/sea-breeze-island-wax-shell-squishy-ball,https://cdn.shopify.com/s/files/1/0950/0069/0872/files/sea-breeze-island-wax-shell-squishy-ball.jpg?v=1789967582,,14.99 USD,in stock,new,Kawaiigoo,Squishy Toy,1259,,
shopify_US_10421144223928_53518790787256,10421144223928,Sea Salt Bear Handmade Squishy Ball,"Relax your hands and mind with this soft handmade Sea Salt Bear squishy ball. Its flexible texture and adorable bear design create a soothing tactile experience, perfect for fidgeting and stress relief. ✨ Features Unique handcrafted look Comfortable stress-relieving squeeze Easy to carry anywhere Fun collectible style Diameter: 2.36 inches ⚠️ Special Notes Not edible",https://kawaiigoo.com/products/sea-salt-bear-handmade-squishy-ball,https://kawaiigoo.com/products/sea-salt-bear-handmade-squishy-ball,https://cdn.shopify.com/s/files/1/0950/0069/0872/files/squishy_d8b39938-8680-4af2-9a3a-20c0cd74b887.png?v=1779960164,,14.99 USD,in stock,new,Kawaiigoo,,1259,,
shopify_US_10415326068920_53502037786808,10415326068920,Sea Salt Crunchy Squishy Ball,"Enjoy a fun and relaxing sensory moment with our handmade squishy balls, made to deliver soft, calming squeezes and engaging ASMR textures. Perfect for stress relief and everyday fidget use. ✨ Features: Handmade sensory toy Soft, elastic, and satisfying texture Multiple sensory styles (crunchy, slush, jelly) Designed for ASMR and stress relief Sealed for better texture retention Cute and aesthetic appearance ⚠️ Important Notes: Texture may change slightly with use. Handmade variations are expected and normal. Do not puncture or over-stretch. Not edible / Do not eat. Not suitable for children under 3 years old.",https://kawaiigoo.com/products/sea-salt-crunchy-squishy-ball,https://kawaiigoo.com/products/sea-salt-crunchy-squishy-ball,https://cdn.shopify.com/s/files/1/0950/0069/0872/files/3_8473bad0-8d7d-4ce1-89fd-ded3b48dba05.png?v=1779611825,,12.99 USD,in stock,new,Kawaiigoo,Stuffed Animals,1259,,
shopify_US_10414285914296_53499446755512,10414285914296,Slow Rising Kawaii Seal Mochi Squishy Toy Stress Relief Toy,"This adorable slow-rising squishy toy is designed to deliver a calming and satisfying squeeze every time. With its ultra-soft, moist-like texture and cute food-inspired appearance, it slowly bounces back to its original shape, making it perfect for moments of relaxation and fun. ✨ Features Ultra-soft slow rebound material Cute food-inspired design Moist, squishy tactile feel Helps relieve stress and tension Compact and easy to carry ⚠️ Special Notes Not edible Slight variations in color, size, or texture may occur due to production and lighting differences",https://kawaiigoo.com/products/slow-rising-kawaii-seal-mochi-squishy-toy-stress-relief-toy,https://kawaiigoo.com/products/slow-rising-kawaii-seal-mochi-squishy-toy-stress-relief-toy,https://cdn.shopify.com/s/files/1/0950/0069/0872/files/2_0063f597-6648-494d-87a4-408ab12e3ec5.png?v=1779524668,https://cdn.shopify.com/s/files/1/0950/0069/0872/files/1_049ba783-8dac-4a46-83a1-d24e59363a85.png?v=1779524668,14.99 USD,in stock,new,Kawaiigoo,Stuffed Animals,1259,,
shopify_US_10422613180600_53523827851448,10422613180600,Smoothie Slush Handmade Squishy Ball,"Bring calm and comfort into your day with this adorable handmade squishy ball. Soft to the touch and visually charming, it offers a soothing sensory experience. Inspired by a smoothie slush texture aesthetic, it has a refreshing and playful look. ✨ Features Unique handmade design Stress-relieving experience Portable and lightweight Cute collectible aesthetic Diameter: 2.36 inches ⚠️ Special Notes Texture may change with use. Each piece is uniquely handmade. Do not puncture or overstretch. Not edible / Do not eat. Not suitable for children under 3 years old.",https://kawaiigoo.com/products/smoothie-slush-handmade-squishy-ball?variant=53523827851448,https://kawaiigoo.com/products/smoothie-slush-handmade-squishy-ball,https://cdn.shopify.com/s/files/1/0950/0069/0872/files/c_2_89cdaa3a-9cd9-4475-9e05-015987da28dc.png?v=1780044606,"https://cdn.shopify.com/s/files/1/0950/0069/0872/files/c_1_ec9e2680-4422-46af-91d5-aae27e251fe7.png?v=1780044606,https://cdn.shopify.com/s/files/1/0950/0069/0872/files/c_3_cb4b2c60-edab-4330-aaf8-6abc5e29a75e.png?v=1780044605",13.99 USD,in stock,new,Kawaiigoo,,1259,Pink,
shopify_US_10422613180600_53523827884216,10422613180600,Smoothie Slush Handmade Squishy Ball,"Bring calm and comfort into your day with this adorable handmade squishy ball. Soft to the touch and visually charming, it offers a soothing sensory experience. Inspired by a smoothie slush texture aesthetic, it has a refreshing and playful look. ✨ Features Unique handmade design Stress-relieving experience Portable and lightweight Cute collectible aesthetic Diameter: 2.36 inches ⚠️ Special Notes Texture may change with use. Each piece is uniquely handmade. Do not puncture or overstretch. Not edible / Do not eat. Not suitable for children under 3 years old.",https://kawaiigoo.com/products/smoothie-slush-handmade-squishy-ball?variant=53523827884216,https://kawaiigoo.com/products/smoothie-slush-handmade-squishy-ball,https://cdn.shopify.com/s/files/1/0950/0069/0872/files/c_1_ec9e2680-4422-46af-91d5-aae27e251fe7.png?v=1780044606,"https://cdn.shopify.com/s/files/1/0950/0069/0872/files/c_2_89cdaa3a-9cd9-4475-9e05-015987da28dc.png?v=1780044606,https://cdn.shopify.com/s/files/1/0950/0069/0872/files/c_3_cb4b2c60-edab-4330-aaf8-6abc5e29a75e.png?v=1780044605",13.99 USD,in stock,new,Kawaiigoo,,1259,Green,
shopify_US_10422613180600_53523827916984,10422613180600,Smoothie Slush Handmade Squishy Ball,"Bring calm and comfort into your day with this adorable handmade squishy ball. Soft to the touch and visually charming, it offers a soothing sensory experience. Inspired by a smoothie slush texture aesthetic, it has a refreshing and playful look. ✨ Features Unique handmade design Stress-relieving experience Portable and lightweight Cute collectible aesthetic Diameter: 2.36 inches ⚠️ Special Notes Texture may change with use. Each piece is uniquely handmade. Do not puncture or overstretch. Not edible / Do not eat. Not suitable for children under 3 years old.",https://kawaiigoo.com/products/smoothie-slush-handmade-squishy-ball?variant=53523827916984,https://kawaiigoo.com/products/smoothie-slush-handmade-squishy-ball,https://cdn.shopify.com/s/files/1/0950/0069/0872/files/c_3_cb4b2c60-edab-4330-aaf8-6abc5e29a75e.png?v=1780044605,"https://cdn.shopify.com/s/files/1/0950/0069/0872/files/c_2_89cdaa3a-9cd9-4475-9e05-015987da28dc.png?v=1780044606,https://cdn.shopify.com/s/files/1/0950/0069/0872/files/c_1_ec9e2680-4422-46af-91d5-aae27e251fe7.png?v=1780044606",13.99 USD,in stock,new,Kawaiigoo,,1259,Purple,
shopify_US_10409938976952_53486524465336,10409938976952,Snowman Taba Squishy Toys,"Snowman Taba Squishy Toys deliver tactile satisfaction with their soft, compressible design. These charming winter-themed collectibles feature a classic snowman aesthetic with a satisfying squeeze that provides stress relief and sensory engagement. Perfect for fidgeting, display, or casual play, they combine nostalgic appeal with modern comfort. Ideal for all ages seeking a portable, durable companion that brings a touch of seasonal cheer to any setting. These Snowman Taba Squishy Toys combine playful design with functional stress relief. Crafted from premium soft materials, they offer a satisfying tactile experience that appeals to collectors and casual users alike. The whimsical snowman character brings winter charm to desks, bags, or shelves. Durable construction ensures long-lasting enjoyment, while the compact size makes them convenient for on-the-go fidgeting. A versatile accessory that merges entertainment with practical anxiety management.",https://kawaiigoo.com/products/snowman-taba-squishy-toys,https://kawaiigoo.com/products/snowman-taba-squishy-toys,https://cdn.shopify.com/s/files/1/0950/0069/0872/files/c801ae98-1.webp?v=1779260639,https://cdn.shopify.com/s/files/1/0950/0069/0872/files/ce73da78-2.webp?v=1779260638,17.99 USD,in stock,new,Kawaiigoo,,1259,,
shopify_US_10409937797304_53486522630328,10409937797304,Soda Biscuits Taba Squishy Toys,"Soda Biscuits Taba Squishy Toys are a necessary item for all toy lovers. In addition to offering endless entertainment, these toys also offer stress relief due to their squishy consistency. Crafted with top-quality materials, these toys are long-lasting and make a valuable addition to any collection. Experience sweet satisfaction with our Soda Biscuits Taba Squishy Toys! Crafted from soft, squishy materials, these toys offer a playful way to relieve stress and spruce up your office or shelf. Their realistic design will make you feel like you're holding an actual soda and biscuit!",https://kawaiigoo.com/products/soda-biscuits-taba-squishy-toys,https://kawaiigoo.com/products/soda-biscuits-taba-squishy-toys,https://cdn.shopify.com/s/files/1/0950/0069/0872/files/3a429515-14_e7dbff43-b4a0-46be-a190-98b2ee3b8315.webp?v=1779260636,,15.99 USD,in stock,new,Kawaiigoo,,1259,,
shopify_US_10409954934968_53486601896120,10409954934968,Soft Giant Cheese Cube Fidget Toy,"Add a playful touch to your space with this jumbo cheese squishy cube. Designed with a glossy cheese inspired texture and realistic hole details, this adorable pastel cube is perfect for desk decor photo props and stress relief fun. Soft looking cute and irresistibly aesthetic this oversized cheese squishy brings cozy kawaii vibes anywhere you place it. Available in dreamy pastel colors it makes a perfect gift for squishy lovers and anyone obsessed with cute collectible accessories.",https://kawaiigoo.com/products/soft-giant-cheese-cube-fidget-toy?variant=53486601896120,https://kawaiigoo.com/products/soft-giant-cheese-cube-fidget-toy,https://cdn.shopify.com/s/files/1/0950/0069/0872/files/A_2.png?v=1779261146,"https://cdn.shopify.com/s/files/1/0950/0069/0872/files/A_1.png?v=1779261146,https://cdn.shopify.com/s/files/1/0950/0069/0872/files/Q.png?v=1779261484,https://cdn.shopify.com/s/files/1/0950/0069/0872/files/A_4.png?v=1779261146,https://cdn.shopify.com/s/files/1/0950/0069/0872/files/A_3.png?v=1779261146",14.99 USD,in stock,new,Kawaiigoo,,1259,Pink,
shopify_US_10409954934968_53486601863352,10409954934968,Soft Giant Cheese Cube Fidget Toy,"Add a playful touch to your space with this jumbo cheese squishy cube. Designed with a glossy cheese inspired texture and realistic hole details, this adorable pastel cube is perfect for desk decor photo props and stress relief fun. Soft looking cute and irresistibly aesthetic this oversized cheese squishy brings cozy kawaii vibes anywhere you place it. Available in dreamy pastel colors it makes a perfect gift for squishy lovers and anyone obsessed with cute collectible accessories.",https://kawaiigoo.com/products/soft-giant-cheese-cube-fidget-toy?variant=53486601863352,https://kawaiigoo.com/products/soft-giant-cheese-cube-fidget-toy,https://cdn.shopify.com/s/files/1/0950/0069/0872/files/Q.png?v=1779261484,"https://cdn.shopify.com/s/files/1/0950/0069/0872/files/A_1.png?v=1779261146,https://cdn.shopify.com/s/files/1/0950/0069/0872/files/A_2.png?v=1779261146,https://cdn.shopify.com/s/files/1/0950/0069/0872/files/A_4.png?v=1779261146,https://cdn.shopify.com/s/files/1/0950/0069/0872/files/A_3.png?v=1779261146",14.99 USD,in stock,new,Kawaiigoo,,1259,Yellow,
shopify_US_10415325872312_53502036410552,10415325872312,Spring Sakura Crunchy Squishy Ball,"Experience the calming satisfaction of our handmade sensory squishy collection — created for soft squeezing, textured feedback, and relaxing ASMR enjoyment. Each piece is carefully crafted with unique fillings for a comforting sensory experience. ✨ Features: Handmade sensory squishy design Soft, squishy, and stress-relieving texture Variety of crunchy / slush / jelly styles Ideal for ASMR, focus, and fidget use Sealed for texture stability and longevity Cute and aesthetic collectible design ⚠️ Important Notes: Texture may shift or trap air after repeated squeezing and may require adjustment. Handmade variations such as bubbles or slight imperfections are normal. Avoid sharp objects and over-stretching. Not edible / Do not eat. Not suitable for children under 3 years old.",https://kawaiigoo.com/products/spring-sakura-crunchy-squishy-ball,https://kawaiigoo.com/products/spring-sakura-crunchy-squishy-ball,https://cdn.shopify.com/s/files/1/0950/0069/0872/files/5_1dfe44f1-4b13-450e-9f14-aa4b8f9edb0a.png?v=1779611691,,14.99 USD,in stock,new,Kawaiigoo,Stuffed Animals,1259,,
shopify_US_10551836115128_53992925757624,10551836115128,Squishy Melt Bear Stress Toy,"Meet your new favorite desk companion. This oversized bear head squish is made from soft, food-grade silicone with a jelly-like 'water' feel, so every squeeze and stretch feels satisfyingly gooey. Handmade in small batches , each one is individually poured and finished by hand, so tiny variations in texture and color are part of the charm. Ultra-soft water-feel silicone , stretches, squishes, and slowly bounces back for endless satisfying play. Stress relief on demand , perfect for fidgeting at your desk, unwinding after a long day, or just because it feels amazing in your hands. Substantial size , weighing in at roughly 178g, it has real heft and presence compared to typical mini squishies. Handle with care , as an ultra-soft handmade piece it's delicate by nature - perfect for display and gentle squeezing rather than rough play.",https://kawaiigoo.com/products/squishy-melt-bear-stress-toy,https://kawaiigoo.com/products/squishy-melt-bear-stress-toy,https://cdn.shopify.com/s/files/1/0950/0069/0872/files/main1_sq.jpg?v=1787800386,https://cdn.shopify.com/s/files/1/0950/0069/0872/files/main3_sq.jpg?v=1787800388,19.99 USD,in stock,new,Kawaiigoo,Squishy,1259,,
shopify_US_10421148745912_53518858354872,10421148745912,Strawberry Sago Handmade Squishy Ball,"Designed for satisfying squeezes and relaxing moments, this handmade Strawberry Sago squishy ball features a soft texture and adorable look that makes everyday fidgeting more enjoyable. ✨ Features Cute handmade appearance Comforting squeeze feel Portable daily companion Fun and collectible Diameter: 2.36 inches ⚠️ Special Notes Not edible",https://kawaiigoo.com/products/strawberry-sago-handmade-squishy-ball,https://kawaiigoo.com/products/strawberry-sago-handmade-squishy-ball,https://cdn.shopify.com/s/files/1/0950/0069/0872/files/q_2.png?v=1779960861,"https://cdn.shopify.com/s/files/1/0950/0069/0872/files/q_3.png?v=1779960861,https://cdn.shopify.com/s/files/1/0950/0069/0872/files/q_4.png?v=1779960861,https://cdn.shopify.com/s/files/1/0950/0069/0872/files/q_1.png?v=1779960861",11.99 USD,in stock,new,Kawaiigoo,,1259,,
shopify_US_10409937961144_53486522958008,10409937961144,Strawberry Taba Squishy Toys,"Strawberry Taba Squishy Toys are a great addition to any collection. Crafted with soft, squishy material, these toys offer stress relief, improved focus, and relaxation benefits. They feature an adorable and vibrant strawberry design that is guaranteed to bring joy. Order now for a delightful experience! Explore the captivating realm of Strawberry Taba Squishy Toys. Crafted with top-notch materials, these squishies offer a sensory experience and help alleviate stress. The lifelike strawberry shape brings hours of enjoyment and tranquility. Order now to discover the ultimate squish satisfaction!",https://kawaiigoo.com/products/strawberry-taba-squishy-toys?variant=53486522958008,https://kawaiigoo.com/products/strawberry-taba-squishy-toys,https://cdn.shopify.com/s/files/1/0950/0069/0872/files/0ab417d8-4_b948edf0-0f2c-4bdc-83cf-ebdfaf46cb77.webp?v=1779260636,https://cdn.shopify.com/s/files/1/0950/0069/0872/files/76757780-6_701eecde-5cba-4fa7-a5fc-0a1dee1fb64c.webp?v=1779260635,13.99 USD,in stock,new,Kawaiigoo,,1259,pink,
shopify_US_10409937961144_53486522990776,10409937961144,Strawberry Taba Squishy Toys,"Strawberry Taba Squishy Toys are a great addition to any collection. Crafted with soft, squishy material, these toys offer stress relief, improved focus, and relaxation benefits. They feature an adorable and vibrant strawberry design that is guaranteed to bring joy. Order now for a delightful experience! Explore the captivating realm of Strawberry Taba Squishy Toys. Crafted with top-notch materials, these squishies offer a sensory experience and help alleviate stress. The lifelike strawberry shape brings hours of enjoyment and tranquility. Order now to discover the ultimate squish satisfaction!",https://kawaiigoo.com/products/strawberry-taba-squishy-toys?variant=53486522990776,https://kawaiigoo.com/products/strawberry-taba-squishy-toys,https://cdn.shopify.com/s/files/1/0950/0069/0872/files/76757780-6_701eecde-5cba-4fa7-a5fc-0a1dee1fb64c.webp?v=1779260635,https://cdn.shopify.com/s/files/1/0950/0069/0872/files/0ab417d8-4_b948edf0-0f2c-4bdc-83cf-ebdfaf46cb77.webp?v=1779260636,13.99 USD,in stock,new,Kawaiigoo,,1259,blue,
shopify_US_10409938026680_53486523023544,10409938026680,Stress Ball Ultra Squishy Handcrafted Sensory Toy,"Discover pure relaxation with our Stress Ball Ultra Squishy Handcrafted Sensory Toy. Carefully crafted using top-quality materials, it offers a pleasingly squishy and bouncy texture that effectively reduces stress and enhances concentration. Ideal for all ages, this toy delivers a tranquil sensory experience. Enhance relaxation with our Handcrafted Squishy Ultra Stress Ball for instant stress relief. Created from high-quality materials, this ball offers a delightful tactile experience to help alleviate stress and enhance focus. Suitable for all ages, our handcrafted toy is essential for those seeking a fun and efficient way to manage stress.",https://kawaiigoo.com/products/stress-ball-ultra-squishy-handcrafted-sensory-toy?variant=53486523023544,https://kawaiigoo.com/products/stress-ball-ultra-squishy-handcrafted-sensory-toy,https://cdn.shopify.com/s/files/1/0950/0069/0872/files/3289c00a-18_4b990bbb-4485-4b62-a847-d932f6d43ba6.webp?v=1779260635,"https://cdn.shopify.com/s/files/1/0950/0069/0872/files/9692a9c2-14_93cad9af-5f1e-460d-a9bc-1badcbe89af4.webp?v=1779260635,https://cdn.shopify.com/s/files/1/0950/0069/0872/files/f109e2ad-19_c373c061-8ce8-4b1b-b5fa-80935e3b27ce.webp?v=1779260636,https://cdn.shopify.com/s/files/1/0950/0069/0872/files/abedec77-15_cecdc5f6-002f-4603-9c55-ad41c91686b4.webp?v=1779260636,https://cdn.shopify.com/s/files/1/0950/0069/0872/files/e98e793d-20_377b4009-e028-40dd-94e6-0bc436aad0bb.webp?v=1779260636,https://cdn.shopify.com/s/files/1/0950/0069/0872/files/a4569aae-17_fca10a27-7373-44e8-8b41-1244b45dc6d4.webp?v=1779260636,https://cdn.shopify.com/s/files/1/0950/0069/0872/files/4b10e5b0-16_56d12e11-2619-4b6a-b882-13f92649d699.webp?v=1779260636,https://cdn.shopify.com/s/files/1/0950/0069/0872/files/0c4ec5fd-18_4b990bbb-4485-4b62-a847-d932f6d43ba6.webp?v=1779260635,https://cdn.shopify.com/s/files/1/0950/0069/0872/files/2856f430-18_4b990bbb-4485-4b62-a847-d932f6d43ba6.webp?v=1779260635,https://cdn.shopify.com/s/files/1/0950/0069/0872/files/0857fea5-18_4b990bbb-4485-4b62-a847-d932f6d43ba6.webp?v=1779260636",9.99 USD,in stock,new,Kawaiigoo,,1259,pink,
shopify_US_10409938026680_53486523056312,10409938026680,Stress Ball Ultra Squishy Handcrafted Sensory Toy,"Discover pure relaxation with our Stress Ball Ultra Squishy Handcrafted Sensory Toy. Carefully crafted using top-quality materials, it offers a pleasingly squishy and bouncy texture that effectively reduces stress and enhances concentration. Ideal for all ages, this toy delivers a tranquil sensory experience. Enhance relaxation with our Handcrafted Squishy Ultra Stress Ball for instant stress relief. Created from high-quality materials, this ball offers a delightful tactile experience to help alleviate stress and enhance focus. Suitable for all ages, our handcrafted toy is essential for those seeking a fun and efficient way to manage stress.",https://kawaiigoo.com/products/stress-ball-ultra-squishy-handcrafted-sensory-toy?variant=53486523056312,https://kawaiigoo.com/products/stress-ball-ultra-squishy-handcrafted-sensory-toy,https://cdn.shopify.com/s/files/1/0950/0069/0872/files/3289c00a-18_4b990bbb-4485-4b62-a847-d932f6d43ba6.webp?v=1779260635,"https://cdn.shopify.com/s/files/1/0950/0069/0872/files/9692a9c2-14_93cad9af-5f1e-460d-a9bc-1badcbe89af4.webp?v=1779260635,https://cdn.shopify.com/s/files/1/0950/0069/0872/files/f109e2ad-19_c373c061-8ce8-4b1b-b5fa-80935e3b27ce.webp?v=1779260636,https://cdn.shopify.com/s/files/1/0950/0069/0872/files/abedec77-15_cecdc5f6-002f-4603-9c55-ad41c91686b4.webp?v=1779260636,https://cdn.shopify.com/s/files/1/0950/0069/0872/files/e98e793d-20_377b4009-e028-40dd-94e6-0bc436aad0bb.webp?v=1779260636,https://cdn.shopify.com/s/files/1/0950/0069/0872/files/a4569aae-17_fca10a27-7373-44e8-8b41-1244b45dc6d4.webp?v=1779260636,https://cdn.shopify.com/s/files/1/0950/0069/0872/files/4b10e5b0-16_56d12e11-2619-4b6a-b882-13f92649d699.webp?v=1779260636,https://cdn.shopify.com/s/files/1/0950/0069/0872/files/0c4ec5fd-18_4b990bbb-4485-4b62-a847-d932f6d43ba6.webp?v=1779260635,https://cdn.shopify.com/s/files/1/0950/0069/0872/files/2856f430-18_4b990bbb-4485-4b62-a847-d932f6d43ba6.webp?v=1779260635,https://cdn.shopify.com/s/files/1/0950/0069/0872/files/0857fea5-18_4b990bbb-4485-4b62-a847-d932f6d43ba6.webp?v=1779260636",9.99 USD,in stock,new,Kawaiigoo,,1259,green,
shopify_US_10409938026680_53486523089080,10409938026680,Stress Ball Ultra Squishy Handcrafted Sensory Toy,"Discover pure relaxation with our Stress Ball Ultra Squishy Handcrafted Sensory Toy. Carefully crafted using top-quality materials, it offers a pleasingly squishy and bouncy texture that effectively reduces stress and enhances concentration. Ideal for all ages, this toy delivers a tranquil sensory experience. Enhance relaxation with our Handcrafted Squishy Ultra Stress Ball for instant stress relief. Created from high-quality materials, this ball offers a delightful tactile experience to help alleviate stress and enhance focus. Suitable for all ages, our handcrafted toy is essential for those seeking a fun and efficient way to manage stress.",https://kawaiigoo.com/products/stress-ball-ultra-squishy-handcrafted-sensory-toy?variant=53486523089080,https://kawaiigoo.com/products/stress-ball-ultra-squishy-handcrafted-sensory-toy,https://cdn.shopify.com/s/files/1/0950/0069/0872/files/3289c00a-18_4b990bbb-4485-4b62-a847-d932f6d43ba6.webp?v=1779260635,"https://cdn.shopify.com/s/files/1/0950/0069/0872/files/9692a9c2-14_93cad9af-5f1e-460d-a9bc-1badcbe89af4.webp?v=1779260635,https://cdn.shopify.com/s/files/1/0950/0069/0872/files/f109e2ad-19_c373c061-8ce8-4b1b-b5fa-80935e3b27ce.webp?v=1779260636,https://cdn.shopify.com/s/files/1/0950/0069/0872/files/abedec77-15_cecdc5f6-002f-4603-9c55-ad41c91686b4.webp?v=1779260636,https://cdn.shopify.com/s/files/1/0950/0069/0872/files/e98e793d-20_377b4009-e028-40dd-94e6-0bc436aad0bb.webp?v=1779260636,https://cdn.shopify.com/s/files/1/0950/0069/0872/files/a4569aae-17_fca10a27-7373-44e8-8b41-1244b45dc6d4.webp?v=1779260636,https://cdn.shopify.com/s/files/1/0950/0069/0872/files/4b10e5b0-16_56d12e11-2619-4b6a-b882-13f92649d699.webp?v=1779260636,https://cdn.shopify.com/s/files/1/0950/0069/0872/files/0c4ec5fd-18_4b990bbb-4485-4b62-a847-d932f6d43ba6.webp?v=1779260635,https://cdn.shopify.com/s/files/1/0950/0069/0872/files/2856f430-18_4b990bbb-4485-4b62-a847-d932f6d43ba6.webp?v=1779260635,https://cdn.shopify.com/s/files/1/0950/0069/0872/files/0857fea5-18_4b990bbb-4485-4b62-a847-d932f6d43ba6.webp?v=1779260636",9.99 USD,in stock,new,Kawaiigoo,,1259,blue,
shopify_US_10409938190520_53486523121848,10409938190520,Three Layer Toast Bread Squishy,"The Three Layer Toast Bread Squishy boasts a plush and malleable consistency that effectively mitigates stress and anxiety. Featuring an authentic appearance and three tiers of airy bread, it delivers a pleasurable sensory encounter. Crafted with top-tier components, it's resilient and enduring. Enjoy the advantages of tranquility and amusement with this exceptional squeezable plaything. Unleash your senses with our Three Layer Toast Bread Squishy. Crafted using top-grade materials, this squishy features three layers of soft, lifelike toast bread, ideal for satisfying restless hands. Whether for stress relief or pure enjoyment, this squishy is a must-have for any squishy enthusiast.",https://kawaiigoo.com/products/three-layer-toast-bread-squishy,https://kawaiigoo.com/products/three-layer-toast-bread-squishy,https://cdn.shopify.com/s/files/1/0950/0069/0872/files/e3b0b350-ThreeLayerToastBreadSquishy.webp?v=1779260635,,19.99 USD,in stock,new,Kawaiigoo,,1259,,
shopify_US_10409938223288_53486523285688,10409938223288,Transparent Cat Head Strawberry Taba Squishy Toys,"Experience the unique charm of the Transparent Cat Head Strawberry Taba Squishy Toys, designed for stress relief and sensory play. Crafted with a soft, squeezable material, these toys combine the playful shape of a cat head with a vibrant strawberry motif, offering both visual appeal and tactile satisfaction. Ideal for collectors and enthusiasts, they provide a durable, non-toxic option to help improve focus and reduce anxiety through gentle squeezing. Perfect for all ages seeking a fun and calming desk or pocket companion. The Transparent Cat Head Strawberry Taba Squishy Toys offer a distinctive blend of playful design and functional stress relief. Made from high-quality, transparent materials, these squishies feature a cat head shape infused with a strawberry theme, providing a visually engaging and tactile experience. Their soft, resilient texture makes them ideal for sensory stimulation, helping to alleviate tension and improve concentration. Suitable for collectors and users seeking a durable, non-toxic squishy toy that combines aesthetic appeal with practical benefits.",https://kawaiigoo.com/products/transparent-cat-head-strawberry-taba-squishy-toys,https://kawaiigoo.com/products/transparent-cat-head-strawberry-taba-squishy-toys,https://cdn.shopify.com/s/files/1/0950/0069/0872/files/476a2ccf-41_38557de2-f920-4032-8860-922ae56cb563.webp?v=1779260636,"https://cdn.shopify.com/s/files/1/0950/0069/0872/files/da82147a-43_5964489f-15fa-4689-815e-3b7cb884fa92.webp?v=1779260636,https://cdn.shopify.com/s/files/1/0950/0069/0872/files/98251007-42_ff0f5fc7-ea86-4ee1-aee3-9212694e4e9a.webp?v=1779260636",14.99 USD,in stock,new,Kawaiigoo,,1259,,
shopify_US_10409938288824_53486523351224,10409938288824,Transparent Green Apple Taba Squishy Toys,"The Transparent Green Apple Taba Squishy Toys deliver a satisfying tactile experience, expertly crafted for stress reduction and sensory engagement. Featuring a clear green apple-inspired design, they offer a realistic appearance combined with a soft, slow-rebound texture to enhance sensory stimulation. Suitable for all ages, these squishies aid in calming the mind, strengthening hand muscles, and improving concentration. Made from durable, non-toxic materials, they are well-suited for consistent use in various settings such as home, school, or the workplace. The Transparent Green Apple Taba Squishy Toys feature a translucent design inspired by green apples, paired with a soft, slow-rising texture that supports relaxation and eases stress. Precisely designed for realistic sensory engagement, these squishies contribute to improved hand coordination and dexterity. Constructed from safe, long-lasting materials, they are appropriate for users of all ages and well-suited for therapeutic, educational, or leisure environments.",https://kawaiigoo.com/products/transparent-green-apple-taba-squishy-toys,https://kawaiigoo.com/products/transparent-green-apple-taba-squishy-toys,https://cdn.shopify.com/s/files/1/0950/0069/0872/files/806e9eb0-25_3ff136e7-7def-463d-b741-a5d9d6219aa6.webp?v=1779260635,https://cdn.shopify.com/s/files/1/0950/0069/0872/files/e79d9bf9-26_a9636bf7-83e9-4070-b9c5-71a96bc20449.webp?v=1779260636,15.99 USD,in stock,new,Kawaiigoo,,1259,,
shopify_US_10409938354360_53486523416760,10409938354360,Transparent Green Grape Taba Squishy Toys,"Discover the calming texture of the Transparent Green Grape Taba Squishy Toys, expertly crafted for stress relief and sensory engagement. Made from soft, resilient materials, these squishies feature a translucent design that closely resembles fresh green grapes, delivering a realistic and soothing tactile sensation. Perfect for collectors or as a stylish desk companion, they offer an effective, discreet method to enhance concentration and alleviate anxiety during your daily routine. The Transparent Green Grape Taba Squishy Toys feature a lifelike design paired with a soft, flexible texture to provide a captivating sensory experience. Constructed from premium, non-toxic materials, these squishies accurately mimic the translucent look of green grapes, combining visual appeal with a gratifying squeeze. Ideal for stress reduction, improving concentration, or adding to a collection, they ensure durable quality and sustained softness for regular use.",https://kawaiigoo.com/products/transparent-green-grape-taba-squishy-toys,https://kawaiigoo.com/products/transparent-green-grape-taba-squishy-toys,https://cdn.shopify.com/s/files/1/0950/0069/0872/files/96d3e47d-33_76a89816-1f0a-4c10-8886-e3a078dd4079.webp?v=1779260636,"https://cdn.shopify.com/s/files/1/0950/0069/0872/files/6760315b-34_a7e729b2-2a07-415a-bf53-539371c57b54.webp?v=1779260636,https://cdn.shopify.com/s/files/1/0950/0069/0872/files/0b7a5160-32_5dce8392-bf9c-4526-a533-7b3c6e524ed8.webp?v=1779260636,https://cdn.shopify.com/s/files/1/0950/0069/0872/files/d5516841-31_22487aa4-7c47-4eee-85dd-f79b03ef8d83.webp?v=1779260636",14.99 USD,in stock,new,Kawaiigoo,,1259,,
shopify_US_10409938387128_53486523449528,10409938387128,Transparent Jellyfish Taba Squishy Toys,"Observe the alluring elegance of the sea through our Transparent Jellyfish Taba Squishy Toys. Crafted with premium materials, these toys have a plush and malleable texture. The clear design enables a stunning view of the delicate features of the jellyfish, offering an engaging sensory journey. Ideal for relieving stress and inspiring imaginative play. Explore the captivating and soothing nature of our Transparent Jellyfish Taba Squishy Toys. With premium materials, these toys are ideal for easing stress and engaging in sensory activities. The see-through design enhances the enchanting effect, suitable for all ages. Purchase your own satisfaction with squishy satisfaction now!",https://kawaiigoo.com/products/transparent-jellyfish-taba-squishy-toys,https://kawaiigoo.com/products/transparent-jellyfish-taba-squishy-toys,https://cdn.shopify.com/s/files/1/0950/0069/0872/files/9355143a-9_ff010483-e3f7-4542-ae06-12915f1a410f.webp?v=1779260636,,9.99 USD,in stock,new,Kawaiigoo,,1259,,
shopify_US_10409938419896_53487727575224,10409938419896,Transparent Pink Peach Taba Squishy Toys,"Discover the calming effect of Transparent Pink Peach Taba Squishy Toys, designed specifically for stress reduction and sensory engagement. Featuring a soft, flexible texture and a clear pink peach color, these toys offer both visual appeal and tactile comfort. Suitable for users of any age, they deliver lasting durability alongside a responsive bounce-back sensation, making them an excellent tool for relaxation or focused fidgeting. Transparent Pink Peach Taba Squishy Toys combine striking visual design with a pleasing tactile experience. Made from premium transparent materials, these squishies showcase a subtle pink peach shade that adds to their charm while offering a soft yet durable texture. Engineered for stress relief and sensory interaction, they provide reliable bounce-back performance, perfect for therapeutic applications or concentrated play. Their robust build guarantees extended use, catering to individuals looking for both relaxation and sensory engagement.",https://kawaiigoo.com/products/transparent-pink-peach-taba-squishy-toys?variant=53487727575224,https://kawaiigoo.com/products/transparent-pink-peach-taba-squishy-toys,https://cdn.shopify.com/s/files/1/0950/0069/0872/files/5ac9bbb5-28_5f4923d9-4341-44a6-b3bf-d25e6044620b.webp?v=1779260636,"https://cdn.shopify.com/s/files/1/0950/0069/0872/files/5bf8b658-29_bd15eb53-4677-4584-972d-9007e1f0fdc6.webp?v=1779260636,https://cdn.shopify.com/s/files/1/0950/0069/0872/files/90c9ff20-30_3966e711-4468-4dbe-b585-a3411787cd7b.webp?v=1779260636",14.99 USD,in stock,new,Kawaiigoo,,1259,,Small
shopify_US_10409938419896_53487727607992,10409938419896,Transparent Pink Peach Taba Squishy Toys,"Discover the calming effect of Transparent Pink Peach Taba Squishy Toys, designed specifically for stress reduction and sensory engagement. Featuring a soft, flexible texture and a clear pink peach color, these toys offer both visual appeal and tactile comfort. Suitable for users of any age, they deliver lasting durability alongside a responsive bounce-back sensation, making them an excellent tool for relaxation or focused fidgeting. Transparent Pink Peach Taba Squishy Toys combine striking visual design with a pleasing tactile experience. Made from premium transparent materials, these squishies showcase a subtle pink peach shade that adds to their charm while offering a soft yet durable texture. Engineered for stress relief and sensory interaction, they provide reliable bounce-back performance, perfect for therapeutic applications or concentrated play. Their robust build guarantees extended use, catering to individuals looking for both relaxation and sensory engagement.",https://kawaiigoo.com/products/transparent-pink-peach-taba-squishy-toys?variant=53487727607992,https://kawaiigoo.com/products/transparent-pink-peach-taba-squishy-toys,https://cdn.shopify.com/s/files/1/0950/0069/0872/files/5ac9bbb5-28_5f4923d9-4341-44a6-b3bf-d25e6044620b.webp?v=1779260636,"https://cdn.shopify.com/s/files/1/0950/0069/0872/files/5bf8b658-29_bd15eb53-4677-4584-972d-9007e1f0fdc6.webp?v=1779260636,https://cdn.shopify.com/s/files/1/0950/0069/0872/files/90c9ff20-30_3966e711-4468-4dbe-b585-a3411787cd7b.webp?v=1779260636",17.99 USD,in stock,new,Kawaiigoo,,1259,,Medium
shopify_US_10409938452664_53486523482296,10409938452664,Transparent Purple Grape Taba Squishy Toys,"Experience the satisfying texture of the Transparent Purple Grape Taba Squishy Toys, designed for stress relief and sensory play. Crafted with a soft, pliable material, these toys offer a realistic grape-inspired look with a translucent purple finish. Ideal for both kids and adults, they provide a calming tactile experience while enhancing focus and relaxation. Durable and easy to clean, these squishies make a perfect addition to your collection or a thoughtful gift for anyone seeking a fun, soothing outlet. The Transparent Purple Grape Taba Squishy Toys combine realistic design with a soft, flexible texture to provide an effective stress-relief tool. Their translucent purple hue mimics the appearance of grapes, enhancing visual appeal while offering a satisfying tactile experience. Ideal for sensory stimulation and focus enhancement, these durable squishies are suitable for all ages and easy to maintain, making them a practical choice for relaxation and play.",https://kawaiigoo.com/products/transparent-purple-grape-taba-squishy-toys,https://kawaiigoo.com/products/transparent-purple-grape-taba-squishy-toys,https://cdn.shopify.com/s/files/1/0950/0069/0872/files/cf34d3cc-40_dac77470-00f0-4ebf-b055-6b53e321785d.webp?v=1779260636,"https://cdn.shopify.com/s/files/1/0950/0069/0872/files/19540ca9-38_7e89c45a-1dea-4b6b-94be-d8e28e7e2213.webp?v=1779260636,https://cdn.shopify.com/s/files/1/0950/0069/0872/files/5f42a748-39_b6a2a41d-05d6-4c16-9e5e-3a0343237686.webp?v=1779260638",14.99 USD,in stock,new,Kawaiigoo,,1259,,
shopify_US_10409938550968_53486523580600,10409938550968,Transparent Red Apple Taba Squishy Toys,"Experience the satisfying texture of the Transparent Red Apple Taba Squishy Toys, designed for stress relief and sensory play. Crafted with a translucent red finish, these squishies offer a realistic apple appearance while providing a soft, slow-rising feel. Ideal for collectors and those seeking a tactile distraction, they combine visual appeal with durable, high-quality materials for long-lasting enjoyment. Perfect for enhancing focus or simply unwinding, these squishy toys bring both fun and relaxation to your daily routine. The Transparent Red Apple Taba Squishy Toy offers a realistic, translucent design combined with a soft, slow-rising texture that soothes stress and enhances tactile engagement. Made from durable materials, it provides a satisfying sensory experience ideal for relaxation, focus, or collection. Its vibrant red hue and apple shape make it both visually appealing and functional for everyday use.",https://kawaiigoo.com/products/transparent-red-apple-taba-squishy-toys,https://kawaiigoo.com/products/transparent-red-apple-taba-squishy-toys,https://cdn.shopify.com/s/files/1/0950/0069/0872/files/aa4dab42-19_a05c75cb-2794-4a77-b1bd-47a9550f6544.webp?v=1779260638,"https://cdn.shopify.com/s/files/1/0950/0069/0872/files/58bc0365-21_53daebfd-3398-44a1-839b-6b130f8aff4d.webp?v=1779260638,https://cdn.shopify.com/s/files/1/0950/0069/0872/files/dea07673-20_056580aa-f3f1-4b6e-8aaf-38ae18328481.webp?v=1779260638",13.99 USD,in stock,new,Kawaiigoo,,1259,,
shopify_US_10409938583736_53486523646136,10409938583736,Transparent Strawberry Taba Squishy Toys,"Experience the satisfying texture of the Transparent Strawberry Taba Squishy Toys, designed for stress relief and sensory play. Crafted with soft, durable materials, these toys offer a realistic strawberry appearance with a translucent finish, enhancing visual appeal. Ideal for both children and adults, they provide a calming tactile experience while improving hand strength and focus. Perfect for collectors or as a thoughtful gift, these squishies combine fun and functionality in a compact, portable design. The Transparent Strawberry Taba Squishy Toys offer a unique blend of visual appeal and tactile satisfaction. Made from high-quality, soft materials, these squishies feature a translucent strawberry design that enhances sensory engagement. Their slow-rising texture provides effective stress relief and hand exercise, making them suitable for both therapeutic use and casual enjoyment. Durable and lightweight, they are perfect for on-the-go relaxation or as a collectible item for enthusiasts seeking a realistic yet playful accessory.",https://kawaiigoo.com/products/transparent-strawberry-taba-squishy-toys,https://kawaiigoo.com/products/transparent-strawberry-taba-squishy-toys,https://cdn.shopify.com/s/files/1/0950/0069/0872/files/43352666-35_e2247c7c-ae88-477c-82a5-add8ad5c43dc.webp?v=1779260638,"https://cdn.shopify.com/s/files/1/0950/0069/0872/files/03e4d501-36_f9c3daba-9dcd-488a-ba32-06b2c49bea2b.webp?v=1779260638,https://cdn.shopify.com/s/files/1/0950/0069/0872/files/28eb1441-37_711e3981-5df3-4158-b951-27979c114276.webp?v=1779260638",12.99 USD,in stock,new,Kawaiigoo,,1259,,
shopify_US_10409938616504_53486523613368,10409938616504,Triple Dark Chocolate Taba Squishy Toys,"Triple Dark Chocolate Taba Squishy Toys offer a unique sensory experience with their rich chocolate-inspired design and tactile softness. Crafted from high-quality, slow-rising material, these toys provide satisfying stress relief and enhance focus through gentle squeezing. Their vibrant triple chocolate detailing appeals to collectors and enthusiasts alike, making them both a playful stress reliever and an engaging decorative item. Durable and easy to squeeze repeatedly, these squishies deliver long-lasting enjoyment for all ages. Triple Dark Chocolate Taba Squishy Toys combine realistic design with soft, slow-rising foam to offer a calming tactile experience. Perfect for stress relief or sensory play, these toys feature rich, detailed chocolate tones that enhance visual appeal while providing durability for repeated use. Ideal for collectors and individuals seeking a sophisticated squishy toy with an expert-crafted finish.",https://kawaiigoo.com/products/triple-dark-chocolate-taba-squishy-toys,https://kawaiigoo.com/products/triple-dark-chocolate-taba-squishy-toys,https://cdn.shopify.com/s/files/1/0950/0069/0872/files/859e707a-Chocolate.webp?v=1779260638,,19.99 USD,in stock,new,Kawaiigoo,,1259,,
shopify_US_10409938682040_53486523744440,10409938682040,Triple Litte Duck Taba Squishy Toy,"Introducing the Triple Little Duck Taba Squishy Toy - a premium product designed to deliver both irresistable cuteness and efficient stress relief. Manufactured with the highest standards and top-notch materials, this toy offers endless possibilities for squeezing, squishing, and displaying. Its unique design, featuring three endearing ducks, guarantees endless fun and relaxation for kids and adults alike. Promote your child's tactile development with our Triple Little Duck Taba Squishy Toy. Constructed with pliable and elastic elements, this toy enhances fine motor skills and sparks creativity. Designed for children of any age, our toy offers both safety and durability for enduring enjoyment.",https://kawaiigoo.com/products/triple-litte-duck-taba-squishy-toy,https://kawaiigoo.com/products/triple-litte-duck-taba-squishy-toy,https://cdn.shopify.com/s/files/1/0950/0069/0872/files/032f5270-2_8cda3844-bad5-426c-b22b-7a8df33b273c.webp?v=1779260638,"https://cdn.shopify.com/s/files/1/0950/0069/0872/files/3fc52f3a-4_6b65c7ec-ee6b-4aeb-b9a0-1b148c523382.webp?v=1779260638,https://cdn.shopify.com/s/files/1/0950/0069/0872/files/7422ca23-1_5b2b0c50-04c5-418e-aaaf-41a61c7b2f72.webp?v=1779260638,https://cdn.shopify.com/s/files/1/0950/0069/0872/files/8098f58c-3_0a24fd7d-f233-436c-98da-12b4c34ae835.webp?v=1779260639",10.99 USD,in stock,new,Kawaiigoo,,1259,,
shopify_US_10453038104760_53620150665400,10453038104760,Watermelon Crispy Squishy Handmade Clay Cracking Ball Toy,"Squeeze away stress with this adorable handmade watermelon clay cracking squishy ball. Perfectly sized for a satisfying burst, it's your ideal companion for intense tactile relaxation and ASMR play. Each piece is uniquely crafted by hand, featuring a vibrant red watermelon design filled with cute miniature melon slices and holographic star glitters. Give it a firm squeeze to pop the inner crunchy shell layer for an incredibly satisfying release. ✨ Features Handmade watermelon ""crispy skin"" cracking style Satisfying pop-and-crunch tactile feedback Perfect for deep stress relief and ASMR crunching ⚠️ Special Note Not edible / Do not eat.",https://kawaiigoo.com/products/watermelon-crispy-squishy-handmade-clay-cracking-ball-toy,https://kawaiigoo.com/products/watermelon-crispy-squishy-handmade-clay-cracking-ball-toy,https://cdn.shopify.com/s/files/1/0950/0069/0872/files/1040g00831vtljjqh3q0g4a3rs1n9hgkg8mc41fg.jpg?v=1782260136,,14.99 USD,in stock,new,Kawaiigoo,Stuffed Animals,1259,,
shopify_US_10422612623544_53523825524920,10422612623544,Waxberry Handmade Squishy Ball,"Enjoy a gentle and calming squeeze with this handmade squishy ball. Inspired by waxberry fruit, it features a soft texture and sweet aesthetic look that brings comfort and relaxation to your everyday life. ✨ Features Handcrafted design Stress-relieving experience Portable size Cute collectible item Diameter: 2.36 inches ⚠️ Special Notes Texture may slightly evolve with use. Each item is handmade and unique. Do not puncture or overstretch. Not edible / Do not eat. Not suitable for children under 3 years old.",https://kawaiigoo.com/products/waxberry-handmade-squishy-ball,https://kawaiigoo.com/products/waxberry-handmade-squishy-ball,https://cdn.shopify.com/s/files/1/0950/0069/0872/files/b_2_facd44ef-ee7d-4fff-92d7-96d5b9039f97.png?v=1780044076,,13.99 USD,in stock,new,Kawaiigoo,,1259,,
shopify_US_10414288994488_53499470381240,10414288994488,White Seal Roll Squishy Toy Cute Seal Bun Slow Rising Stress Relief Toy,"Designed for calming sensory play, this slow-rising squishy toy provides a satisfying tactile experience. Its ultra-soft, moist texture helps keep your hands engaged while promoting relaxation and focus. ✨ Features Slow rebound stress relief material Soft and realistic texture feel Engaging sensory stimulation Helps improve focus Compact design for daily use ⚠️ Special Notes Not edible Color and size may vary slightly",https://kawaiigoo.com/products/white-seal-roll-squishy-toy-cute-seal-bun-slow-rising-stress-relief-toy,https://kawaiigoo.com/products/white-seal-roll-squishy-toy-cute-seal-bun-slow-rising-stress-relief-toy,https://cdn.shopify.com/s/files/1/0950/0069/0872/files/23.png?v=1779525118,"https://cdn.shopify.com/s/files/1/0950/0069/0872/files/26.png?v=1779525118,https://cdn.shopify.com/s/files/1/0950/0069/0872/files/22.png?v=1779525118,https://cdn.shopify.com/s/files/1/0950/0069/0872/files/25.png?v=1779525119,https://cdn.shopify.com/s/files/1/0950/0069/0872/files/24.png?v=1779525118",14.99 USD,in stock,new,Kawaiigoo,Stuffed Animals,1259,,
shopify_US_10414288142520_53499468382392,10414288142520,White Steamed Bun Squishy Toy Ultra Soft Slow Rising Stress Relief Toy,"A realistic food-inspired squishy toy that looks good enough to eat—but is made purely for squeezing! Its slow-rising, ultra-soft texture delivers a satisfying and calming sensory experience. ✨ Features Realistic food appearance Soft slow rebound design Moist, squishy texture Stress-relief friendly material Durable and reusable ⚠️ Special Notes Not edible",https://kawaiigoo.com/products/white-steamed-bun-squishy-toy-ultra-soft-slow-rising-stress-relief-toy,https://kawaiigoo.com/products/white-steamed-bun-squishy-toy-ultra-soft-slow-rising-stress-relief-toy,https://cdn.shopify.com/s/files/1/0950/0069/0872/files/16.png?v=1779524974,"https://cdn.shopify.com/s/files/1/0950/0069/0872/files/13.png?v=1779524974,https://cdn.shopify.com/s/files/1/0950/0069/0872/files/14.png?v=1779524975,https://cdn.shopify.com/s/files/1/0950/0069/0872/files/15.png?v=1779524974",14.99 USD,in stock,new,Kawaiigoo,Stuffed Animals,1259,,
shopify_US_10414292566200_53499489419448,10414292566200,Yellow Fermented Tofu Squishy Toy,"Bring a sense of calm and cuteness into your everyday life with this ultra-soft slow-rising squishy toy. Designed with a realistic food-inspired look and an extra moist, cloud-like texture, it delivers a deeply satisfying squeeze that slowly returns to its original shape. Perfect for stress relief, focus, or simply playful relaxation, this kawaii-style fidget toy is enjoyable for both kids and adults. ✨ Features Ultra-soft slow-rising material for satisfying squeezes. Realistic food-inspired kawaii design. Moist, cloud-like sensory texture. Helps relieve stress and improve focus. Compact and portable for everyday use. ⚠️ Special Notes Not edible (for play and decoration only). Slight variations in size, color, or texture may occur due to production and lighting differences.",https://kawaiigoo.com/products/yellow-fermented-tofu-squishy-toy,https://kawaiigoo.com/products/yellow-fermented-tofu-squishy-toy,https://cdn.shopify.com/s/files/1/0950/0069/0872/files/34.png?v=1779525330,"https://cdn.shopify.com/s/files/1/0950/0069/0872/files/33.png?v=1779525331,https://cdn.shopify.com/s/files/1/0950/0069/0872/files/35.png?v=1779525330,https://cdn.shopify.com/s/files/1/0950/0069/0872/files/36.png?v=1779525330",14.99 USD,in stock,new,Kawaiigoo,Stuffed Animals,1259,,
shopify_US_10415325774008_53502035755192,10415325774008,Yellow Pineapple Crunchy Squishy Ball,"Experience the satisfying feel of our handmade sensory squishy balls — designed for soft squeezing, crunchy textures, and relaxing ASMR play. Each piece is carefully handmade with unique fillings and textures for a fun, stress-relieving sensory experience. ✨ Features: Handmade sensory squishy toy Soft, stretchy, and satisfying to squeeze Unique crunchy / slush / jelly textures Great for ASMR, stress relief, and fidget play Sealed design for freshness and texture preservation Cute aesthetic colors and themed styles ⚠️ Important Notes: Not edible / Do not eat. Crunchy shell textures may trap air after heavy squeezing or popping and may require re-vacuuming. Handmade items may have small variations, bubbles, or imperfections. Please avoid sharp objects and excessive stretching. Not suitable for children under 3 years old. 💖 Every squishy is handmade with care, making each one slightly unique. Perfect for collectors, gifting, desk fidgets, and ASMR lovers.",https://kawaiigoo.com/products/yellow-pineapple-crunchy-squishy-ball,https://kawaiigoo.com/products/yellow-pineapple-crunchy-squishy-ball,https://cdn.shopify.com/s/files/1/0950/0069/0872/files/4_d811088c-8c32-4c70-8a70-351a6d5f2fcd.png?v=1779611631,,12.99 USD,in stock,new,Kawaiigoo,Stuffed Animals,1259,,
