id,item_group_id,title,description,link,canonical_link,image_link,additional_image_link,price,availability,condition,brand,product_type,google_product_category,color,size
shopify_US_10224166797346_50376405286946,10224166797346,2-in-1 Bristle & Sponge Floor Scrub Brush - Telescoping Handle Bathroom Tile & Glass Cleaner,"Scrub the floor, then take on the shower wall with the same tool - this 2-in-1 brush pairs dense teal bristles on one edge with a scouring sponge face, all on a lightweight telescoping handle that lets you clean standing up. Dual-action head - fine bristles lift grime from tile lines while the sponge face wipes down glass and smooth surfaces Telescoping handle - extends to reach high walls and tub corners without a step stool Swivel head - pivots flat, angled, and vertical for full coverage on floors and walls Built-in squeegee strip - pulls water streaks away as you scrub Lightweight build - about 260g (0.57 lb), easy to handle with one hand Durable PP construction - stands up to water and everyday scrubbing",https://nestfinds.com/products/2-in-1-bristle-sponge-floor-scrub-brush-telescoping-handle-bathroom-tile-glass-cleaner,https://nestfinds.com/products/2-in-1-bristle-sponge-floor-scrub-brush-telescoping-handle-bathroom-tile-glass-cleaner,https://cdn.shopify.com/s/files/1/0906/9972/6882/files/bristle-sponge-floor-scrub-brush-1.jpg?v=1789968354,"https://cdn.shopify.com/s/files/1/0906/9972/6882/files/bristle-sponge-floor-scrub-brush-2.jpg?v=1789968357,https://cdn.shopify.com/s/files/1/0906/9972/6882/files/bristle-sponge-floor-scrub-brush-3.jpg?v=1789968361,https://cdn.shopify.com/s/files/1/0906/9972/6882/files/bristle-sponge-floor-scrub-brush-4.jpg?v=1789968364,https://cdn.shopify.com/s/files/1/0906/9972/6882/files/bristle-sponge-floor-scrub-brush-5.jpg?v=1789968368",26.99 USD,in stock,new,Nest Finds,Scrub Brushes,4670,,
shopify_US_8634640859170_47337714024482,8634640859170,2-in-1 Floor Scrub Brush with Scraper - Long Handle V-Shaped Bristle Tile & Grout Cleaner,"Cut through grime in tile lines, corners, and grout without kneeling - this long-handle scrub brush pairs stiff V-shaped bristles with a built-in scraper to handle both everyday dirt and stuck-on stains in one pass. V-shaped bristle head - reaches into corners and grout lines standard brushes miss Built-in scraper edge - lifts dried spills and stuck-on residue Long handle - scrub floors and low walls standing up, no more sore knees 360° flexible head - angles to match tile, tub, and baseboard surfaces Ideal for bathroom tile, kitchen floors, shower grout, and outdoor patios - one tool that replaces a scrub brush, a putty scraper, and a mop.",https://nestfinds.com/products/2-in-1-floor-scrub-brush-with-scraper-long-handle-v-shaped-bristle-tile-grout-cleaner,https://nestfinds.com/products/2-in-1-floor-scrub-brush-with-scraper-long-handle-v-shaped-bristle-tile-grout-cleaner,https://cdn.shopify.com/s/files/1/0906/9972/6882/files/9_7cce5713-0904-4333-9b82-bdbc7abe7be0.png?v=1788829890,"https://cdn.shopify.com/s/files/1/0906/9972/6882/files/3_a8045686-61e7-4e46-a372-a99356765cd8.png?v=1788829893,https://cdn.shopify.com/s/files/1/0906/9972/6882/files/2_115d143a-4eb6-4297-8124-b541851a93b7.png?v=1788829896,https://cdn.shopify.com/s/files/1/0906/9972/6882/files/7_b25f6880-083b-4c18-a36a-0b8378888868.png?v=1788829899,https://cdn.shopify.com/s/files/1/0906/9972/6882/files/5_3d035fe7-ccae-45ee-beb4-a9381fa0781a.png?v=1788829902,https://cdn.shopify.com/s/files/1/0906/9972/6882/files/4_fef09cd4-2ec6-4eab-be72-ba94314a527a.png?v=1788829905,https://cdn.shopify.com/s/files/1/0906/9972/6882/files/6_47785368-77e3-44ec-9696-401e82c7d2bf.png?v=1788829908",19.99 USD,in stock,new,Nest Finds,Home & Garden,536,,
shopify_US_8634682540066_47337813966882,8634682540066,2-in-1 Floor Scrub Brush with Water Scraper - Long Handle Tile & Grout Cleaner,"Scrub and dry floors in one motion - this 2-in-1 tool combines a stiff-bristle scrub brush with a built-in water scraper so you clean and clear away liquid residue without switching tools. 2-in-1 smart design - stiff bristle brush plus built-in water scraper Deep cleaning power - high-density bristles remove stubborn stains, dirt, and grease Integrated water scraper - pushes away water and foam for a streak-free finish Adjustable long handle - clean without bending or straining your back Rust-resistant build - engineered for wet environments Great for bathroom floors, kitchen spills, tile and grout, outdoor patios, and garage cleaning.",https://nestfinds.com/products/2-in-1-floor-scrub-brush-with-water-scraper-long-handle-tile-grout-cleaner,https://nestfinds.com/products/2-in-1-floor-scrub-brush-with-water-scraper-long-handle-tile-grout-cleaner,https://cdn.shopify.com/s/files/1/0906/9972/6882/files/3_5b3a41b2-5e1e-41b9-8fb9-15ce5eeb9f1b.png?v=1788831291,"https://cdn.shopify.com/s/files/1/0906/9972/6882/files/4_a865f2f2-7aa9-4a16-8061-fce4f8779119.png?v=1788831294,https://cdn.shopify.com/s/files/1/0906/9972/6882/files/1_9c5a9f68-9f28-4921-b301-fb57d45d9231.png?v=1788831297,https://cdn.shopify.com/s/files/1/0906/9972/6882/files/2_5d1744f8-ea6f-4ac2-bedb-784b5e909439.png?v=1788831299",24.99 USD,in stock,new,Nest Finds,Scrub Brushes,4670,,
shopify_US_8634681524258_47337811509282,8634681524258,2-in-1 Magnetic Bottle & Can Opener - Mushroom-Shaped Kitchen Tool,"Stop fumbling with bottle caps and can tabs - this mushroom-shaped opener handles both jobs in one compact tool. 2-in-1 function - the base pops bottle caps while the magnetic top opens soda and beer cans Strong magnetic grip - locks onto can tabs and catches loose bottle caps Fridge-ready magnet base - doubles as a fridge magnet, always within reach Comfortable rounded grip - smooth, slip-free opening Available in Vintage Red or Latte Cream - matches kitchen decor Compact and giftable - great for kitchens, bar carts, housewarmings, and White Elephant gifts.",https://nestfinds.com/products/2-in-1-magnetic-bottle-can-opener-mushroom-shaped-kitchen-tool?variant=47337811509282,https://nestfinds.com/products/2-in-1-magnetic-bottle-can-opener-mushroom-shaped-kitchen-tool,https://cdn.shopify.com/s/files/1/0906/9972/6882/files/img6_clean.jpg?v=1788831119,"https://cdn.shopify.com/s/files/1/0906/9972/6882/files/img7_clean.jpg?v=1788831122,https://cdn.shopify.com/s/files/1/0906/9972/6882/files/img3_clean.jpg?v=1788831127",12.99 USD,in stock,new,Nest Finds,Kitchen Utensils,4765,Vintage Red,
shopify_US_8634681524258_47337811542050,8634681524258,2-in-1 Magnetic Bottle & Can Opener - Mushroom-Shaped Kitchen Tool,"Stop fumbling with bottle caps and can tabs - this mushroom-shaped opener handles both jobs in one compact tool. 2-in-1 function - the base pops bottle caps while the magnetic top opens soda and beer cans Strong magnetic grip - locks onto can tabs and catches loose bottle caps Fridge-ready magnet base - doubles as a fridge magnet, always within reach Comfortable rounded grip - smooth, slip-free opening Available in Vintage Red or Latte Cream - matches kitchen decor Compact and giftable - great for kitchens, bar carts, housewarmings, and White Elephant gifts.",https://nestfinds.com/products/2-in-1-magnetic-bottle-can-opener-mushroom-shaped-kitchen-tool?variant=47337811542050,https://nestfinds.com/products/2-in-1-magnetic-bottle-can-opener-mushroom-shaped-kitchen-tool,https://cdn.shopify.com/s/files/1/0906/9972/6882/files/img7_clean.jpg?v=1788831122,"https://cdn.shopify.com/s/files/1/0906/9972/6882/files/img6_clean.jpg?v=1788831119,https://cdn.shopify.com/s/files/1/0906/9972/6882/files/img3_clean.jpg?v=1788831127",12.99 USD,in stock,new,Nest Finds,Kitchen Utensils,4765,Latte Cream,
shopify_US_8635319910434_47338723278882,8635319910434,2-in-1 Rotating Cleaning Brush - Multi-Surface Scrub Brush for Kitchen & Bathroom,"Cut scrubbing time with a rotating brush head that lifts dirt and grime from multiple surfaces without the repetitive elbow work. Rotating brush mechanism - deep-cleans with less manual scrubbing 2-in-1 dual-purpose design - adapts to kitchen and bathroom surfaces Adaptable bristle head - suits tile, grout, sinks, and fixtures Available in White, Brown, or Purple Great for sinks, tubs, tile, and stovetops - professional-level clean with everyday effort.",https://nestfinds.com/products/2-in-1-rotating-cleaning-brush-multi-surface-scrub-brush-for-kitchen-bathroom?variant=47338723278882,https://nestfinds.com/products/2-in-1-rotating-cleaning-brush-multi-surface-scrub-brush-for-kitchen-bathroom,https://cdn.shopify.com/s/files/1/0906/9972/6882/files/White.jpg?v=1788849452,"https://cdn.shopify.com/s/files/1/0906/9972/6882/files/1_950db471-721c-407d-9b2b-52ab202f3373.png?v=1788849421,https://cdn.shopify.com/s/files/1/0906/9972/6882/files/2_422c4468-992c-488e-b1cd-13689263086b.png?v=1788849425,https://cdn.shopify.com/s/files/1/0906/9972/6882/files/3_60863f46-7d28-4ac1-914b-7d24839ab0e9.png?v=1788849428,https://cdn.shopify.com/s/files/1/0906/9972/6882/files/4_4ef80573-f577-4353-b036-77f24069023f.png?v=1788849431,https://cdn.shopify.com/s/files/1/0906/9972/6882/files/5_678d626b-6e5e-4ac6-b853-decf985f7dce.png?v=1788849434,https://cdn.shopify.com/s/files/1/0906/9972/6882/files/6_c55f4d8e-2758-42ea-814c-35547c072f55.png?v=1788849437,https://cdn.shopify.com/s/files/1/0906/9972/6882/files/7_4edffaa4-8269-41f8-9d28-77ca0a2b825a.png?v=1788849440,https://cdn.shopify.com/s/files/1/0906/9972/6882/files/8_e90657a9-85b4-4ca3-8865-db2494f3abed.png?v=1788849443,https://cdn.shopify.com/s/files/1/0906/9972/6882/files/Brown.jpg?v=1788849446,https://cdn.shopify.com/s/files/1/0906/9972/6882/files/Purple.jpg?v=1788849449",12.99 USD,in stock,new,Nest Finds,Scrub Brushes,4670,White,
shopify_US_8635319910434_47338723311650,8635319910434,2-in-1 Rotating Cleaning Brush - Multi-Surface Scrub Brush for Kitchen & Bathroom,"Cut scrubbing time with a rotating brush head that lifts dirt and grime from multiple surfaces without the repetitive elbow work. Rotating brush mechanism - deep-cleans with less manual scrubbing 2-in-1 dual-purpose design - adapts to kitchen and bathroom surfaces Adaptable bristle head - suits tile, grout, sinks, and fixtures Available in White, Brown, or Purple Great for sinks, tubs, tile, and stovetops - professional-level clean with everyday effort.",https://nestfinds.com/products/2-in-1-rotating-cleaning-brush-multi-surface-scrub-brush-for-kitchen-bathroom?variant=47338723311650,https://nestfinds.com/products/2-in-1-rotating-cleaning-brush-multi-surface-scrub-brush-for-kitchen-bathroom,https://cdn.shopify.com/s/files/1/0906/9972/6882/files/Brown.jpg?v=1788849446,"https://cdn.shopify.com/s/files/1/0906/9972/6882/files/1_950db471-721c-407d-9b2b-52ab202f3373.png?v=1788849421,https://cdn.shopify.com/s/files/1/0906/9972/6882/files/2_422c4468-992c-488e-b1cd-13689263086b.png?v=1788849425,https://cdn.shopify.com/s/files/1/0906/9972/6882/files/3_60863f46-7d28-4ac1-914b-7d24839ab0e9.png?v=1788849428,https://cdn.shopify.com/s/files/1/0906/9972/6882/files/4_4ef80573-f577-4353-b036-77f24069023f.png?v=1788849431,https://cdn.shopify.com/s/files/1/0906/9972/6882/files/5_678d626b-6e5e-4ac6-b853-decf985f7dce.png?v=1788849434,https://cdn.shopify.com/s/files/1/0906/9972/6882/files/6_c55f4d8e-2758-42ea-814c-35547c072f55.png?v=1788849437,https://cdn.shopify.com/s/files/1/0906/9972/6882/files/7_4edffaa4-8269-41f8-9d28-77ca0a2b825a.png?v=1788849440,https://cdn.shopify.com/s/files/1/0906/9972/6882/files/8_e90657a9-85b4-4ca3-8865-db2494f3abed.png?v=1788849443,https://cdn.shopify.com/s/files/1/0906/9972/6882/files/Purple.jpg?v=1788849449,https://cdn.shopify.com/s/files/1/0906/9972/6882/files/White.jpg?v=1788849452",12.99 USD,in stock,new,Nest Finds,Scrub Brushes,4670,Brown,
shopify_US_8635319910434_47338723344418,8635319910434,2-in-1 Rotating Cleaning Brush - Multi-Surface Scrub Brush for Kitchen & Bathroom,"Cut scrubbing time with a rotating brush head that lifts dirt and grime from multiple surfaces without the repetitive elbow work. Rotating brush mechanism - deep-cleans with less manual scrubbing 2-in-1 dual-purpose design - adapts to kitchen and bathroom surfaces Adaptable bristle head - suits tile, grout, sinks, and fixtures Available in White, Brown, or Purple Great for sinks, tubs, tile, and stovetops - professional-level clean with everyday effort.",https://nestfinds.com/products/2-in-1-rotating-cleaning-brush-multi-surface-scrub-brush-for-kitchen-bathroom?variant=47338723344418,https://nestfinds.com/products/2-in-1-rotating-cleaning-brush-multi-surface-scrub-brush-for-kitchen-bathroom,https://cdn.shopify.com/s/files/1/0906/9972/6882/files/Purple.jpg?v=1788849449,"https://cdn.shopify.com/s/files/1/0906/9972/6882/files/1_950db471-721c-407d-9b2b-52ab202f3373.png?v=1788849421,https://cdn.shopify.com/s/files/1/0906/9972/6882/files/2_422c4468-992c-488e-b1cd-13689263086b.png?v=1788849425,https://cdn.shopify.com/s/files/1/0906/9972/6882/files/3_60863f46-7d28-4ac1-914b-7d24839ab0e9.png?v=1788849428,https://cdn.shopify.com/s/files/1/0906/9972/6882/files/4_4ef80573-f577-4353-b036-77f24069023f.png?v=1788849431,https://cdn.shopify.com/s/files/1/0906/9972/6882/files/5_678d626b-6e5e-4ac6-b853-decf985f7dce.png?v=1788849434,https://cdn.shopify.com/s/files/1/0906/9972/6882/files/6_c55f4d8e-2758-42ea-814c-35547c072f55.png?v=1788849437,https://cdn.shopify.com/s/files/1/0906/9972/6882/files/7_4edffaa4-8269-41f8-9d28-77ca0a2b825a.png?v=1788849440,https://cdn.shopify.com/s/files/1/0906/9972/6882/files/8_e90657a9-85b4-4ca3-8865-db2494f3abed.png?v=1788849443,https://cdn.shopify.com/s/files/1/0906/9972/6882/files/Brown.jpg?v=1788849446,https://cdn.shopify.com/s/files/1/0906/9972/6882/files/White.jpg?v=1788849452",12.99 USD,in stock,new,Nest Finds,Scrub Brushes,4670,Purple,
shopify_US_8634666221602_47337750200354,8634666221602,2-in-1 Stainless Steel Scrub Brush - Adjustable Long Handle with Detachable V-Shaped Head,"Scrub grout, tile, and tight corners without bending over - this 2-in-1 floor brush pairs a V-shaped bristle head with a stainless steel handle that adjusts from 23"" to 46.4"" to match your height and task. V-shaped bristle head - angles into corners and grout lines standard brushes can't reach 120° swivel head - pivots to follow tile, tub, and baseboard contours Detachable design - pop the head off for easy rinsing and compact storage Adjustable 23""-46.4"" handle - stainless steel pole extends to your ideal cleaning height Available in Green, White, or Khaki Built for bathroom tile, shower grout, and kitchen floors - reach every corner standing up, no knee pads required.",https://nestfinds.com/products/2-in-1-stainless-steel-scrub-brush-adjustable-long-handle-with-detachable-v-shaped-head?variant=47337750200354,https://nestfinds.com/products/2-in-1-stainless-steel-scrub-brush-adjustable-long-handle-with-detachable-v-shaped-head,https://cdn.shopify.com/s/files/1/0906/9972/6882/files/61fLgW6XAhL._AC_SL1000.jpg?v=1788830666,"https://cdn.shopify.com/s/files/1/0906/9972/6882/files/715MvxjJkhL._AC_SL1050.jpg?v=1788830668,https://cdn.shopify.com/s/files/1/0906/9972/6882/files/71jgRvqpwpL._AC_SL1500.jpg?v=1788830671,https://cdn.shopify.com/s/files/1/0906/9972/6882/files/81hxmWkLC2L._AC_SL1500.jpg?v=1788830674,https://cdn.shopify.com/s/files/1/0906/9972/6882/files/81OAmrCcbrL._AC_SL1500.jpg?v=1788830678,https://cdn.shopify.com/s/files/1/0906/9972/6882/files/71jvW3RMMAL._AC_SL1500.jpg?v=1788830680,https://cdn.shopify.com/s/files/1/0906/9972/6882/files/61z4xvdeKqL._AC_SL1500.jpg?v=1788830683,https://cdn.shopify.com/s/files/1/0906/9972/6882/files/71gHsnqoJPL._AC_SL1500.jpg?v=1788830686,https://cdn.shopify.com/s/files/1/0906/9972/6882/files/612gq9yD1ML._AC_SL1500.jpg?v=1788830689,https://cdn.shopify.com/s/files/1/0906/9972/6882/files/41UnyGxpuLL._AC.jpg?v=1788830691,https://cdn.shopify.com/s/files/1/0906/9972/6882/files/6138wrMVeML._AC_SL1500.jpg?v=1788830694",19.95 USD,in stock,new,Nest Finds,Scrub Brushes,4670,Green,
shopify_US_8634666221602_47337750233122,8634666221602,2-in-1 Stainless Steel Scrub Brush - Adjustable Long Handle with Detachable V-Shaped Head,"Scrub grout, tile, and tight corners without bending over - this 2-in-1 floor brush pairs a V-shaped bristle head with a stainless steel handle that adjusts from 23"" to 46.4"" to match your height and task. V-shaped bristle head - angles into corners and grout lines standard brushes can't reach 120° swivel head - pivots to follow tile, tub, and baseboard contours Detachable design - pop the head off for easy rinsing and compact storage Adjustable 23""-46.4"" handle - stainless steel pole extends to your ideal cleaning height Available in Green, White, or Khaki Built for bathroom tile, shower grout, and kitchen floors - reach every corner standing up, no knee pads required.",https://nestfinds.com/products/2-in-1-stainless-steel-scrub-brush-adjustable-long-handle-with-detachable-v-shaped-head?variant=47337750233122,https://nestfinds.com/products/2-in-1-stainless-steel-scrub-brush-adjustable-long-handle-with-detachable-v-shaped-head,https://cdn.shopify.com/s/files/1/0906/9972/6882/files/6138wrMVeML._AC_SL1500.jpg?v=1788830694,"https://cdn.shopify.com/s/files/1/0906/9972/6882/files/61fLgW6XAhL._AC_SL1000.jpg?v=1788830666,https://cdn.shopify.com/s/files/1/0906/9972/6882/files/715MvxjJkhL._AC_SL1050.jpg?v=1788830668,https://cdn.shopify.com/s/files/1/0906/9972/6882/files/71jgRvqpwpL._AC_SL1500.jpg?v=1788830671,https://cdn.shopify.com/s/files/1/0906/9972/6882/files/81hxmWkLC2L._AC_SL1500.jpg?v=1788830674,https://cdn.shopify.com/s/files/1/0906/9972/6882/files/81OAmrCcbrL._AC_SL1500.jpg?v=1788830678,https://cdn.shopify.com/s/files/1/0906/9972/6882/files/71jvW3RMMAL._AC_SL1500.jpg?v=1788830680,https://cdn.shopify.com/s/files/1/0906/9972/6882/files/61z4xvdeKqL._AC_SL1500.jpg?v=1788830683,https://cdn.shopify.com/s/files/1/0906/9972/6882/files/71gHsnqoJPL._AC_SL1500.jpg?v=1788830686,https://cdn.shopify.com/s/files/1/0906/9972/6882/files/612gq9yD1ML._AC_SL1500.jpg?v=1788830689,https://cdn.shopify.com/s/files/1/0906/9972/6882/files/41UnyGxpuLL._AC.jpg?v=1788830691",19.95 USD,in stock,new,Nest Finds,Scrub Brushes,4670,White,
shopify_US_8634666221602_47337750265890,8634666221602,2-in-1 Stainless Steel Scrub Brush - Adjustable Long Handle with Detachable V-Shaped Head,"Scrub grout, tile, and tight corners without bending over - this 2-in-1 floor brush pairs a V-shaped bristle head with a stainless steel handle that adjusts from 23"" to 46.4"" to match your height and task. V-shaped bristle head - angles into corners and grout lines standard brushes can't reach 120° swivel head - pivots to follow tile, tub, and baseboard contours Detachable design - pop the head off for easy rinsing and compact storage Adjustable 23""-46.4"" handle - stainless steel pole extends to your ideal cleaning height Available in Green, White, or Khaki Built for bathroom tile, shower grout, and kitchen floors - reach every corner standing up, no knee pads required.",https://nestfinds.com/products/2-in-1-stainless-steel-scrub-brush-adjustable-long-handle-with-detachable-v-shaped-head?variant=47337750265890,https://nestfinds.com/products/2-in-1-stainless-steel-scrub-brush-adjustable-long-handle-with-detachable-v-shaped-head,https://cdn.shopify.com/s/files/1/0906/9972/6882/files/41UnyGxpuLL._AC.jpg?v=1788830691,"https://cdn.shopify.com/s/files/1/0906/9972/6882/files/61fLgW6XAhL._AC_SL1000.jpg?v=1788830666,https://cdn.shopify.com/s/files/1/0906/9972/6882/files/715MvxjJkhL._AC_SL1050.jpg?v=1788830668,https://cdn.shopify.com/s/files/1/0906/9972/6882/files/71jgRvqpwpL._AC_SL1500.jpg?v=1788830671,https://cdn.shopify.com/s/files/1/0906/9972/6882/files/81hxmWkLC2L._AC_SL1500.jpg?v=1788830674,https://cdn.shopify.com/s/files/1/0906/9972/6882/files/81OAmrCcbrL._AC_SL1500.jpg?v=1788830678,https://cdn.shopify.com/s/files/1/0906/9972/6882/files/71jvW3RMMAL._AC_SL1500.jpg?v=1788830680,https://cdn.shopify.com/s/files/1/0906/9972/6882/files/61z4xvdeKqL._AC_SL1500.jpg?v=1788830683,https://cdn.shopify.com/s/files/1/0906/9972/6882/files/71gHsnqoJPL._AC_SL1500.jpg?v=1788830686,https://cdn.shopify.com/s/files/1/0906/9972/6882/files/612gq9yD1ML._AC_SL1500.jpg?v=1788830689,https://cdn.shopify.com/s/files/1/0906/9972/6882/files/6138wrMVeML._AC_SL1500.jpg?v=1788830694",19.95 USD,in stock,new,Nest Finds,Scrub Brushes,4670,Khaki,
shopify_US_8634667532322_47337752068130,8634667532322,2-in-1 Window Screen Cleaning Brush with Scraper - Dual-Sided Mesh Screen Duster,"Clear dust and stuck-on grime off window screens with one dual-sided tool - a soft brush on one side for everyday dust, a precision scraper on the other for dried residue. Dual-sided design - soft brush plus scraper blade in a single handheld tool Soft bristle side - lifts dust and loose debris without tearing delicate mesh Scraper side - removes dried-on grime and buildup standard brushes leave behind Compact, ergonomic grip - works on interior and exterior glass and screens Ideal for window screens, glass panes, and sliding door tracks - one tool replaces a separate brush and scraper for faster window maintenance.",https://nestfinds.com/products/2-in-1-window-screen-cleaning-brush-with-scraper-dual-sided-mesh-screen-duster,https://nestfinds.com/products/2-in-1-window-screen-cleaning-brush-with-scraper-dual-sided-mesh-screen-duster,https://cdn.shopify.com/s/files/1/0906/9972/6882/files/6_3d577459-42da-4acf-b9b7-bee20ad1cf04.png?v=1788830710,"https://cdn.shopify.com/s/files/1/0906/9972/6882/files/3_0d5f089a-1299-44ba-a028-f98034693898.png?v=1788830715,https://cdn.shopify.com/s/files/1/0906/9972/6882/files/5_ad2cb9ab-5a09-4e31-83d2-a74cfc3692ee.png?v=1788830718,https://cdn.shopify.com/s/files/1/0906/9972/6882/files/4_92a58fd4-7633-45b7-9087-bb88c7a99d00.png?v=1788830721,https://cdn.shopify.com/s/files/1/0906/9972/6882/files/1_4c68fde8-b2c1-4253-b6a9-eef037e6d6ca.png?v=1788830724,https://cdn.shopify.com/s/files/1/0906/9972/6882/files/2_0efc6e92-e8c6-4a13-909b-431ab032cf87.png?v=1788830727",12.99 USD,in stock,new,Nest Finds,Scrub Brushes,4670,,
shopify_US_8652786073634_47516621275170,8652786073634,3-in-1 V-Shape Floor Scrub Brush with Detachable Squeegee Head - Long Handle Tile & Grout Cleaner,"Scrub, squeegee, and reach every tight corner with one tool - this 3-in-1 floor brush pairs an extra-wide V-shaped bristle head with a built-in squeegee edge, plus a fully detachable brush head for the gaps a full-size brush can't reach. 26cm V-shaped bristle head - extra-wide coverage that digs deep into grout lines and corners Built-in squeegee edge - wipes away soapy water and residue right after scrubbing Detachable brush head - pops off the handle for spot-cleaning countertops, window tracks, and tight gaps Long handle design - scrub floors, tubs, and low walls standing up, no more sore knees Durable stainless steel handle - built to hold up through daily bathroom and kitchen cleaning",https://nestfinds.com/products/3-in-1-v-shape-floor-scrub-brush-with-detachable-squeegee-head-long-handle-tile-grout-cleaner,https://nestfinds.com/products/3-in-1-v-shape-floor-scrub-brush-with-detachable-squeegee-head-long-handle-tile-grout-cleaner,https://cdn.shopify.com/s/files/1/0906/9972/6882/files/img2_clean.jpg?v=1789211071,"https://cdn.shopify.com/s/files/1/0906/9972/6882/files/img1_clean.jpg?v=1789211058,https://cdn.shopify.com/s/files/1/0906/9972/6882/files/img5.jpg?v=1789211062,https://cdn.shopify.com/s/files/1/0906/9972/6882/files/img4_clean.jpg?v=1789211066",25.99 USD,in stock,new,Nest Finds,Scrub Brushes,4670,,
shopify_US_8635321516066_47338727473186,8635321516066,3-Tier Rotating Kitchen Storage Rack - Foldable Movable Cabinet Organizer,"Reach every spice and utensil without digging through cabinets - this three-tier rack rotates a full 360°, then folds flat when you need to move it or free up counter space. 3-tier rotating design - spins for instant access to every item stored Foldable structure - collapses for easy storage or relocation Tool-free setup - assembles without hardware or instructions Available in White or Black Ideal for organizing spices, utensils, or cookware on countertops, in cabinets, or on a pantry shelf.",https://nestfinds.com/products/3-tier-rotating-kitchen-storage-rack-foldable-movable-cabinet-organizer?variant=47338727473186,https://nestfinds.com/products/3-tier-rotating-kitchen-storage-rack-foldable-movable-cabinet-organizer,https://cdn.shopify.com/s/files/1/0906/9972/6882/files/7_c2b8e207-da15-4bd0-beaa-8f3f5d5be01c.png?v=1788849460,"https://cdn.shopify.com/s/files/1/0906/9972/6882/files/8_f5022b39-f2fd-4032-b0e8-4870689fd23e.png?v=1788849457,https://cdn.shopify.com/s/files/1/0906/9972/6882/files/9_52451c88-2d3b-4574-9150-9ace7ba18d01.png?v=1788849464,https://cdn.shopify.com/s/files/1/0906/9972/6882/files/10_6a4a2559-3e14-488a-bfeb-de1eb7c9c8e9.png?v=1788849467",69.99 USD,in stock,new,Nest Finds,Kitchen Cabinet Organizers,6487,White,
shopify_US_8635321516066_47338727505954,8635321516066,3-Tier Rotating Kitchen Storage Rack - Foldable Movable Cabinet Organizer,"Reach every spice and utensil without digging through cabinets - this three-tier rack rotates a full 360°, then folds flat when you need to move it or free up counter space. 3-tier rotating design - spins for instant access to every item stored Foldable structure - collapses for easy storage or relocation Tool-free setup - assembles without hardware or instructions Available in White or Black Ideal for organizing spices, utensils, or cookware on countertops, in cabinets, or on a pantry shelf.",https://nestfinds.com/products/3-tier-rotating-kitchen-storage-rack-foldable-movable-cabinet-organizer?variant=47338727505954,https://nestfinds.com/products/3-tier-rotating-kitchen-storage-rack-foldable-movable-cabinet-organizer,https://cdn.shopify.com/s/files/1/0906/9972/6882/files/8_f5022b39-f2fd-4032-b0e8-4870689fd23e.png?v=1788849457,"https://cdn.shopify.com/s/files/1/0906/9972/6882/files/7_c2b8e207-da15-4bd0-beaa-8f3f5d5be01c.png?v=1788849460,https://cdn.shopify.com/s/files/1/0906/9972/6882/files/9_52451c88-2d3b-4574-9150-9ace7ba18d01.png?v=1788849464,https://cdn.shopify.com/s/files/1/0906/9972/6882/files/10_6a4a2559-3e14-488a-bfeb-de1eb7c9c8e9.png?v=1788849467",69.99 USD,in stock,new,Nest Finds,Kitchen Cabinet Organizers,6487,Black,
shopify_US_8634683883554_47337815932962,8634683883554,360&deg; Flat Mop for All Floor Types - Reusable Microfiber Pad Hardwood & Tile Mop,"Reach every corner of your home quickly with a flat mop built for daily use - the microfiber pad traps dust, dirt, hair, and spills instantly across hardwood, tile, and laminate. 360° rotating head - cleans under furniture and in tight corners without straining Reusable microfiber pad - machine washable, reduces waste Lightweight, ergonomic design - minimizes bending and fatigue Space-saving storage - compact for closets, kitchens, or utility rooms Ideal for homes, apartments, kitchens, and offices that want spotless floors in minutes.",https://nestfinds.com/products/360-deg-flat-mop-for-all-floor-types-reusable-microfiber-pad-hardwood-tile-mop,https://nestfinds.com/products/360-deg-flat-mop-for-all-floor-types-reusable-microfiber-pad-hardwood-tile-mop,https://cdn.shopify.com/s/files/1/0906/9972/6882/files/4_d23e0d26-07c0-4ec6-b60e-bed7df3dd300.png?v=1788831410,"https://cdn.shopify.com/s/files/1/0906/9972/6882/files/2_b1210489-7582-4d57-8e22-ebbb06e7c3fd.png?v=1788831413,https://cdn.shopify.com/s/files/1/0906/9972/6882/files/1_f6220d95-b90a-494d-a448-2d8af330b166.png?v=1788831416,https://cdn.shopify.com/s/files/1/0906/9972/6882/files/3_b7e7a9ba-a928-4a22-b55d-4f26fec46aa7.png?v=1788831420",38.99 USD,in stock,new,Nest Finds,Mops,2713,,
shopify_US_8635329151010_47338738122786,8635329151010,360° Rotating 6-Hook Storage Rack - Multi-Claw Hanging Organizer,"Hang six times more in the same footprint - this rack's six claws rotate a full 360°, giving you instant access to every hook without repositioning the rack itself. Six sturdy claws - hangs multiple items securely at once Full 360° rotation - spin to the hook you need instead of reaching around Durable build - supports daily use without bending or loosening Available in Yellow, Red, or Purple Perfect for kitchens, closets, or workshops - hang utensils, keys, tools, or accessories in one compact spot.",https://nestfinds.com/products/360-rotating-6-hook-storage-rack-multi-claw-hanging-organizer?variant=47338738122786,https://nestfinds.com/products/360-rotating-6-hook-storage-rack-multi-claw-hanging-organizer,https://cdn.shopify.com/s/files/1/0906/9972/6882/files/5_9fba63e8-ebf5-409a-86dc-1a0021cfcc01.png?v=1788849709,"https://cdn.shopify.com/s/files/1/0906/9972/6882/files/6_e456efe0-0927-45b3-8e3b-f1af00683328.png?v=1788849712,https://cdn.shopify.com/s/files/1/0906/9972/6882/files/7_6a785811-7d56-4144-8df9-d362886d50a9.png?v=1788849715,https://cdn.shopify.com/s/files/1/0906/9972/6882/files/8_1a349559-87bf-4c92-be64-4208aebab1cd.png?v=1788849717",12.99 USD,in stock,new,Nest Finds,Utility Hooks,5707,Yellow,
shopify_US_8635329151010_47338738155554,8635329151010,360° Rotating 6-Hook Storage Rack - Multi-Claw Hanging Organizer,"Hang six times more in the same footprint - this rack's six claws rotate a full 360°, giving you instant access to every hook without repositioning the rack itself. Six sturdy claws - hangs multiple items securely at once Full 360° rotation - spin to the hook you need instead of reaching around Durable build - supports daily use without bending or loosening Available in Yellow, Red, or Purple Perfect for kitchens, closets, or workshops - hang utensils, keys, tools, or accessories in one compact spot.",https://nestfinds.com/products/360-rotating-6-hook-storage-rack-multi-claw-hanging-organizer?variant=47338738155554,https://nestfinds.com/products/360-rotating-6-hook-storage-rack-multi-claw-hanging-organizer,https://cdn.shopify.com/s/files/1/0906/9972/6882/files/8_1a349559-87bf-4c92-be64-4208aebab1cd.png?v=1788849717,"https://cdn.shopify.com/s/files/1/0906/9972/6882/files/5_9fba63e8-ebf5-409a-86dc-1a0021cfcc01.png?v=1788849709,https://cdn.shopify.com/s/files/1/0906/9972/6882/files/6_e456efe0-0927-45b3-8e3b-f1af00683328.png?v=1788849712,https://cdn.shopify.com/s/files/1/0906/9972/6882/files/7_6a785811-7d56-4144-8df9-d362886d50a9.png?v=1788849715",12.99 USD,in stock,new,Nest Finds,Utility Hooks,5707,Red,
shopify_US_8635329151010_47338738188322,8635329151010,360° Rotating 6-Hook Storage Rack - Multi-Claw Hanging Organizer,"Hang six times more in the same footprint - this rack's six claws rotate a full 360°, giving you instant access to every hook without repositioning the rack itself. Six sturdy claws - hangs multiple items securely at once Full 360° rotation - spin to the hook you need instead of reaching around Durable build - supports daily use without bending or loosening Available in Yellow, Red, or Purple Perfect for kitchens, closets, or workshops - hang utensils, keys, tools, or accessories in one compact spot.",https://nestfinds.com/products/360-rotating-6-hook-storage-rack-multi-claw-hanging-organizer?variant=47338738188322,https://nestfinds.com/products/360-rotating-6-hook-storage-rack-multi-claw-hanging-organizer,https://cdn.shopify.com/s/files/1/0906/9972/6882/files/7_6a785811-7d56-4144-8df9-d362886d50a9.png?v=1788849715,"https://cdn.shopify.com/s/files/1/0906/9972/6882/files/5_9fba63e8-ebf5-409a-86dc-1a0021cfcc01.png?v=1788849709,https://cdn.shopify.com/s/files/1/0906/9972/6882/files/6_e456efe0-0927-45b3-8e3b-f1af00683328.png?v=1788849712,https://cdn.shopify.com/s/files/1/0906/9972/6882/files/8_1a349559-87bf-4c92-be64-4208aebab1cd.png?v=1788849717",12.99 USD,in stock,new,Nest Finds,Utility Hooks,5707,Purple,
shopify_US_8635326758946_47338735108130,8635326758946,3D Moving Sand Art Hourglass - Rotating Sandscape Desk Decor,"Watch a miniature landscape form itself in real time - this rotating sand art hourglass creates a new mountain-and-valley scene with every flip. Dynamic quicksand display - shifting sand creates a unique landscape every rotation Crystal-clear glass frame - durable acrylic base for desk or shelf display Calming, screen-free decor - a relaxing visual for home or office Available in 7 or 12-inch sizes, in 7 color options Perfect for desks, shelves, offices, and gifting - a mesmerizing conversation piece that never displays the same scene twice.",https://nestfinds.com/products/3d-moving-sand-art-hourglass-rotating-sandscape-desk-decor?variant=47338735108130,https://nestfinds.com/products/3d-moving-sand-art-hourglass-rotating-sandscape-desk-decor,https://cdn.shopify.com/s/files/1/0906/9972/6882/files/e22f8bd890c349ef9db688e850f4d521_1080x_2000x_76001e79-3d74-442b-9d8c-359efac9a15f.jpg?v=1788849629,"https://cdn.shopify.com/s/files/1/0906/9972/6882/files/4ed247a8-7fd4-416c-85d8-abded813c14b.abb7b3f995695b5ed925a54082af5e97.jpg?v=1788849632,https://cdn.shopify.com/s/files/1/0906/9972/6882/files/051f1c10e42d41a3861797573e7461ac_1080x_1200x_b22f3ca8-27d0-4544-97f4-72d4e2d85544.jpg?v=1788849635,https://cdn.shopify.com/s/files/1/0906/9972/6882/files/a897ac9f-ea17-483e-bb38-a65e53da56b8.6076572b5ce774e2208a965966fb18cc.jpg?v=1788849638,https://cdn.shopify.com/s/files/1/0906/9972/6882/files/b7e8b9d234a041afa5a6b4f108b694ba_1080x_1200x_12535c53-fe32-41fc-9936-6c3525a1a04c.jpg?v=1788849641,https://cdn.shopify.com/s/files/1/0906/9972/6882/files/adc5aab6bc7840e08f8fdf5dc85b4667_1080x_1200x_387d5a44-5f6b-4713-a44d-4504aef7a0ae.jpg?v=1788849643,https://cdn.shopify.com/s/files/1/0906/9972/6882/files/e439014bdada4dbb8314c818f6282726_1080x_1200x_2e6e7f85-4a76-482a-8b9f-f1c56f735bd6.jpg?v=1788849646,https://cdn.shopify.com/s/files/1/0906/9972/6882/files/76e0649898f3497f834fe8b8646c0724_1080x_1200x_1700bf05-3549-493d-ac2b-29e7d4e5b25d.jpg?v=1788849649,https://cdn.shopify.com/s/files/1/0906/9972/6882/files/322afe0354864a798b23699eefd08aaa_1080x_1200x_3e020d85-7d6e-4dbb-8eb8-c2aa9f164f08.jpg?v=1788849652",27.95 USD,in stock,new,Nest Finds,"Posters, Prints, & Visual Artwork",500044,Blue,
shopify_US_8635326758946_47338735140898,8635326758946,3D Moving Sand Art Hourglass - Rotating Sandscape Desk Decor,"Watch a miniature landscape form itself in real time - this rotating sand art hourglass creates a new mountain-and-valley scene with every flip. Dynamic quicksand display - shifting sand creates a unique landscape every rotation Crystal-clear glass frame - durable acrylic base for desk or shelf display Calming, screen-free decor - a relaxing visual for home or office Available in 7 or 12-inch sizes, in 7 color options Perfect for desks, shelves, offices, and gifting - a mesmerizing conversation piece that never displays the same scene twice.",https://nestfinds.com/products/3d-moving-sand-art-hourglass-rotating-sandscape-desk-decor?variant=47338735140898,https://nestfinds.com/products/3d-moving-sand-art-hourglass-rotating-sandscape-desk-decor,https://cdn.shopify.com/s/files/1/0906/9972/6882/files/e22f8bd890c349ef9db688e850f4d521_1080x_2000x_76001e79-3d74-442b-9d8c-359efac9a15f.jpg?v=1788849629,"https://cdn.shopify.com/s/files/1/0906/9972/6882/files/4ed247a8-7fd4-416c-85d8-abded813c14b.abb7b3f995695b5ed925a54082af5e97.jpg?v=1788849632,https://cdn.shopify.com/s/files/1/0906/9972/6882/files/051f1c10e42d41a3861797573e7461ac_1080x_1200x_b22f3ca8-27d0-4544-97f4-72d4e2d85544.jpg?v=1788849635,https://cdn.shopify.com/s/files/1/0906/9972/6882/files/a897ac9f-ea17-483e-bb38-a65e53da56b8.6076572b5ce774e2208a965966fb18cc.jpg?v=1788849638,https://cdn.shopify.com/s/files/1/0906/9972/6882/files/b7e8b9d234a041afa5a6b4f108b694ba_1080x_1200x_12535c53-fe32-41fc-9936-6c3525a1a04c.jpg?v=1788849641,https://cdn.shopify.com/s/files/1/0906/9972/6882/files/adc5aab6bc7840e08f8fdf5dc85b4667_1080x_1200x_387d5a44-5f6b-4713-a44d-4504aef7a0ae.jpg?v=1788849643,https://cdn.shopify.com/s/files/1/0906/9972/6882/files/e439014bdada4dbb8314c818f6282726_1080x_1200x_2e6e7f85-4a76-482a-8b9f-f1c56f735bd6.jpg?v=1788849646,https://cdn.shopify.com/s/files/1/0906/9972/6882/files/76e0649898f3497f834fe8b8646c0724_1080x_1200x_1700bf05-3549-493d-ac2b-29e7d4e5b25d.jpg?v=1788849649,https://cdn.shopify.com/s/files/1/0906/9972/6882/files/322afe0354864a798b23699eefd08aaa_1080x_1200x_3e020d85-7d6e-4dbb-8eb8-c2aa9f164f08.jpg?v=1788849652",35.00 USD,in stock,new,Nest Finds,"Posters, Prints, & Visual Artwork",500044,Blue,
shopify_US_8635326758946_47338735173666,8635326758946,3D Moving Sand Art Hourglass - Rotating Sandscape Desk Decor,"Watch a miniature landscape form itself in real time - this rotating sand art hourglass creates a new mountain-and-valley scene with every flip. Dynamic quicksand display - shifting sand creates a unique landscape every rotation Crystal-clear glass frame - durable acrylic base for desk or shelf display Calming, screen-free decor - a relaxing visual for home or office Available in 7 or 12-inch sizes, in 7 color options Perfect for desks, shelves, offices, and gifting - a mesmerizing conversation piece that never displays the same scene twice.",https://nestfinds.com/products/3d-moving-sand-art-hourglass-rotating-sandscape-desk-decor?variant=47338735173666,https://nestfinds.com/products/3d-moving-sand-art-hourglass-rotating-sandscape-desk-decor,https://cdn.shopify.com/s/files/1/0906/9972/6882/files/051f1c10e42d41a3861797573e7461ac_1080x_1200x_b22f3ca8-27d0-4544-97f4-72d4e2d85544.jpg?v=1788849635,"https://cdn.shopify.com/s/files/1/0906/9972/6882/files/e22f8bd890c349ef9db688e850f4d521_1080x_2000x_76001e79-3d74-442b-9d8c-359efac9a15f.jpg?v=1788849629,https://cdn.shopify.com/s/files/1/0906/9972/6882/files/4ed247a8-7fd4-416c-85d8-abded813c14b.abb7b3f995695b5ed925a54082af5e97.jpg?v=1788849632,https://cdn.shopify.com/s/files/1/0906/9972/6882/files/a897ac9f-ea17-483e-bb38-a65e53da56b8.6076572b5ce774e2208a965966fb18cc.jpg?v=1788849638,https://cdn.shopify.com/s/files/1/0906/9972/6882/files/b7e8b9d234a041afa5a6b4f108b694ba_1080x_1200x_12535c53-fe32-41fc-9936-6c3525a1a04c.jpg?v=1788849641,https://cdn.shopify.com/s/files/1/0906/9972/6882/files/adc5aab6bc7840e08f8fdf5dc85b4667_1080x_1200x_387d5a44-5f6b-4713-a44d-4504aef7a0ae.jpg?v=1788849643,https://cdn.shopify.com/s/files/1/0906/9972/6882/files/e439014bdada4dbb8314c818f6282726_1080x_1200x_2e6e7f85-4a76-482a-8b9f-f1c56f735bd6.jpg?v=1788849646,https://cdn.shopify.com/s/files/1/0906/9972/6882/files/76e0649898f3497f834fe8b8646c0724_1080x_1200x_1700bf05-3549-493d-ac2b-29e7d4e5b25d.jpg?v=1788849649,https://cdn.shopify.com/s/files/1/0906/9972/6882/files/322afe0354864a798b23699eefd08aaa_1080x_1200x_3e020d85-7d6e-4dbb-8eb8-c2aa9f164f08.jpg?v=1788849652",27.95 USD,in stock,new,Nest Finds,"Posters, Prints, & Visual Artwork",500044,Yellow,
shopify_US_8635326758946_47338735206434,8635326758946,3D Moving Sand Art Hourglass - Rotating Sandscape Desk Decor,"Watch a miniature landscape form itself in real time - this rotating sand art hourglass creates a new mountain-and-valley scene with every flip. Dynamic quicksand display - shifting sand creates a unique landscape every rotation Crystal-clear glass frame - durable acrylic base for desk or shelf display Calming, screen-free decor - a relaxing visual for home or office Available in 7 or 12-inch sizes, in 7 color options Perfect for desks, shelves, offices, and gifting - a mesmerizing conversation piece that never displays the same scene twice.",https://nestfinds.com/products/3d-moving-sand-art-hourglass-rotating-sandscape-desk-decor?variant=47338735206434,https://nestfinds.com/products/3d-moving-sand-art-hourglass-rotating-sandscape-desk-decor,https://cdn.shopify.com/s/files/1/0906/9972/6882/files/051f1c10e42d41a3861797573e7461ac_1080x_1200x_b22f3ca8-27d0-4544-97f4-72d4e2d85544.jpg?v=1788849635,"https://cdn.shopify.com/s/files/1/0906/9972/6882/files/e22f8bd890c349ef9db688e850f4d521_1080x_2000x_76001e79-3d74-442b-9d8c-359efac9a15f.jpg?v=1788849629,https://cdn.shopify.com/s/files/1/0906/9972/6882/files/4ed247a8-7fd4-416c-85d8-abded813c14b.abb7b3f995695b5ed925a54082af5e97.jpg?v=1788849632,https://cdn.shopify.com/s/files/1/0906/9972/6882/files/a897ac9f-ea17-483e-bb38-a65e53da56b8.6076572b5ce774e2208a965966fb18cc.jpg?v=1788849638,https://cdn.shopify.com/s/files/1/0906/9972/6882/files/b7e8b9d234a041afa5a6b4f108b694ba_1080x_1200x_12535c53-fe32-41fc-9936-6c3525a1a04c.jpg?v=1788849641,https://cdn.shopify.com/s/files/1/0906/9972/6882/files/adc5aab6bc7840e08f8fdf5dc85b4667_1080x_1200x_387d5a44-5f6b-4713-a44d-4504aef7a0ae.jpg?v=1788849643,https://cdn.shopify.com/s/files/1/0906/9972/6882/files/e439014bdada4dbb8314c818f6282726_1080x_1200x_2e6e7f85-4a76-482a-8b9f-f1c56f735bd6.jpg?v=1788849646,https://cdn.shopify.com/s/files/1/0906/9972/6882/files/76e0649898f3497f834fe8b8646c0724_1080x_1200x_1700bf05-3549-493d-ac2b-29e7d4e5b25d.jpg?v=1788849649,https://cdn.shopify.com/s/files/1/0906/9972/6882/files/322afe0354864a798b23699eefd08aaa_1080x_1200x_3e020d85-7d6e-4dbb-8eb8-c2aa9f164f08.jpg?v=1788849652",35.00 USD,in stock,new,Nest Finds,"Posters, Prints, & Visual Artwork",500044,Yellow,
shopify_US_8635326758946_47338735239202,8635326758946,3D Moving Sand Art Hourglass - Rotating Sandscape Desk Decor,"Watch a miniature landscape form itself in real time - this rotating sand art hourglass creates a new mountain-and-valley scene with every flip. Dynamic quicksand display - shifting sand creates a unique landscape every rotation Crystal-clear glass frame - durable acrylic base for desk or shelf display Calming, screen-free decor - a relaxing visual for home or office Available in 7 or 12-inch sizes, in 7 color options Perfect for desks, shelves, offices, and gifting - a mesmerizing conversation piece that never displays the same scene twice.",https://nestfinds.com/products/3d-moving-sand-art-hourglass-rotating-sandscape-desk-decor?variant=47338735239202,https://nestfinds.com/products/3d-moving-sand-art-hourglass-rotating-sandscape-desk-decor,https://cdn.shopify.com/s/files/1/0906/9972/6882/files/e439014bdada4dbb8314c818f6282726_1080x_1200x_2e6e7f85-4a76-482a-8b9f-f1c56f735bd6.jpg?v=1788849646,"https://cdn.shopify.com/s/files/1/0906/9972/6882/files/e22f8bd890c349ef9db688e850f4d521_1080x_2000x_76001e79-3d74-442b-9d8c-359efac9a15f.jpg?v=1788849629,https://cdn.shopify.com/s/files/1/0906/9972/6882/files/4ed247a8-7fd4-416c-85d8-abded813c14b.abb7b3f995695b5ed925a54082af5e97.jpg?v=1788849632,https://cdn.shopify.com/s/files/1/0906/9972/6882/files/051f1c10e42d41a3861797573e7461ac_1080x_1200x_b22f3ca8-27d0-4544-97f4-72d4e2d85544.jpg?v=1788849635,https://cdn.shopify.com/s/files/1/0906/9972/6882/files/a897ac9f-ea17-483e-bb38-a65e53da56b8.6076572b5ce774e2208a965966fb18cc.jpg?v=1788849638,https://cdn.shopify.com/s/files/1/0906/9972/6882/files/b7e8b9d234a041afa5a6b4f108b694ba_1080x_1200x_12535c53-fe32-41fc-9936-6c3525a1a04c.jpg?v=1788849641,https://cdn.shopify.com/s/files/1/0906/9972/6882/files/adc5aab6bc7840e08f8fdf5dc85b4667_1080x_1200x_387d5a44-5f6b-4713-a44d-4504aef7a0ae.jpg?v=1788849643,https://cdn.shopify.com/s/files/1/0906/9972/6882/files/76e0649898f3497f834fe8b8646c0724_1080x_1200x_1700bf05-3549-493d-ac2b-29e7d4e5b25d.jpg?v=1788849649,https://cdn.shopify.com/s/files/1/0906/9972/6882/files/322afe0354864a798b23699eefd08aaa_1080x_1200x_3e020d85-7d6e-4dbb-8eb8-c2aa9f164f08.jpg?v=1788849652",27.95 USD,in stock,new,Nest Finds,"Posters, Prints, & Visual Artwork",500044,Green,
shopify_US_8635326758946_47338735271970,8635326758946,3D Moving Sand Art Hourglass - Rotating Sandscape Desk Decor,"Watch a miniature landscape form itself in real time - this rotating sand art hourglass creates a new mountain-and-valley scene with every flip. Dynamic quicksand display - shifting sand creates a unique landscape every rotation Crystal-clear glass frame - durable acrylic base for desk or shelf display Calming, screen-free decor - a relaxing visual for home or office Available in 7 or 12-inch sizes, in 7 color options Perfect for desks, shelves, offices, and gifting - a mesmerizing conversation piece that never displays the same scene twice.",https://nestfinds.com/products/3d-moving-sand-art-hourglass-rotating-sandscape-desk-decor?variant=47338735271970,https://nestfinds.com/products/3d-moving-sand-art-hourglass-rotating-sandscape-desk-decor,https://cdn.shopify.com/s/files/1/0906/9972/6882/files/e439014bdada4dbb8314c818f6282726_1080x_1200x_2e6e7f85-4a76-482a-8b9f-f1c56f735bd6.jpg?v=1788849646,"https://cdn.shopify.com/s/files/1/0906/9972/6882/files/e22f8bd890c349ef9db688e850f4d521_1080x_2000x_76001e79-3d74-442b-9d8c-359efac9a15f.jpg?v=1788849629,https://cdn.shopify.com/s/files/1/0906/9972/6882/files/4ed247a8-7fd4-416c-85d8-abded813c14b.abb7b3f995695b5ed925a54082af5e97.jpg?v=1788849632,https://cdn.shopify.com/s/files/1/0906/9972/6882/files/051f1c10e42d41a3861797573e7461ac_1080x_1200x_b22f3ca8-27d0-4544-97f4-72d4e2d85544.jpg?v=1788849635,https://cdn.shopify.com/s/files/1/0906/9972/6882/files/a897ac9f-ea17-483e-bb38-a65e53da56b8.6076572b5ce774e2208a965966fb18cc.jpg?v=1788849638,https://cdn.shopify.com/s/files/1/0906/9972/6882/files/b7e8b9d234a041afa5a6b4f108b694ba_1080x_1200x_12535c53-fe32-41fc-9936-6c3525a1a04c.jpg?v=1788849641,https://cdn.shopify.com/s/files/1/0906/9972/6882/files/adc5aab6bc7840e08f8fdf5dc85b4667_1080x_1200x_387d5a44-5f6b-4713-a44d-4504aef7a0ae.jpg?v=1788849643,https://cdn.shopify.com/s/files/1/0906/9972/6882/files/76e0649898f3497f834fe8b8646c0724_1080x_1200x_1700bf05-3549-493d-ac2b-29e7d4e5b25d.jpg?v=1788849649,https://cdn.shopify.com/s/files/1/0906/9972/6882/files/322afe0354864a798b23699eefd08aaa_1080x_1200x_3e020d85-7d6e-4dbb-8eb8-c2aa9f164f08.jpg?v=1788849652",35.00 USD,in stock,new,Nest Finds,"Posters, Prints, & Visual Artwork",500044,Green,
shopify_US_8635326758946_47338735304738,8635326758946,3D Moving Sand Art Hourglass - Rotating Sandscape Desk Decor,"Watch a miniature landscape form itself in real time - this rotating sand art hourglass creates a new mountain-and-valley scene with every flip. Dynamic quicksand display - shifting sand creates a unique landscape every rotation Crystal-clear glass frame - durable acrylic base for desk or shelf display Calming, screen-free decor - a relaxing visual for home or office Available in 7 or 12-inch sizes, in 7 color options Perfect for desks, shelves, offices, and gifting - a mesmerizing conversation piece that never displays the same scene twice.",https://nestfinds.com/products/3d-moving-sand-art-hourglass-rotating-sandscape-desk-decor?variant=47338735304738,https://nestfinds.com/products/3d-moving-sand-art-hourglass-rotating-sandscape-desk-decor,https://cdn.shopify.com/s/files/1/0906/9972/6882/files/adc5aab6bc7840e08f8fdf5dc85b4667_1080x_1200x_387d5a44-5f6b-4713-a44d-4504aef7a0ae.jpg?v=1788849643,"https://cdn.shopify.com/s/files/1/0906/9972/6882/files/e22f8bd890c349ef9db688e850f4d521_1080x_2000x_76001e79-3d74-442b-9d8c-359efac9a15f.jpg?v=1788849629,https://cdn.shopify.com/s/files/1/0906/9972/6882/files/4ed247a8-7fd4-416c-85d8-abded813c14b.abb7b3f995695b5ed925a54082af5e97.jpg?v=1788849632,https://cdn.shopify.com/s/files/1/0906/9972/6882/files/051f1c10e42d41a3861797573e7461ac_1080x_1200x_b22f3ca8-27d0-4544-97f4-72d4e2d85544.jpg?v=1788849635,https://cdn.shopify.com/s/files/1/0906/9972/6882/files/a897ac9f-ea17-483e-bb38-a65e53da56b8.6076572b5ce774e2208a965966fb18cc.jpg?v=1788849638,https://cdn.shopify.com/s/files/1/0906/9972/6882/files/b7e8b9d234a041afa5a6b4f108b694ba_1080x_1200x_12535c53-fe32-41fc-9936-6c3525a1a04c.jpg?v=1788849641,https://cdn.shopify.com/s/files/1/0906/9972/6882/files/e439014bdada4dbb8314c818f6282726_1080x_1200x_2e6e7f85-4a76-482a-8b9f-f1c56f735bd6.jpg?v=1788849646,https://cdn.shopify.com/s/files/1/0906/9972/6882/files/76e0649898f3497f834fe8b8646c0724_1080x_1200x_1700bf05-3549-493d-ac2b-29e7d4e5b25d.jpg?v=1788849649,https://cdn.shopify.com/s/files/1/0906/9972/6882/files/322afe0354864a798b23699eefd08aaa_1080x_1200x_3e020d85-7d6e-4dbb-8eb8-c2aa9f164f08.jpg?v=1788849652",27.95 USD,in stock,new,Nest Finds,"Posters, Prints, & Visual Artwork",500044,Purple,
shopify_US_8635326758946_47338735337506,8635326758946,3D Moving Sand Art Hourglass - Rotating Sandscape Desk Decor,"Watch a miniature landscape form itself in real time - this rotating sand art hourglass creates a new mountain-and-valley scene with every flip. Dynamic quicksand display - shifting sand creates a unique landscape every rotation Crystal-clear glass frame - durable acrylic base for desk or shelf display Calming, screen-free decor - a relaxing visual for home or office Available in 7 or 12-inch sizes, in 7 color options Perfect for desks, shelves, offices, and gifting - a mesmerizing conversation piece that never displays the same scene twice.",https://nestfinds.com/products/3d-moving-sand-art-hourglass-rotating-sandscape-desk-decor?variant=47338735337506,https://nestfinds.com/products/3d-moving-sand-art-hourglass-rotating-sandscape-desk-decor,https://cdn.shopify.com/s/files/1/0906/9972/6882/files/adc5aab6bc7840e08f8fdf5dc85b4667_1080x_1200x_387d5a44-5f6b-4713-a44d-4504aef7a0ae.jpg?v=1788849643,"https://cdn.shopify.com/s/files/1/0906/9972/6882/files/e22f8bd890c349ef9db688e850f4d521_1080x_2000x_76001e79-3d74-442b-9d8c-359efac9a15f.jpg?v=1788849629,https://cdn.shopify.com/s/files/1/0906/9972/6882/files/4ed247a8-7fd4-416c-85d8-abded813c14b.abb7b3f995695b5ed925a54082af5e97.jpg?v=1788849632,https://cdn.shopify.com/s/files/1/0906/9972/6882/files/051f1c10e42d41a3861797573e7461ac_1080x_1200x_b22f3ca8-27d0-4544-97f4-72d4e2d85544.jpg?v=1788849635,https://cdn.shopify.com/s/files/1/0906/9972/6882/files/a897ac9f-ea17-483e-bb38-a65e53da56b8.6076572b5ce774e2208a965966fb18cc.jpg?v=1788849638,https://cdn.shopify.com/s/files/1/0906/9972/6882/files/b7e8b9d234a041afa5a6b4f108b694ba_1080x_1200x_12535c53-fe32-41fc-9936-6c3525a1a04c.jpg?v=1788849641,https://cdn.shopify.com/s/files/1/0906/9972/6882/files/e439014bdada4dbb8314c818f6282726_1080x_1200x_2e6e7f85-4a76-482a-8b9f-f1c56f735bd6.jpg?v=1788849646,https://cdn.shopify.com/s/files/1/0906/9972/6882/files/76e0649898f3497f834fe8b8646c0724_1080x_1200x_1700bf05-3549-493d-ac2b-29e7d4e5b25d.jpg?v=1788849649,https://cdn.shopify.com/s/files/1/0906/9972/6882/files/322afe0354864a798b23699eefd08aaa_1080x_1200x_3e020d85-7d6e-4dbb-8eb8-c2aa9f164f08.jpg?v=1788849652",35.00 USD,in stock,new,Nest Finds,"Posters, Prints, & Visual Artwork",500044,Purple,
shopify_US_8635326758946_47338735370274,8635326758946,3D Moving Sand Art Hourglass - Rotating Sandscape Desk Decor,"Watch a miniature landscape form itself in real time - this rotating sand art hourglass creates a new mountain-and-valley scene with every flip. Dynamic quicksand display - shifting sand creates a unique landscape every rotation Crystal-clear glass frame - durable acrylic base for desk or shelf display Calming, screen-free decor - a relaxing visual for home or office Available in 7 or 12-inch sizes, in 7 color options Perfect for desks, shelves, offices, and gifting - a mesmerizing conversation piece that never displays the same scene twice.",https://nestfinds.com/products/3d-moving-sand-art-hourglass-rotating-sandscape-desk-decor?variant=47338735370274,https://nestfinds.com/products/3d-moving-sand-art-hourglass-rotating-sandscape-desk-decor,https://cdn.shopify.com/s/files/1/0906/9972/6882/files/322afe0354864a798b23699eefd08aaa_1080x_1200x_3e020d85-7d6e-4dbb-8eb8-c2aa9f164f08.jpg?v=1788849652,"https://cdn.shopify.com/s/files/1/0906/9972/6882/files/e22f8bd890c349ef9db688e850f4d521_1080x_2000x_76001e79-3d74-442b-9d8c-359efac9a15f.jpg?v=1788849629,https://cdn.shopify.com/s/files/1/0906/9972/6882/files/4ed247a8-7fd4-416c-85d8-abded813c14b.abb7b3f995695b5ed925a54082af5e97.jpg?v=1788849632,https://cdn.shopify.com/s/files/1/0906/9972/6882/files/051f1c10e42d41a3861797573e7461ac_1080x_1200x_b22f3ca8-27d0-4544-97f4-72d4e2d85544.jpg?v=1788849635,https://cdn.shopify.com/s/files/1/0906/9972/6882/files/a897ac9f-ea17-483e-bb38-a65e53da56b8.6076572b5ce774e2208a965966fb18cc.jpg?v=1788849638,https://cdn.shopify.com/s/files/1/0906/9972/6882/files/b7e8b9d234a041afa5a6b4f108b694ba_1080x_1200x_12535c53-fe32-41fc-9936-6c3525a1a04c.jpg?v=1788849641,https://cdn.shopify.com/s/files/1/0906/9972/6882/files/adc5aab6bc7840e08f8fdf5dc85b4667_1080x_1200x_387d5a44-5f6b-4713-a44d-4504aef7a0ae.jpg?v=1788849643,https://cdn.shopify.com/s/files/1/0906/9972/6882/files/e439014bdada4dbb8314c818f6282726_1080x_1200x_2e6e7f85-4a76-482a-8b9f-f1c56f735bd6.jpg?v=1788849646,https://cdn.shopify.com/s/files/1/0906/9972/6882/files/76e0649898f3497f834fe8b8646c0724_1080x_1200x_1700bf05-3549-493d-ac2b-29e7d4e5b25d.jpg?v=1788849649",27.95 USD,in stock,new,Nest Finds,"Posters, Prints, & Visual Artwork",500044,Pink,
shopify_US_8635326758946_47338735403042,8635326758946,3D Moving Sand Art Hourglass - Rotating Sandscape Desk Decor,"Watch a miniature landscape form itself in real time - this rotating sand art hourglass creates a new mountain-and-valley scene with every flip. Dynamic quicksand display - shifting sand creates a unique landscape every rotation Crystal-clear glass frame - durable acrylic base for desk or shelf display Calming, screen-free decor - a relaxing visual for home or office Available in 7 or 12-inch sizes, in 7 color options Perfect for desks, shelves, offices, and gifting - a mesmerizing conversation piece that never displays the same scene twice.",https://nestfinds.com/products/3d-moving-sand-art-hourglass-rotating-sandscape-desk-decor?variant=47338735403042,https://nestfinds.com/products/3d-moving-sand-art-hourglass-rotating-sandscape-desk-decor,https://cdn.shopify.com/s/files/1/0906/9972/6882/files/322afe0354864a798b23699eefd08aaa_1080x_1200x_3e020d85-7d6e-4dbb-8eb8-c2aa9f164f08.jpg?v=1788849652,"https://cdn.shopify.com/s/files/1/0906/9972/6882/files/e22f8bd890c349ef9db688e850f4d521_1080x_2000x_76001e79-3d74-442b-9d8c-359efac9a15f.jpg?v=1788849629,https://cdn.shopify.com/s/files/1/0906/9972/6882/files/4ed247a8-7fd4-416c-85d8-abded813c14b.abb7b3f995695b5ed925a54082af5e97.jpg?v=1788849632,https://cdn.shopify.com/s/files/1/0906/9972/6882/files/051f1c10e42d41a3861797573e7461ac_1080x_1200x_b22f3ca8-27d0-4544-97f4-72d4e2d85544.jpg?v=1788849635,https://cdn.shopify.com/s/files/1/0906/9972/6882/files/a897ac9f-ea17-483e-bb38-a65e53da56b8.6076572b5ce774e2208a965966fb18cc.jpg?v=1788849638,https://cdn.shopify.com/s/files/1/0906/9972/6882/files/b7e8b9d234a041afa5a6b4f108b694ba_1080x_1200x_12535c53-fe32-41fc-9936-6c3525a1a04c.jpg?v=1788849641,https://cdn.shopify.com/s/files/1/0906/9972/6882/files/adc5aab6bc7840e08f8fdf5dc85b4667_1080x_1200x_387d5a44-5f6b-4713-a44d-4504aef7a0ae.jpg?v=1788849643,https://cdn.shopify.com/s/files/1/0906/9972/6882/files/e439014bdada4dbb8314c818f6282726_1080x_1200x_2e6e7f85-4a76-482a-8b9f-f1c56f735bd6.jpg?v=1788849646,https://cdn.shopify.com/s/files/1/0906/9972/6882/files/76e0649898f3497f834fe8b8646c0724_1080x_1200x_1700bf05-3549-493d-ac2b-29e7d4e5b25d.jpg?v=1788849649",35.00 USD,in stock,new,Nest Finds,"Posters, Prints, & Visual Artwork",500044,Pink,
shopify_US_8635326758946_47338735435810,8635326758946,3D Moving Sand Art Hourglass - Rotating Sandscape Desk Decor,"Watch a miniature landscape form itself in real time - this rotating sand art hourglass creates a new mountain-and-valley scene with every flip. Dynamic quicksand display - shifting sand creates a unique landscape every rotation Crystal-clear glass frame - durable acrylic base for desk or shelf display Calming, screen-free decor - a relaxing visual for home or office Available in 7 or 12-inch sizes, in 7 color options Perfect for desks, shelves, offices, and gifting - a mesmerizing conversation piece that never displays the same scene twice.",https://nestfinds.com/products/3d-moving-sand-art-hourglass-rotating-sandscape-desk-decor?variant=47338735435810,https://nestfinds.com/products/3d-moving-sand-art-hourglass-rotating-sandscape-desk-decor,https://cdn.shopify.com/s/files/1/0906/9972/6882/files/b7e8b9d234a041afa5a6b4f108b694ba_1080x_1200x_12535c53-fe32-41fc-9936-6c3525a1a04c.jpg?v=1788849641,"https://cdn.shopify.com/s/files/1/0906/9972/6882/files/e22f8bd890c349ef9db688e850f4d521_1080x_2000x_76001e79-3d74-442b-9d8c-359efac9a15f.jpg?v=1788849629,https://cdn.shopify.com/s/files/1/0906/9972/6882/files/4ed247a8-7fd4-416c-85d8-abded813c14b.abb7b3f995695b5ed925a54082af5e97.jpg?v=1788849632,https://cdn.shopify.com/s/files/1/0906/9972/6882/files/051f1c10e42d41a3861797573e7461ac_1080x_1200x_b22f3ca8-27d0-4544-97f4-72d4e2d85544.jpg?v=1788849635,https://cdn.shopify.com/s/files/1/0906/9972/6882/files/a897ac9f-ea17-483e-bb38-a65e53da56b8.6076572b5ce774e2208a965966fb18cc.jpg?v=1788849638,https://cdn.shopify.com/s/files/1/0906/9972/6882/files/adc5aab6bc7840e08f8fdf5dc85b4667_1080x_1200x_387d5a44-5f6b-4713-a44d-4504aef7a0ae.jpg?v=1788849643,https://cdn.shopify.com/s/files/1/0906/9972/6882/files/e439014bdada4dbb8314c818f6282726_1080x_1200x_2e6e7f85-4a76-482a-8b9f-f1c56f735bd6.jpg?v=1788849646,https://cdn.shopify.com/s/files/1/0906/9972/6882/files/76e0649898f3497f834fe8b8646c0724_1080x_1200x_1700bf05-3549-493d-ac2b-29e7d4e5b25d.jpg?v=1788849649,https://cdn.shopify.com/s/files/1/0906/9972/6882/files/322afe0354864a798b23699eefd08aaa_1080x_1200x_3e020d85-7d6e-4dbb-8eb8-c2aa9f164f08.jpg?v=1788849652",27.95 USD,in stock,new,Nest Finds,"Posters, Prints, & Visual Artwork",500044,Red,
shopify_US_8635326758946_47338735468578,8635326758946,3D Moving Sand Art Hourglass - Rotating Sandscape Desk Decor,"Watch a miniature landscape form itself in real time - this rotating sand art hourglass creates a new mountain-and-valley scene with every flip. Dynamic quicksand display - shifting sand creates a unique landscape every rotation Crystal-clear glass frame - durable acrylic base for desk or shelf display Calming, screen-free decor - a relaxing visual for home or office Available in 7 or 12-inch sizes, in 7 color options Perfect for desks, shelves, offices, and gifting - a mesmerizing conversation piece that never displays the same scene twice.",https://nestfinds.com/products/3d-moving-sand-art-hourglass-rotating-sandscape-desk-decor?variant=47338735468578,https://nestfinds.com/products/3d-moving-sand-art-hourglass-rotating-sandscape-desk-decor,https://cdn.shopify.com/s/files/1/0906/9972/6882/files/b7e8b9d234a041afa5a6b4f108b694ba_1080x_1200x_12535c53-fe32-41fc-9936-6c3525a1a04c.jpg?v=1788849641,"https://cdn.shopify.com/s/files/1/0906/9972/6882/files/e22f8bd890c349ef9db688e850f4d521_1080x_2000x_76001e79-3d74-442b-9d8c-359efac9a15f.jpg?v=1788849629,https://cdn.shopify.com/s/files/1/0906/9972/6882/files/4ed247a8-7fd4-416c-85d8-abded813c14b.abb7b3f995695b5ed925a54082af5e97.jpg?v=1788849632,https://cdn.shopify.com/s/files/1/0906/9972/6882/files/051f1c10e42d41a3861797573e7461ac_1080x_1200x_b22f3ca8-27d0-4544-97f4-72d4e2d85544.jpg?v=1788849635,https://cdn.shopify.com/s/files/1/0906/9972/6882/files/a897ac9f-ea17-483e-bb38-a65e53da56b8.6076572b5ce774e2208a965966fb18cc.jpg?v=1788849638,https://cdn.shopify.com/s/files/1/0906/9972/6882/files/adc5aab6bc7840e08f8fdf5dc85b4667_1080x_1200x_387d5a44-5f6b-4713-a44d-4504aef7a0ae.jpg?v=1788849643,https://cdn.shopify.com/s/files/1/0906/9972/6882/files/e439014bdada4dbb8314c818f6282726_1080x_1200x_2e6e7f85-4a76-482a-8b9f-f1c56f735bd6.jpg?v=1788849646,https://cdn.shopify.com/s/files/1/0906/9972/6882/files/76e0649898f3497f834fe8b8646c0724_1080x_1200x_1700bf05-3549-493d-ac2b-29e7d4e5b25d.jpg?v=1788849649,https://cdn.shopify.com/s/files/1/0906/9972/6882/files/322afe0354864a798b23699eefd08aaa_1080x_1200x_3e020d85-7d6e-4dbb-8eb8-c2aa9f164f08.jpg?v=1788849652",35.00 USD,in stock,new,Nest Finds,"Posters, Prints, & Visual Artwork",500044,Red,
shopify_US_8635326758946_47338735501346,8635326758946,3D Moving Sand Art Hourglass - Rotating Sandscape Desk Decor,"Watch a miniature landscape form itself in real time - this rotating sand art hourglass creates a new mountain-and-valley scene with every flip. Dynamic quicksand display - shifting sand creates a unique landscape every rotation Crystal-clear glass frame - durable acrylic base for desk or shelf display Calming, screen-free decor - a relaxing visual for home or office Available in 7 or 12-inch sizes, in 7 color options Perfect for desks, shelves, offices, and gifting - a mesmerizing conversation piece that never displays the same scene twice.",https://nestfinds.com/products/3d-moving-sand-art-hourglass-rotating-sandscape-desk-decor?variant=47338735501346,https://nestfinds.com/products/3d-moving-sand-art-hourglass-rotating-sandscape-desk-decor,https://cdn.shopify.com/s/files/1/0906/9972/6882/files/76e0649898f3497f834fe8b8646c0724_1080x_1200x_1700bf05-3549-493d-ac2b-29e7d4e5b25d.jpg?v=1788849649,"https://cdn.shopify.com/s/files/1/0906/9972/6882/files/e22f8bd890c349ef9db688e850f4d521_1080x_2000x_76001e79-3d74-442b-9d8c-359efac9a15f.jpg?v=1788849629,https://cdn.shopify.com/s/files/1/0906/9972/6882/files/4ed247a8-7fd4-416c-85d8-abded813c14b.abb7b3f995695b5ed925a54082af5e97.jpg?v=1788849632,https://cdn.shopify.com/s/files/1/0906/9972/6882/files/051f1c10e42d41a3861797573e7461ac_1080x_1200x_b22f3ca8-27d0-4544-97f4-72d4e2d85544.jpg?v=1788849635,https://cdn.shopify.com/s/files/1/0906/9972/6882/files/a897ac9f-ea17-483e-bb38-a65e53da56b8.6076572b5ce774e2208a965966fb18cc.jpg?v=1788849638,https://cdn.shopify.com/s/files/1/0906/9972/6882/files/b7e8b9d234a041afa5a6b4f108b694ba_1080x_1200x_12535c53-fe32-41fc-9936-6c3525a1a04c.jpg?v=1788849641,https://cdn.shopify.com/s/files/1/0906/9972/6882/files/adc5aab6bc7840e08f8fdf5dc85b4667_1080x_1200x_387d5a44-5f6b-4713-a44d-4504aef7a0ae.jpg?v=1788849643,https://cdn.shopify.com/s/files/1/0906/9972/6882/files/e439014bdada4dbb8314c818f6282726_1080x_1200x_2e6e7f85-4a76-482a-8b9f-f1c56f735bd6.jpg?v=1788849646,https://cdn.shopify.com/s/files/1/0906/9972/6882/files/322afe0354864a798b23699eefd08aaa_1080x_1200x_3e020d85-7d6e-4dbb-8eb8-c2aa9f164f08.jpg?v=1788849652",27.95 USD,in stock,new,Nest Finds,"Posters, Prints, & Visual Artwork",500044,Black Gold,
shopify_US_8635326758946_47338735534114,8635326758946,3D Moving Sand Art Hourglass - Rotating Sandscape Desk Decor,"Watch a miniature landscape form itself in real time - this rotating sand art hourglass creates a new mountain-and-valley scene with every flip. Dynamic quicksand display - shifting sand creates a unique landscape every rotation Crystal-clear glass frame - durable acrylic base for desk or shelf display Calming, screen-free decor - a relaxing visual for home or office Available in 7 or 12-inch sizes, in 7 color options Perfect for desks, shelves, offices, and gifting - a mesmerizing conversation piece that never displays the same scene twice.",https://nestfinds.com/products/3d-moving-sand-art-hourglass-rotating-sandscape-desk-decor?variant=47338735534114,https://nestfinds.com/products/3d-moving-sand-art-hourglass-rotating-sandscape-desk-decor,https://cdn.shopify.com/s/files/1/0906/9972/6882/files/76e0649898f3497f834fe8b8646c0724_1080x_1200x_1700bf05-3549-493d-ac2b-29e7d4e5b25d.jpg?v=1788849649,"https://cdn.shopify.com/s/files/1/0906/9972/6882/files/e22f8bd890c349ef9db688e850f4d521_1080x_2000x_76001e79-3d74-442b-9d8c-359efac9a15f.jpg?v=1788849629,https://cdn.shopify.com/s/files/1/0906/9972/6882/files/4ed247a8-7fd4-416c-85d8-abded813c14b.abb7b3f995695b5ed925a54082af5e97.jpg?v=1788849632,https://cdn.shopify.com/s/files/1/0906/9972/6882/files/051f1c10e42d41a3861797573e7461ac_1080x_1200x_b22f3ca8-27d0-4544-97f4-72d4e2d85544.jpg?v=1788849635,https://cdn.shopify.com/s/files/1/0906/9972/6882/files/a897ac9f-ea17-483e-bb38-a65e53da56b8.6076572b5ce774e2208a965966fb18cc.jpg?v=1788849638,https://cdn.shopify.com/s/files/1/0906/9972/6882/files/b7e8b9d234a041afa5a6b4f108b694ba_1080x_1200x_12535c53-fe32-41fc-9936-6c3525a1a04c.jpg?v=1788849641,https://cdn.shopify.com/s/files/1/0906/9972/6882/files/adc5aab6bc7840e08f8fdf5dc85b4667_1080x_1200x_387d5a44-5f6b-4713-a44d-4504aef7a0ae.jpg?v=1788849643,https://cdn.shopify.com/s/files/1/0906/9972/6882/files/e439014bdada4dbb8314c818f6282726_1080x_1200x_2e6e7f85-4a76-482a-8b9f-f1c56f735bd6.jpg?v=1788849646,https://cdn.shopify.com/s/files/1/0906/9972/6882/files/322afe0354864a798b23699eefd08aaa_1080x_1200x_3e020d85-7d6e-4dbb-8eb8-c2aa9f164f08.jpg?v=1788849652",35.00 USD,in stock,new,Nest Finds,"Posters, Prints, & Visual Artwork",500044,Black Gold,
shopify_US_8634682474530_47337813868578,8634682474530,4-5 Piece Stainless Steel Kitchen Peeler Set - Fruit and Vegetable Tool Kit,"Cover every peeling, paring, and trimming task with one coordinated set of stainless steel kitchen tools. 4 or 5-piece tool set - includes peelers, paring knife, and scissors in one kit Durable stainless steel construction - built for repeated daily kitchen use One drawer, every peeling tool - replaces a mismatched pile of single-use gadgets A practical upgrade for any kitchen that handles a lot of fresh fruit and vegetable prep.",https://nestfinds.com/products/4-5-piece-stainless-steel-kitchen-peeler-set-fruit-and-vegetable-tool-kit?variant=47337813868578,https://nestfinds.com/products/4-5-piece-stainless-steel-kitchen-peeler-set-fruit-and-vegetable-tool-kit,https://cdn.shopify.com/s/files/1/0906/9972/6882/files/S365db5c07619431c956a615edb290f30S.webp?v=1788831287,"https://cdn.shopify.com/s/files/1/0906/9972/6882/files/S1ea80ebb66a747d98890a5edf705529cq.webp?v=1788831290,https://cdn.shopify.com/s/files/1/0906/9972/6882/files/Sa36151acd0544e9ca8b39f3c7df321baV.webp?v=1788831292,https://cdn.shopify.com/s/files/1/0906/9972/6882/files/Sb2a2b756af5b4f7d82c09065506e79442.webp?v=1788831295,https://cdn.shopify.com/s/files/1/0906/9972/6882/files/S710d055b9dc24841aa14642fd09efae1G.webp?v=1788831297,https://cdn.shopify.com/s/files/1/0906/9972/6882/files/S9b967e286d5f4df7905d099e9a10ee0bL.webp?v=1788831300",19.99 USD,in stock,new,Nest Finds,Food Peelers & Corers,3521,4pcs,
shopify_US_8634682474530_47337813901346,8634682474530,4-5 Piece Stainless Steel Kitchen Peeler Set - Fruit and Vegetable Tool Kit,"Cover every peeling, paring, and trimming task with one coordinated set of stainless steel kitchen tools. 4 or 5-piece tool set - includes peelers, paring knife, and scissors in one kit Durable stainless steel construction - built for repeated daily kitchen use One drawer, every peeling tool - replaces a mismatched pile of single-use gadgets A practical upgrade for any kitchen that handles a lot of fresh fruit and vegetable prep.",https://nestfinds.com/products/4-5-piece-stainless-steel-kitchen-peeler-set-fruit-and-vegetable-tool-kit?variant=47337813901346,https://nestfinds.com/products/4-5-piece-stainless-steel-kitchen-peeler-set-fruit-and-vegetable-tool-kit,https://cdn.shopify.com/s/files/1/0906/9972/6882/files/S365db5c07619431c956a615edb290f30S.webp?v=1788831287,"https://cdn.shopify.com/s/files/1/0906/9972/6882/files/S1ea80ebb66a747d98890a5edf705529cq.webp?v=1788831290,https://cdn.shopify.com/s/files/1/0906/9972/6882/files/Sa36151acd0544e9ca8b39f3c7df321baV.webp?v=1788831292,https://cdn.shopify.com/s/files/1/0906/9972/6882/files/Sb2a2b756af5b4f7d82c09065506e79442.webp?v=1788831295,https://cdn.shopify.com/s/files/1/0906/9972/6882/files/S710d055b9dc24841aa14642fd09efae1G.webp?v=1788831297,https://cdn.shopify.com/s/files/1/0906/9972/6882/files/S9b967e286d5f4df7905d099e9a10ee0bL.webp?v=1788831300",22.99 USD,in stock,new,Nest Finds,Food Peelers & Corers,3521,5pcs,
shopify_US_8635335573538_47338746773538,8635335573538,4-in-1 Long Handle Grout Brush - V-Shaped Bristle Tile Gap Cleaner with Hair Clipper,"Scrub, scrape, and clear hair in a single pass - this 4-in-1 grout brush's V-shaped bristles dig into tile lines and edges while a built-in clipper and scraper handle the jobs a plain brush can't. 4-in-1 design - scrub, scrape, and collect hair with the built-in clipper V-shaped bristles - deep-clean grout lines, tile edges, and floor gaps Flexible rotating handle - adjusts to multiple angles for versatile cleaning Extended handle - reach high and low areas without kneeling Perfect for bathroom tile, grout lines, and tight corners - one tool that scrubs, scrapes, and clears hair in a single pass.",https://nestfinds.com/products/4-in-1-long-handle-grout-brush-v-shaped-bristle-tile-gap-cleaner-with-hair-clipper?variant=47338746773538,https://nestfinds.com/products/4-in-1-long-handle-grout-brush-v-shaped-bristle-tile-gap-cleaner-with-hair-clipper,https://cdn.shopify.com/s/files/1/0906/9972/6882/files/10_4840ac8b-62a1-4742-9d3c-4d9bce36739e.png?v=1788849893,"https://cdn.shopify.com/s/files/1/0906/9972/6882/files/11_b7594df6-ca04-4dde-a0de-2c8c6eb37f5a.png?v=1788849897,https://cdn.shopify.com/s/files/1/0906/9972/6882/files/6_d5c13acd-501d-4dbd-9441-2579d9197c47.png?v=1788849899,https://cdn.shopify.com/s/files/1/0906/9972/6882/files/7_33b5f3b0-0e73-4f3c-b874-4fcd5416cc51.png?v=1788849902,https://cdn.shopify.com/s/files/1/0906/9972/6882/files/8_be0161c4-cb1c-491d-8031-d1c77e639162.png?v=1788849905,https://cdn.shopify.com/s/files/1/0906/9972/6882/files/9_7fbcaad2-331c-4e51-9e8e-2f5097ae9cbf.png?v=1788849908,https://cdn.shopify.com/s/files/1/0906/9972/6882/files/2_7bf7bad1-321f-48ce-bb0c-ff8dcc2ba449.png?v=1788849911,https://cdn.shopify.com/s/files/1/0906/9972/6882/files/3_9b05c203-95d6-401a-8042-27549ad47d78.png?v=1788849914,https://cdn.shopify.com/s/files/1/0906/9972/6882/files/4_80705264-9b43-476e-882b-4d93ecdb1d33.png?v=1788849916,https://cdn.shopify.com/s/files/1/0906/9972/6882/files/5_371ea332-3750-4ed6-b558-c8215a6100d6.png?v=1788849919",22.95 USD,in stock,new,Nest Finds,Mops,2713,Blue,
shopify_US_8635335573538_47338746839074,8635335573538,4-in-1 Long Handle Grout Brush - V-Shaped Bristle Tile Gap Cleaner with Hair Clipper,"Scrub, scrape, and clear hair in a single pass - this 4-in-1 grout brush's V-shaped bristles dig into tile lines and edges while a built-in clipper and scraper handle the jobs a plain brush can't. 4-in-1 design - scrub, scrape, and collect hair with the built-in clipper V-shaped bristles - deep-clean grout lines, tile edges, and floor gaps Flexible rotating handle - adjusts to multiple angles for versatile cleaning Extended handle - reach high and low areas without kneeling Perfect for bathroom tile, grout lines, and tight corners - one tool that scrubs, scrapes, and clears hair in a single pass.",https://nestfinds.com/products/4-in-1-long-handle-grout-brush-v-shaped-bristle-tile-gap-cleaner-with-hair-clipper?variant=47338746839074,https://nestfinds.com/products/4-in-1-long-handle-grout-brush-v-shaped-bristle-tile-gap-cleaner-with-hair-clipper,https://cdn.shopify.com/s/files/1/0906/9972/6882/files/11_b7594df6-ca04-4dde-a0de-2c8c6eb37f5a.png?v=1788849897,"https://cdn.shopify.com/s/files/1/0906/9972/6882/files/10_4840ac8b-62a1-4742-9d3c-4d9bce36739e.png?v=1788849893,https://cdn.shopify.com/s/files/1/0906/9972/6882/files/6_d5c13acd-501d-4dbd-9441-2579d9197c47.png?v=1788849899,https://cdn.shopify.com/s/files/1/0906/9972/6882/files/7_33b5f3b0-0e73-4f3c-b874-4fcd5416cc51.png?v=1788849902,https://cdn.shopify.com/s/files/1/0906/9972/6882/files/8_be0161c4-cb1c-491d-8031-d1c77e639162.png?v=1788849905,https://cdn.shopify.com/s/files/1/0906/9972/6882/files/9_7fbcaad2-331c-4e51-9e8e-2f5097ae9cbf.png?v=1788849908,https://cdn.shopify.com/s/files/1/0906/9972/6882/files/2_7bf7bad1-321f-48ce-bb0c-ff8dcc2ba449.png?v=1788849911,https://cdn.shopify.com/s/files/1/0906/9972/6882/files/3_9b05c203-95d6-401a-8042-27549ad47d78.png?v=1788849914,https://cdn.shopify.com/s/files/1/0906/9972/6882/files/4_80705264-9b43-476e-882b-4d93ecdb1d33.png?v=1788849916,https://cdn.shopify.com/s/files/1/0906/9972/6882/files/5_371ea332-3750-4ed6-b558-c8215a6100d6.png?v=1788849919",22.95 USD,in stock,new,Nest Finds,Mops,2713,White,
shopify_US_8634641547298_47337714778146,8634641547298,9-in-1 Space Saving Clothes Hanger - Multi-Layer Closet Organizer Hanger,"One hanger, nine hooks - this space-saving multi-hanger folds nine garments into the space a single hanger usually takes, instantly multiplying your closet's hanging capacity. 9-in-1 hook design - hang shirts, scarves, ties, or accessories on one unit Reinforced construction - supports lightweight silks up to heavier knitwear Foldable arms - collapse flat for pants or scarves, extend out for shirts Available in 1, 3, or 5-piece sets - scale up for a full closet overhaul Perfect for small closets, dorm rooms, and apartments - maximize hanging space without adding a single extra rod.",https://nestfinds.com/products/9-in-1-space-saving-clothes-hanger-multi-layer-closet-organizer-hanger?variant=47337714778146,https://nestfinds.com/products/9-in-1-space-saving-clothes-hanger-multi-layer-closet-organizer-hanger,https://cdn.shopify.com/s/files/1/0906/9972/6882/files/O1CN01C90ouJ20XvpIaVlTF__2215454326860-0-cib.jpg?v=1788829918,"https://cdn.shopify.com/s/files/1/0906/9972/6882/files/O1CN01pzSJhS20XvpNAk667__2215454326860-0-cib.jpg?v=1788829920,https://cdn.shopify.com/s/files/1/0906/9972/6882/files/O1CN01DH1Ifq1aBmtvE5A6c__2217748633292-0-cib.jpg?v=1788829923,https://cdn.shopify.com/s/files/1/0906/9972/6882/files/O1CN011mqWTN1aBmtv3ne79__2217748633292-0-cib.jpg?v=1788829926",8.99 USD,in stock,new,Nest Finds,Hangers,631,,1 Piece
shopify_US_8634641547298_47337714810914,8634641547298,9-in-1 Space Saving Clothes Hanger - Multi-Layer Closet Organizer Hanger,"One hanger, nine hooks - this space-saving multi-hanger folds nine garments into the space a single hanger usually takes, instantly multiplying your closet's hanging capacity. 9-in-1 hook design - hang shirts, scarves, ties, or accessories on one unit Reinforced construction - supports lightweight silks up to heavier knitwear Foldable arms - collapse flat for pants or scarves, extend out for shirts Available in 1, 3, or 5-piece sets - scale up for a full closet overhaul Perfect for small closets, dorm rooms, and apartments - maximize hanging space without adding a single extra rod.",https://nestfinds.com/products/9-in-1-space-saving-clothes-hanger-multi-layer-closet-organizer-hanger?variant=47337714810914,https://nestfinds.com/products/9-in-1-space-saving-clothes-hanger-multi-layer-closet-organizer-hanger,https://cdn.shopify.com/s/files/1/0906/9972/6882/files/O1CN01C90ouJ20XvpIaVlTF__2215454326860-0-cib.jpg?v=1788829918,"https://cdn.shopify.com/s/files/1/0906/9972/6882/files/O1CN01pzSJhS20XvpNAk667__2215454326860-0-cib.jpg?v=1788829920,https://cdn.shopify.com/s/files/1/0906/9972/6882/files/O1CN01DH1Ifq1aBmtvE5A6c__2217748633292-0-cib.jpg?v=1788829923,https://cdn.shopify.com/s/files/1/0906/9972/6882/files/O1CN011mqWTN1aBmtv3ne79__2217748633292-0-cib.jpg?v=1788829926",14.99 USD,in stock,new,Nest Finds,Hangers,631,,3 Pieces
shopify_US_8634641547298_47337714843682,8634641547298,9-in-1 Space Saving Clothes Hanger - Multi-Layer Closet Organizer Hanger,"One hanger, nine hooks - this space-saving multi-hanger folds nine garments into the space a single hanger usually takes, instantly multiplying your closet's hanging capacity. 9-in-1 hook design - hang shirts, scarves, ties, or accessories on one unit Reinforced construction - supports lightweight silks up to heavier knitwear Foldable arms - collapse flat for pants or scarves, extend out for shirts Available in 1, 3, or 5-piece sets - scale up for a full closet overhaul Perfect for small closets, dorm rooms, and apartments - maximize hanging space without adding a single extra rod.",https://nestfinds.com/products/9-in-1-space-saving-clothes-hanger-multi-layer-closet-organizer-hanger?variant=47337714843682,https://nestfinds.com/products/9-in-1-space-saving-clothes-hanger-multi-layer-closet-organizer-hanger,https://cdn.shopify.com/s/files/1/0906/9972/6882/files/O1CN01C90ouJ20XvpIaVlTF__2215454326860-0-cib.jpg?v=1788829918,"https://cdn.shopify.com/s/files/1/0906/9972/6882/files/O1CN01pzSJhS20XvpNAk667__2215454326860-0-cib.jpg?v=1788829920,https://cdn.shopify.com/s/files/1/0906/9972/6882/files/O1CN01DH1Ifq1aBmtvE5A6c__2217748633292-0-cib.jpg?v=1788829923,https://cdn.shopify.com/s/files/1/0906/9972/6882/files/O1CN011mqWTN1aBmtv3ne79__2217748633292-0-cib.jpg?v=1788829926",19.99 USD,in stock,new,Nest Finds,Hangers,631,,5 Pieces
shopify_US_8635325251618_47338733305890,8635325251618,Adjustable Multi-Layer Shoe Rack - Space-Saving Stackable Shoe Organizer,"Fit more shoes in less floor space with a shoe rack whose layers adjust to match sneakers, boots, and heels of any height. Adjustable multi-layer design - customizes to different shoe sizes and heights Space-saving footprint - stacks vertically instead of spreading across the floor Sturdy build - supports daily use without wobbling Sold as a 2-piece set in Orange or Gray Great for entryways, closets, and small apartments - keep shoes organized without sacrificing floor space.",https://nestfinds.com/products/adjustable-multi-layer-shoe-rack-space-saving-stackable-shoe-organizer?variant=47338733305890,https://nestfinds.com/products/adjustable-multi-layer-shoe-rack-space-saving-stackable-shoe-organizer,https://cdn.shopify.com/s/files/1/0906/9972/6882/files/O1CN01JyfSA51qQ0rx6ojaE__2208513235489-0-cib.jpg?v=1788849593,"https://cdn.shopify.com/s/files/1/0906/9972/6882/files/O1CN01uHLCtf1qQ0rc2P8sf__2208513235489-0-cib.jpg?v=1788849580,https://cdn.shopify.com/s/files/1/0906/9972/6882/files/O1CN01blNvPg1qQ0rdZEEuz__2208513235489-0-cib.jpg?v=1788849582,https://cdn.shopify.com/s/files/1/0906/9972/6882/files/O1CN01cz3mdO1qQ0fsKalII__2208513235489-0-cib.jpg?v=1788849585,https://cdn.shopify.com/s/files/1/0906/9972/6882/files/O1CN017cJzUP1qQ0fybAiCU__2208513235489-0-cib.jpg?v=1788849588,https://cdn.shopify.com/s/files/1/0906/9972/6882/files/O1CN01LsH3MC1qQ0rtGifxC__2208513235489-0-cib.jpg?v=1788849591,https://cdn.shopify.com/s/files/1/0906/9972/6882/files/O1CN01zytKOy1qQ0rc2e6si__2208513235489-0-cib.jpg?v=1788849596",14.80 USD,in stock,new,Nest Finds,Shoe Organizers,5559,Orange (2 Pieces),
shopify_US_8635325251618_47338733338658,8635325251618,Adjustable Multi-Layer Shoe Rack - Space-Saving Stackable Shoe Organizer,"Fit more shoes in less floor space with a shoe rack whose layers adjust to match sneakers, boots, and heels of any height. Adjustable multi-layer design - customizes to different shoe sizes and heights Space-saving footprint - stacks vertically instead of spreading across the floor Sturdy build - supports daily use without wobbling Sold as a 2-piece set in Orange or Gray Great for entryways, closets, and small apartments - keep shoes organized without sacrificing floor space.",https://nestfinds.com/products/adjustable-multi-layer-shoe-rack-space-saving-stackable-shoe-organizer?variant=47338733338658,https://nestfinds.com/products/adjustable-multi-layer-shoe-rack-space-saving-stackable-shoe-organizer,https://cdn.shopify.com/s/files/1/0906/9972/6882/files/O1CN01zytKOy1qQ0rc2e6si__2208513235489-0-cib.jpg?v=1788849596,"https://cdn.shopify.com/s/files/1/0906/9972/6882/files/O1CN01uHLCtf1qQ0rc2P8sf__2208513235489-0-cib.jpg?v=1788849580,https://cdn.shopify.com/s/files/1/0906/9972/6882/files/O1CN01blNvPg1qQ0rdZEEuz__2208513235489-0-cib.jpg?v=1788849582,https://cdn.shopify.com/s/files/1/0906/9972/6882/files/O1CN01cz3mdO1qQ0fsKalII__2208513235489-0-cib.jpg?v=1788849585,https://cdn.shopify.com/s/files/1/0906/9972/6882/files/O1CN017cJzUP1qQ0fybAiCU__2208513235489-0-cib.jpg?v=1788849588,https://cdn.shopify.com/s/files/1/0906/9972/6882/files/O1CN01LsH3MC1qQ0rtGifxC__2208513235489-0-cib.jpg?v=1788849591,https://cdn.shopify.com/s/files/1/0906/9972/6882/files/O1CN01JyfSA51qQ0rx6ojaE__2208513235489-0-cib.jpg?v=1788849593",14.80 USD,in stock,new,Nest Finds,Shoe Organizers,5559,Gray (2 Pieces),
shopify_US_8635310080034_47338709975074,8635310080034,Adjustable Non-Slip Shoe Rack - Expandable Home Shoe Storage Organizer,"Stop tripping over a pile of shoes by the door - this adjustable shoe rack expands or contracts to fit your entryway, closet, or under-bed space while its non-slip feet keep it steady on any floor. Adjustable width - expands to fit more pairs or contracts for tight spaces Non-slip design - stays stable on hardwood, tile, or carpet Fits any shoe type - sneakers, boots, heels, and flats Available in White or Gray Perfect for entryways, closets, under the bed, or dorm rooms - keep shoes organized and off the floor without a bulky cabinet.",https://nestfinds.com/products/adjustable-non-slip-shoe-rack-expandable-home-shoe-storage-organizer?variant=47338709975074,https://nestfinds.com/products/adjustable-non-slip-shoe-rack-expandable-home-shoe-storage-organizer,https://cdn.shopify.com/s/files/1/0906/9972/6882/files/O1CN01WTwD6n24kzdbCKfxG__3199397430-0-cib.jpg?v=1788849127,"https://cdn.shopify.com/s/files/1/0906/9972/6882/files/O1CN01SeEtI524kzdbBzWhR__3199397430-0-cib.jpg?v=1788849121,https://cdn.shopify.com/s/files/1/0906/9972/6882/files/O1CN01JfwxxC24kzdbeVuqH__3199397430-0-cib.jpg?v=1788849124,https://cdn.shopify.com/s/files/1/0906/9972/6882/files/O1CN01So1QIr24kzddPFYdi__3199397430-0-cib.jpg?v=1788849129,https://cdn.shopify.com/s/files/1/0906/9972/6882/files/O1CN01ecLZlY24kzdXqzUhT__3199397430-0-cib.jpg?v=1788849132,https://cdn.shopify.com/s/files/1/0906/9972/6882/files/O1CN01pdp9Zk24kzdSoCZ2F__3199397430-0-cib.jpg?v=1788849135,https://cdn.shopify.com/s/files/1/0906/9972/6882/files/O1CN01TUkz4W24kzdcbRi6w__3199397430-0-cib.jpg?v=1788849138,https://cdn.shopify.com/s/files/1/0906/9972/6882/files/O1CN01FLGMFz24kzdZ5gEK3__3199397430-0-cib.jpg?v=1788849140,https://cdn.shopify.com/s/files/1/0906/9972/6882/files/O1CN011WzTpe24kzdaAc0lw__3199397430-0-cib.jpg?v=1788849143,https://cdn.shopify.com/s/files/1/0906/9972/6882/files/O1CN0197CW6824kzdUcQ2rg__3199397430-0-cib.jpg?v=1788849146,https://cdn.shopify.com/s/files/1/0906/9972/6882/files/O1CN01KiwZDI24kzdaAafdO__3199397430-0-cib.jpg?v=1788849149",14.94 USD,in stock,new,Nest Finds,Shoe Organizers,5559,White,
shopify_US_8635310080034_47338710007842,8635310080034,Adjustable Non-Slip Shoe Rack - Expandable Home Shoe Storage Organizer,"Stop tripping over a pile of shoes by the door - this adjustable shoe rack expands or contracts to fit your entryway, closet, or under-bed space while its non-slip feet keep it steady on any floor. Adjustable width - expands to fit more pairs or contracts for tight spaces Non-slip design - stays stable on hardwood, tile, or carpet Fits any shoe type - sneakers, boots, heels, and flats Available in White or Gray Perfect for entryways, closets, under the bed, or dorm rooms - keep shoes organized and off the floor without a bulky cabinet.",https://nestfinds.com/products/adjustable-non-slip-shoe-rack-expandable-home-shoe-storage-organizer?variant=47338710007842,https://nestfinds.com/products/adjustable-non-slip-shoe-rack-expandable-home-shoe-storage-organizer,https://cdn.shopify.com/s/files/1/0906/9972/6882/files/O1CN01JfwxxC24kzdbeVuqH__3199397430-0-cib.jpg?v=1788849124,"https://cdn.shopify.com/s/files/1/0906/9972/6882/files/O1CN01SeEtI524kzdbBzWhR__3199397430-0-cib.jpg?v=1788849121,https://cdn.shopify.com/s/files/1/0906/9972/6882/files/O1CN01WTwD6n24kzdbCKfxG__3199397430-0-cib.jpg?v=1788849127,https://cdn.shopify.com/s/files/1/0906/9972/6882/files/O1CN01So1QIr24kzddPFYdi__3199397430-0-cib.jpg?v=1788849129,https://cdn.shopify.com/s/files/1/0906/9972/6882/files/O1CN01ecLZlY24kzdXqzUhT__3199397430-0-cib.jpg?v=1788849132,https://cdn.shopify.com/s/files/1/0906/9972/6882/files/O1CN01pdp9Zk24kzdSoCZ2F__3199397430-0-cib.jpg?v=1788849135,https://cdn.shopify.com/s/files/1/0906/9972/6882/files/O1CN01TUkz4W24kzdcbRi6w__3199397430-0-cib.jpg?v=1788849138,https://cdn.shopify.com/s/files/1/0906/9972/6882/files/O1CN01FLGMFz24kzdZ5gEK3__3199397430-0-cib.jpg?v=1788849140,https://cdn.shopify.com/s/files/1/0906/9972/6882/files/O1CN011WzTpe24kzdaAc0lw__3199397430-0-cib.jpg?v=1788849143,https://cdn.shopify.com/s/files/1/0906/9972/6882/files/O1CN0197CW6824kzdUcQ2rg__3199397430-0-cib.jpg?v=1788849146,https://cdn.shopify.com/s/files/1/0906/9972/6882/files/O1CN01KiwZDI24kzdaAafdO__3199397430-0-cib.jpg?v=1788849149",14.94 USD,in stock,new,Nest Finds,Shoe Organizers,5559,Gray,
shopify_US_8635307687970_47338707484706,8635307687970,Airtight Kitchen Storage Jars - Stackable Sealed Containers for Pantry Organization (Set of 3),"Keep spices, grains, and dry goods fresh longer with airtight stacking storage jars built to maximize pantry and countertop space. Airtight seal - blocks moisture and air to keep ingredients fresh Stackable design - maximizes vertical space on shelves and countertops Set of 3 jars - organize spices, grains, and staples by size Durable, easy-clean material - built for daily kitchen use Great for pantries, countertops, and cabinets - keep dry goods fresh and your kitchen clutter-free.",https://nestfinds.com/products/airtight-kitchen-storage-jars-stackable-sealed-containers-for-pantry-organization-set-of-3,https://nestfinds.com/products/airtight-kitchen-storage-jars-stackable-sealed-containers-for-pantry-organization-set-of-3,https://cdn.shopify.com/s/files/1/0906/9972/6882/files/5_c9f7443f-939c-44f5-943b-e25e7325456b.png?v=1788849041,"https://cdn.shopify.com/s/files/1/0906/9972/6882/files/7_cdea5e4b-bada-4a17-abb1-1965188ade17.png?v=1788849044,https://cdn.shopify.com/s/files/1/0906/9972/6882/files/2_9362d647-4b2a-4b29-9bfa-f13b7cf7c34e.png?v=1788849047,https://cdn.shopify.com/s/files/1/0906/9972/6882/files/6_b78bf566-b693-43ea-bccd-29ab7146c213.png?v=1788849049,https://cdn.shopify.com/s/files/1/0906/9972/6882/files/3_6f9c83d2-4c67-4d6b-9961-a2142a0e11d3.png?v=1788849053,https://cdn.shopify.com/s/files/1/0906/9972/6882/files/4_97798171-ba14-4947-936c-99aa7bac0358.png?v=1788849056",19.99 USD,in stock,new,Nest Finds,Food Storage Containers,667,,3 Pieces
shopify_US_8634682343458_47337813737506,8634682343458,All-in-One Broom and Dustpan Set - Durable Sweeping Kit for Home & Office,"Sweep dirt, crumbs, and debris in seconds with a matched broom and dustpan set built for daily use - a complete cleaning duo in one purchase. Complete matched set - sturdy broom and dustpan designed to work together Efficient cleaning - sweeps corners and hard-to-reach areas with minimal effort Durable materials - built to withstand daily use Ergonomic handle - comfortable grip reduces strain while sweeping Compact, space-saving storage - fits in kitchens, closets, or utility rooms An everyday essential for homes, apartments, kitchens, and offices.",https://nestfinds.com/products/all-in-one-broom-and-dustpan-set-durable-sweeping-kit-for-home-office,https://nestfinds.com/products/all-in-one-broom-and-dustpan-set-durable-sweeping-kit-for-home-office,https://cdn.shopify.com/s/files/1/0906/9972/6882/files/1_130d122f-6648-46b9-a0d0-2f3a18e7596e.png?v=1788831271,"https://cdn.shopify.com/s/files/1/0906/9972/6882/files/2_935f1301-38b5-4b24-bcc5-690a0a4d72be.png?v=1788831274,https://cdn.shopify.com/s/files/1/0906/9972/6882/files/4_f072277b-3404-442c-9609-9749f0b5b803.png?v=1788831277,https://cdn.shopify.com/s/files/1/0906/9972/6882/files/3_7cc65542-115c-45d8-8266-82c943b22048.png?v=1788831280",49.99 USD,in stock,new,Nest Finds,Brooms,2857,,
shopify_US_8635328233506_47338737106978,8635328233506,Aurora Ocean Wave Projector Light - Starry Night Ambient LED Lamp,"Turn any room into a calming retreat - this projector casts shifting aurora and ocean wave light patterns across your walls and ceiling. Aurora + ocean wave light effects - smooth, shifting patterns for ambiance Simple one-touch operation - no complex setup or app required Sets a relaxing mood - suited for unwinding, meditation, or sleep routines Compact design - fits on a nightstand, desk, or shelf Great for bedrooms, living rooms, and meditation spaces - bring a peaceful night-sky ambiance into your home.",https://nestfinds.com/products/aurora-ocean-wave-projector-light-starry-night-ambient-led-lamp,https://nestfinds.com/products/aurora-ocean-wave-projector-light-starry-night-ambient-led-lamp,https://cdn.shopify.com/s/files/1/0906/9972/6882/files/4_4abf2906-c58b-4058-9995-84fbb17b1fdb.png?v=1788849683,"https://cdn.shopify.com/s/files/1/0906/9972/6882/files/6_3cc2d203-1e8d-442b-b7ad-755747dc6e97.png?v=1788849687,https://cdn.shopify.com/s/files/1/0906/9972/6882/files/1_df0c3c5d-3a11-4d3f-9369-f6b962389e44.png?v=1788849690,https://cdn.shopify.com/s/files/1/0906/9972/6882/files/2_2ef9f4ee-7950-4607-b661-c13731f01a63.png?v=1788849692,https://cdn.shopify.com/s/files/1/0906/9972/6882/files/3_0a35ac88-a433-4366-a1a5-284976037776.png?v=1788849695,https://cdn.shopify.com/s/files/1/0906/9972/6882/files/5_cff08787-684b-4249-9f1c-f4521c158fd6.png?v=1788849699",32.99 USD,in stock,new,Nest Finds,LED Lights,3329,,
shopify_US_8634682048546_47337812885538,8634682048546,Auto Clamp Flat Floor Mop - One-Click Release Wet & Dry Cleaning Tool,"Swap mop pads without touching the mess - this flat mop's automatic clamping system locks the cleaning pad in place and releases it with one click. Auto-clamp system - secures the mop pad firmly during use One-click release - swap pads in seconds, hands stay clean Wet &amp; dry use - removes dust, hair, and stains from wood, tile, and marble Lightweight handle - smooth, easy control for everyday cleaning A no-hand-wash upgrade for daily floor care in kitchens, living rooms, and hallways.",https://nestfinds.com/products/auto-clamp-flat-floor-mop-one-click-release-wet-dry-cleaning-tool,https://nestfinds.com/products/auto-clamp-flat-floor-mop-one-click-release-wet-dry-cleaning-tool,https://cdn.shopify.com/s/files/1/0906/9972/6882/files/A_7_13bf1e76-72f7-4d8d-a37b-33ae6f6dff22.png?v=1788831223,"https://cdn.shopify.com/s/files/1/0906/9972/6882/files/A_2_300e34a1-1bee-4dbd-bce6-efd2235e17ab.png?v=1788831225,https://cdn.shopify.com/s/files/1/0906/9972/6882/files/A_3_0f2670ee-df69-4da2-be2a-e7f076fe771b.png?v=1788831229,https://cdn.shopify.com/s/files/1/0906/9972/6882/files/A_5_37c5644f-54e5-4b9b-a596-31ff76955343.png?v=1788831232,https://cdn.shopify.com/s/files/1/0906/9972/6882/files/A_4_a6792a48-d3ff-47e6-821f-593cfe0defea.png?v=1788831235,https://cdn.shopify.com/s/files/1/0906/9972/6882/files/A_1_25e984ed-36f8-472c-a5fc-40f3eb728537.png?v=1788831238,https://cdn.shopify.com/s/files/1/0906/9972/6882/files/A_6_597f1ea8-2ee1-4451-9317-bbfc472f1f00.png?v=1788831242",41.99 USD,in stock,new,Nest Finds,Mops,2713,,
shopify_US_8635333607458_47338743955490,8635333607458,Automatic Clip-On Mini Mop - Disposable Face Towel Mop for Narrow Gaps,"Clean the narrow gaps a regular mop can't reach - this mini mop clips a disposable cloth on with one click, wipes up oil stains and pet hair, then releases the dirty cloth just as easily. One-click cloth attachment - no touching dirty cloths by hand Disposable cloths - swap in a fresh one for each cleaning session Slim head design - reaches narrow gaps between furniture, appliances, and baseboards Ideal for pet hair, oil spatter, and hard-to-reach gaps in kitchens and living rooms - effortless spot cleaning without a full mop bucket.",https://nestfinds.com/products/automatic-clip-on-mini-mop-disposable-face-towel-mop-for-narrow-gaps,https://nestfinds.com/products/automatic-clip-on-mini-mop-disposable-face-towel-mop-for-narrow-gaps,https://cdn.shopify.com/s/files/1/0906/9972/6882/files/7_4d706b8a-bab3-4b56-b85e-b7bb7794f1f6.png?v=1788849852,"https://cdn.shopify.com/s/files/1/0906/9972/6882/files/4_06b02691-9ee2-4de2-9dbb-fa15ca9203e6.png?v=1788849854,https://cdn.shopify.com/s/files/1/0906/9972/6882/files/9_92264fa0-e632-4f62-80d4-4eab599c8010.png?v=1788849858,https://cdn.shopify.com/s/files/1/0906/9972/6882/files/1_e37ffa92-26f3-41a2-a00c-9e3d4f4205b1.png?v=1788849861,https://cdn.shopify.com/s/files/1/0906/9972/6882/files/2_521c52b6-f50b-43c6-89d1-53dbe9f1d959.png?v=1788849864,https://cdn.shopify.com/s/files/1/0906/9972/6882/files/3_39bd0a5e-5c6b-4a48-8de3-3ba0f4f9d141.png?v=1788849867,https://cdn.shopify.com/s/files/1/0906/9972/6882/files/10_b4ef4044-0d31-4f9d-910b-6e54c6071bb4.png?v=1788849870,https://cdn.shopify.com/s/files/1/0906/9972/6882/files/5_15a6739e-4535-4b9b-a3a8-cfbce068cfc2.png?v=1788849873,https://cdn.shopify.com/s/files/1/0906/9972/6882/files/6_2d72b267-6550-497e-bd17-e36706754870.png?v=1788849876,https://cdn.shopify.com/s/files/1/0906/9972/6882/files/8_bc33cc14-47c7-4917-bcad-0359c24c567e.png?v=1788849879,https://cdn.shopify.com/s/files/1/0906/9972/6882/files/11_be847890-de3c-47d4-8b85-608a2112f174.png?v=1788849882",19.99 USD,in stock,new,Nest Finds,Mops,2713,,
shopify_US_8635323973666_47338731798562,8635323973666,Automatic Lifting Makeup Brush Organizer - Cosmetic Storage Box,"Grab a clean makeup brush without digging through a cup of loose bristles - this storage box automatically lifts your brushes into reach at the press of a button, then tucks them away dust-free. Automatic lift mechanism - presents brushes for easy access, then retracts for storage Enclosed design - keeps bristles clean and dust-free between uses Vanity-friendly footprint - available in White or Black Ideal for vanities, bathroom counters, and makeup studios - keep brushes organized, protected, and ready to grab.",https://nestfinds.com/products/automatic-lifting-makeup-brush-organizer-cosmetic-storage-box?variant=47338731798562,https://nestfinds.com/products/automatic-lifting-makeup-brush-organizer-cosmetic-storage-box,https://cdn.shopify.com/s/files/1/0906/9972/6882/files/1_801d20df-58a3-4a1a-b052-3294b3ab7642.png?v=1788849545,"https://cdn.shopify.com/s/files/1/0906/9972/6882/files/4_8de3d9a3-dfe5-469d-ab0e-14ef9a244624.png?v=1788849538,https://cdn.shopify.com/s/files/1/0906/9972/6882/files/2_465a58ac-aafb-415d-811a-bd88a573842b.png?v=1788849542,https://cdn.shopify.com/s/files/1/0906/9972/6882/files/7_2d72c623-0872-409e-af4d-329e22e71e24.png?v=1788849549,https://cdn.shopify.com/s/files/1/0906/9972/6882/files/3_f1e428e8-76d5-4cff-83a7-dbb8bbd0a601.png?v=1788849551,https://cdn.shopify.com/s/files/1/0906/9972/6882/files/5_4c80f780-af23-4be7-a331-bd239ba242ae.png?v=1788849555,https://cdn.shopify.com/s/files/1/0906/9972/6882/files/6_0db4a324-eb4d-4d71-be3c-c32801d45d48.png?v=1788849558",19.99 USD,in stock,new,Nest Finds,Makeup Brushes,3025,White,
shopify_US_8635323973666_47338731831330,8635323973666,Automatic Lifting Makeup Brush Organizer - Cosmetic Storage Box,"Grab a clean makeup brush without digging through a cup of loose bristles - this storage box automatically lifts your brushes into reach at the press of a button, then tucks them away dust-free. Automatic lift mechanism - presents brushes for easy access, then retracts for storage Enclosed design - keeps bristles clean and dust-free between uses Vanity-friendly footprint - available in White or Black Ideal for vanities, bathroom counters, and makeup studios - keep brushes organized, protected, and ready to grab.",https://nestfinds.com/products/automatic-lifting-makeup-brush-organizer-cosmetic-storage-box?variant=47338731831330,https://nestfinds.com/products/automatic-lifting-makeup-brush-organizer-cosmetic-storage-box,https://cdn.shopify.com/s/files/1/0906/9972/6882/files/4_8de3d9a3-dfe5-469d-ab0e-14ef9a244624.png?v=1788849538,"https://cdn.shopify.com/s/files/1/0906/9972/6882/files/2_465a58ac-aafb-415d-811a-bd88a573842b.png?v=1788849542,https://cdn.shopify.com/s/files/1/0906/9972/6882/files/1_801d20df-58a3-4a1a-b052-3294b3ab7642.png?v=1788849545,https://cdn.shopify.com/s/files/1/0906/9972/6882/files/7_2d72c623-0872-409e-af4d-329e22e71e24.png?v=1788849549,https://cdn.shopify.com/s/files/1/0906/9972/6882/files/3_f1e428e8-76d5-4cff-83a7-dbb8bbd0a601.png?v=1788849551,https://cdn.shopify.com/s/files/1/0906/9972/6882/files/5_4c80f780-af23-4be7-a331-bd239ba242ae.png?v=1788849555,https://cdn.shopify.com/s/files/1/0906/9972/6882/files/6_0db4a324-eb4d-4d71-be3c-c32801d45d48.png?v=1788849558",19.99 USD,in stock,new,Nest Finds,Makeup Brushes,3025,Black,
shopify_US_8635326169122_47338734420002,8635326169122,Autumn Pumpkin Print Bedding Set - Fall-Themed Duvet Cover & Sheet Set,"Bring the coziness of fall into the bedroom - this pumpkin-print bedding set pairs a soft duvet cover, flat sheet, and matching pillowcases in a seasonal print built for the whole autumn stretch, not just Halloween week. Complete bedding set - duvet cover, flat sheet, and pillowcase(s) included Fall pumpkin print - seasonal design that works through October and November 5 sizes available - Single through King Perfect for autumn bedroom refreshes, guest rooms, or seasonal decor swaps - an easy way to bring fall style into your sleep space.",https://nestfinds.com/products/autumn-pumpkin-print-bedding-set-fall-themed-duvet-cover-sheet-set?variant=47338734420002,https://nestfinds.com/products/autumn-pumpkin-print-bedding-set-fall-themed-duvet-cover-sheet-set,https://cdn.shopify.com/s/files/1/0906/9972/6882/files/O1CN01AxFYvc1zoajBsZFrA__2216104096761-0-cib.jpg?v=1788849611,https://cdn.shopify.com/s/files/1/0906/9972/6882/files/O1CN014Si0N72KOaAGrvHEK__2205277039547-0-cib.jpg?v=1788849614,59.00 USD,in stock,new,Nest Finds,Bed Sheets,2314,,Single
shopify_US_8635326169122_47338734452770,8635326169122,Autumn Pumpkin Print Bedding Set - Fall-Themed Duvet Cover & Sheet Set,"Bring the coziness of fall into the bedroom - this pumpkin-print bedding set pairs a soft duvet cover, flat sheet, and matching pillowcases in a seasonal print built for the whole autumn stretch, not just Halloween week. Complete bedding set - duvet cover, flat sheet, and pillowcase(s) included Fall pumpkin print - seasonal design that works through October and November 5 sizes available - Single through King Perfect for autumn bedroom refreshes, guest rooms, or seasonal decor swaps - an easy way to bring fall style into your sleep space.",https://nestfinds.com/products/autumn-pumpkin-print-bedding-set-fall-themed-duvet-cover-sheet-set?variant=47338734452770,https://nestfinds.com/products/autumn-pumpkin-print-bedding-set-fall-themed-duvet-cover-sheet-set,https://cdn.shopify.com/s/files/1/0906/9972/6882/files/O1CN01AxFYvc1zoajBsZFrA__2216104096761-0-cib.jpg?v=1788849611,https://cdn.shopify.com/s/files/1/0906/9972/6882/files/O1CN014Si0N72KOaAGrvHEK__2205277039547-0-cib.jpg?v=1788849614,69.00 USD,in stock,new,Nest Finds,Bed Sheets,2314,,Twin
shopify_US_8635326169122_47338734485538,8635326169122,Autumn Pumpkin Print Bedding Set - Fall-Themed Duvet Cover & Sheet Set,"Bring the coziness of fall into the bedroom - this pumpkin-print bedding set pairs a soft duvet cover, flat sheet, and matching pillowcases in a seasonal print built for the whole autumn stretch, not just Halloween week. Complete bedding set - duvet cover, flat sheet, and pillowcase(s) included Fall pumpkin print - seasonal design that works through October and November 5 sizes available - Single through King Perfect for autumn bedroom refreshes, guest rooms, or seasonal decor swaps - an easy way to bring fall style into your sleep space.",https://nestfinds.com/products/autumn-pumpkin-print-bedding-set-fall-themed-duvet-cover-sheet-set?variant=47338734485538,https://nestfinds.com/products/autumn-pumpkin-print-bedding-set-fall-themed-duvet-cover-sheet-set,https://cdn.shopify.com/s/files/1/0906/9972/6882/files/O1CN01AxFYvc1zoajBsZFrA__2216104096761-0-cib.jpg?v=1788849611,https://cdn.shopify.com/s/files/1/0906/9972/6882/files/O1CN014Si0N72KOaAGrvHEK__2205277039547-0-cib.jpg?v=1788849614,79.00 USD,in stock,new,Nest Finds,Bed Sheets,2314,,Full
shopify_US_8635326169122_47338734518306,8635326169122,Autumn Pumpkin Print Bedding Set - Fall-Themed Duvet Cover & Sheet Set,"Bring the coziness of fall into the bedroom - this pumpkin-print bedding set pairs a soft duvet cover, flat sheet, and matching pillowcases in a seasonal print built for the whole autumn stretch, not just Halloween week. Complete bedding set - duvet cover, flat sheet, and pillowcase(s) included Fall pumpkin print - seasonal design that works through October and November 5 sizes available - Single through King Perfect for autumn bedroom refreshes, guest rooms, or seasonal decor swaps - an easy way to bring fall style into your sleep space.",https://nestfinds.com/products/autumn-pumpkin-print-bedding-set-fall-themed-duvet-cover-sheet-set?variant=47338734518306,https://nestfinds.com/products/autumn-pumpkin-print-bedding-set-fall-themed-duvet-cover-sheet-set,https://cdn.shopify.com/s/files/1/0906/9972/6882/files/O1CN01AxFYvc1zoajBsZFrA__2216104096761-0-cib.jpg?v=1788849611,https://cdn.shopify.com/s/files/1/0906/9972/6882/files/O1CN014Si0N72KOaAGrvHEK__2205277039547-0-cib.jpg?v=1788849614,89.00 USD,in stock,new,Nest Finds,Bed Sheets,2314,,Queen
shopify_US_8635326169122_47338734551074,8635326169122,Autumn Pumpkin Print Bedding Set - Fall-Themed Duvet Cover & Sheet Set,"Bring the coziness of fall into the bedroom - this pumpkin-print bedding set pairs a soft duvet cover, flat sheet, and matching pillowcases in a seasonal print built for the whole autumn stretch, not just Halloween week. Complete bedding set - duvet cover, flat sheet, and pillowcase(s) included Fall pumpkin print - seasonal design that works through October and November 5 sizes available - Single through King Perfect for autumn bedroom refreshes, guest rooms, or seasonal decor swaps - an easy way to bring fall style into your sleep space.",https://nestfinds.com/products/autumn-pumpkin-print-bedding-set-fall-themed-duvet-cover-sheet-set?variant=47338734551074,https://nestfinds.com/products/autumn-pumpkin-print-bedding-set-fall-themed-duvet-cover-sheet-set,https://cdn.shopify.com/s/files/1/0906/9972/6882/files/O1CN01AxFYvc1zoajBsZFrA__2216104096761-0-cib.jpg?v=1788849611,https://cdn.shopify.com/s/files/1/0906/9972/6882/files/O1CN014Si0N72KOaAGrvHEK__2205277039547-0-cib.jpg?v=1788849614,99.00 USD,in stock,new,Nest Finds,Bed Sheets,2314,,King
shopify_US_8634673102882_47337760096290,8634673102882,Bag Hook Hanger Set - Closet Organizer for Purses & Handbags,"Stop letting bags pile up on the closet floor - this bag hook hanger set gives every purse, tote, and backpack its own hook so they stay visible, dust-free, and easy to grab. Secure hook design - holds bags in place without slipping off the rod Space-saving storage - keeps bags off the floor and closet shelves clear Available in 5 or 10-piece sets - scale up for a full bag collection Choice of White, Black, or Gray - blends into any closet setup Perfect for closets, entryways, and walk-in wardrobes - keep handbags, totes, and backpacks organized and visible at a glance.",https://nestfinds.com/products/bag-hook-hanger-set-closet-organizer-for-purses-handbags?variant=47337760096290,https://nestfinds.com/products/bag-hook-hanger-set-closet-organizer-for-purses-handbags,https://cdn.shopify.com/s/files/1/0906/9972/6882/files/O1CN019PuXKL26r4CjMs6rB__2207981827714-0-cib.jpg?v=1788830871,"https://cdn.shopify.com/s/files/1/0906/9972/6882/files/O1CN015lN1Tw26r4CmS8D31__2207981827714-0-cib.jpg?v=1788830853,https://cdn.shopify.com/s/files/1/0906/9972/6882/files/O1CN01AklpfG26r4ChgtW9Z__2207981827714-0-cib.jpg?v=1788830856,https://cdn.shopify.com/s/files/1/0906/9972/6882/files/O1CN01UIlAkU26r4CesCybY__2207981827714-0-cib.jpg?v=1788830860,https://cdn.shopify.com/s/files/1/0906/9972/6882/files/O1CN010VPpYo26r4CiZpFTm__2207981827714-0-cib.jpg?v=1788830864,https://cdn.shopify.com/s/files/1/0906/9972/6882/files/O1CN01ljHSs526r4Cg9Wua9__2207981827714-0-cib.jpg?v=1788830868,https://cdn.shopify.com/s/files/1/0906/9972/6882/files/O1CN0117BS8t26r4Chgtv5P__2207981827714-0-cib.jpg?v=1788830877,https://cdn.shopify.com/s/files/1/0906/9972/6882/files/O1CN01uukRdf26r4CmS7jvO__2207981827714-0-cib.jpg?v=1788830882",9.99 USD,in stock,new,Nest Finds,Closet Organizers,5714,,5 Pieces
shopify_US_8634673102882_47337760129058,8634673102882,Bag Hook Hanger Set - Closet Organizer for Purses & Handbags,"Stop letting bags pile up on the closet floor - this bag hook hanger set gives every purse, tote, and backpack its own hook so they stay visible, dust-free, and easy to grab. Secure hook design - holds bags in place without slipping off the rod Space-saving storage - keeps bags off the floor and closet shelves clear Available in 5 or 10-piece sets - scale up for a full bag collection Choice of White, Black, or Gray - blends into any closet setup Perfect for closets, entryways, and walk-in wardrobes - keep handbags, totes, and backpacks organized and visible at a glance.",https://nestfinds.com/products/bag-hook-hanger-set-closet-organizer-for-purses-handbags?variant=47337760129058,https://nestfinds.com/products/bag-hook-hanger-set-closet-organizer-for-purses-handbags,https://cdn.shopify.com/s/files/1/0906/9972/6882/files/O1CN01uukRdf26r4CmS7jvO__2207981827714-0-cib.jpg?v=1788830882,"https://cdn.shopify.com/s/files/1/0906/9972/6882/files/O1CN015lN1Tw26r4CmS8D31__2207981827714-0-cib.jpg?v=1788830853,https://cdn.shopify.com/s/files/1/0906/9972/6882/files/O1CN01AklpfG26r4ChgtW9Z__2207981827714-0-cib.jpg?v=1788830856,https://cdn.shopify.com/s/files/1/0906/9972/6882/files/O1CN01UIlAkU26r4CesCybY__2207981827714-0-cib.jpg?v=1788830860,https://cdn.shopify.com/s/files/1/0906/9972/6882/files/O1CN010VPpYo26r4CiZpFTm__2207981827714-0-cib.jpg?v=1788830864,https://cdn.shopify.com/s/files/1/0906/9972/6882/files/O1CN01ljHSs526r4Cg9Wua9__2207981827714-0-cib.jpg?v=1788830868,https://cdn.shopify.com/s/files/1/0906/9972/6882/files/O1CN019PuXKL26r4CjMs6rB__2207981827714-0-cib.jpg?v=1788830871,https://cdn.shopify.com/s/files/1/0906/9972/6882/files/O1CN0117BS8t26r4Chgtv5P__2207981827714-0-cib.jpg?v=1788830877",9.99 USD,in stock,new,Nest Finds,Closet Organizers,5714,,5 Pieces
shopify_US_8634673102882_47337760161826,8634673102882,Bag Hook Hanger Set - Closet Organizer for Purses & Handbags,"Stop letting bags pile up on the closet floor - this bag hook hanger set gives every purse, tote, and backpack its own hook so they stay visible, dust-free, and easy to grab. Secure hook design - holds bags in place without slipping off the rod Space-saving storage - keeps bags off the floor and closet shelves clear Available in 5 or 10-piece sets - scale up for a full bag collection Choice of White, Black, or Gray - blends into any closet setup Perfect for closets, entryways, and walk-in wardrobes - keep handbags, totes, and backpacks organized and visible at a glance.",https://nestfinds.com/products/bag-hook-hanger-set-closet-organizer-for-purses-handbags?variant=47337760161826,https://nestfinds.com/products/bag-hook-hanger-set-closet-organizer-for-purses-handbags,https://cdn.shopify.com/s/files/1/0906/9972/6882/files/O1CN0117BS8t26r4Chgtv5P__2207981827714-0-cib.jpg?v=1788830877,"https://cdn.shopify.com/s/files/1/0906/9972/6882/files/O1CN015lN1Tw26r4CmS8D31__2207981827714-0-cib.jpg?v=1788830853,https://cdn.shopify.com/s/files/1/0906/9972/6882/files/O1CN01AklpfG26r4ChgtW9Z__2207981827714-0-cib.jpg?v=1788830856,https://cdn.shopify.com/s/files/1/0906/9972/6882/files/O1CN01UIlAkU26r4CesCybY__2207981827714-0-cib.jpg?v=1788830860,https://cdn.shopify.com/s/files/1/0906/9972/6882/files/O1CN010VPpYo26r4CiZpFTm__2207981827714-0-cib.jpg?v=1788830864,https://cdn.shopify.com/s/files/1/0906/9972/6882/files/O1CN01ljHSs526r4Cg9Wua9__2207981827714-0-cib.jpg?v=1788830868,https://cdn.shopify.com/s/files/1/0906/9972/6882/files/O1CN019PuXKL26r4CjMs6rB__2207981827714-0-cib.jpg?v=1788830871,https://cdn.shopify.com/s/files/1/0906/9972/6882/files/O1CN01uukRdf26r4CmS7jvO__2207981827714-0-cib.jpg?v=1788830882",9.99 USD,in stock,new,Nest Finds,Closet Organizers,5714,,5 Pieces
shopify_US_8634673102882_47337760194594,8634673102882,Bag Hook Hanger Set - Closet Organizer for Purses & Handbags,"Stop letting bags pile up on the closet floor - this bag hook hanger set gives every purse, tote, and backpack its own hook so they stay visible, dust-free, and easy to grab. Secure hook design - holds bags in place without slipping off the rod Space-saving storage - keeps bags off the floor and closet shelves clear Available in 5 or 10-piece sets - scale up for a full bag collection Choice of White, Black, or Gray - blends into any closet setup Perfect for closets, entryways, and walk-in wardrobes - keep handbags, totes, and backpacks organized and visible at a glance.",https://nestfinds.com/products/bag-hook-hanger-set-closet-organizer-for-purses-handbags?variant=47337760194594,https://nestfinds.com/products/bag-hook-hanger-set-closet-organizer-for-purses-handbags,https://cdn.shopify.com/s/files/1/0906/9972/6882/files/O1CN019PuXKL26r4CjMs6rB__2207981827714-0-cib.jpg?v=1788830871,"https://cdn.shopify.com/s/files/1/0906/9972/6882/files/O1CN015lN1Tw26r4CmS8D31__2207981827714-0-cib.jpg?v=1788830853,https://cdn.shopify.com/s/files/1/0906/9972/6882/files/O1CN01AklpfG26r4ChgtW9Z__2207981827714-0-cib.jpg?v=1788830856,https://cdn.shopify.com/s/files/1/0906/9972/6882/files/O1CN01UIlAkU26r4CesCybY__2207981827714-0-cib.jpg?v=1788830860,https://cdn.shopify.com/s/files/1/0906/9972/6882/files/O1CN010VPpYo26r4CiZpFTm__2207981827714-0-cib.jpg?v=1788830864,https://cdn.shopify.com/s/files/1/0906/9972/6882/files/O1CN01ljHSs526r4Cg9Wua9__2207981827714-0-cib.jpg?v=1788830868,https://cdn.shopify.com/s/files/1/0906/9972/6882/files/O1CN0117BS8t26r4Chgtv5P__2207981827714-0-cib.jpg?v=1788830877,https://cdn.shopify.com/s/files/1/0906/9972/6882/files/O1CN01uukRdf26r4CmS7jvO__2207981827714-0-cib.jpg?v=1788830882",14.99 USD,in stock,new,Nest Finds,Closet Organizers,5714,,10 Pieces
shopify_US_8634673102882_47337760227362,8634673102882,Bag Hook Hanger Set - Closet Organizer for Purses & Handbags,"Stop letting bags pile up on the closet floor - this bag hook hanger set gives every purse, tote, and backpack its own hook so they stay visible, dust-free, and easy to grab. Secure hook design - holds bags in place without slipping off the rod Space-saving storage - keeps bags off the floor and closet shelves clear Available in 5 or 10-piece sets - scale up for a full bag collection Choice of White, Black, or Gray - blends into any closet setup Perfect for closets, entryways, and walk-in wardrobes - keep handbags, totes, and backpacks organized and visible at a glance.",https://nestfinds.com/products/bag-hook-hanger-set-closet-organizer-for-purses-handbags?variant=47337760227362,https://nestfinds.com/products/bag-hook-hanger-set-closet-organizer-for-purses-handbags,https://cdn.shopify.com/s/files/1/0906/9972/6882/files/O1CN01uukRdf26r4CmS7jvO__2207981827714-0-cib.jpg?v=1788830882,"https://cdn.shopify.com/s/files/1/0906/9972/6882/files/O1CN015lN1Tw26r4CmS8D31__2207981827714-0-cib.jpg?v=1788830853,https://cdn.shopify.com/s/files/1/0906/9972/6882/files/O1CN01AklpfG26r4ChgtW9Z__2207981827714-0-cib.jpg?v=1788830856,https://cdn.shopify.com/s/files/1/0906/9972/6882/files/O1CN01UIlAkU26r4CesCybY__2207981827714-0-cib.jpg?v=1788830860,https://cdn.shopify.com/s/files/1/0906/9972/6882/files/O1CN010VPpYo26r4CiZpFTm__2207981827714-0-cib.jpg?v=1788830864,https://cdn.shopify.com/s/files/1/0906/9972/6882/files/O1CN01ljHSs526r4Cg9Wua9__2207981827714-0-cib.jpg?v=1788830868,https://cdn.shopify.com/s/files/1/0906/9972/6882/files/O1CN019PuXKL26r4CjMs6rB__2207981827714-0-cib.jpg?v=1788830871,https://cdn.shopify.com/s/files/1/0906/9972/6882/files/O1CN0117BS8t26r4Chgtv5P__2207981827714-0-cib.jpg?v=1788830877",14.99 USD,in stock,new,Nest Finds,Closet Organizers,5714,,10 Pieces
shopify_US_8634673102882_47337760260130,8634673102882,Bag Hook Hanger Set - Closet Organizer for Purses & Handbags,"Stop letting bags pile up on the closet floor - this bag hook hanger set gives every purse, tote, and backpack its own hook so they stay visible, dust-free, and easy to grab. Secure hook design - holds bags in place without slipping off the rod Space-saving storage - keeps bags off the floor and closet shelves clear Available in 5 or 10-piece sets - scale up for a full bag collection Choice of White, Black, or Gray - blends into any closet setup Perfect for closets, entryways, and walk-in wardrobes - keep handbags, totes, and backpacks organized and visible at a glance.",https://nestfinds.com/products/bag-hook-hanger-set-closet-organizer-for-purses-handbags?variant=47337760260130,https://nestfinds.com/products/bag-hook-hanger-set-closet-organizer-for-purses-handbags,https://cdn.shopify.com/s/files/1/0906/9972/6882/files/O1CN0117BS8t26r4Chgtv5P__2207981827714-0-cib.jpg?v=1788830877,"https://cdn.shopify.com/s/files/1/0906/9972/6882/files/O1CN015lN1Tw26r4CmS8D31__2207981827714-0-cib.jpg?v=1788830853,https://cdn.shopify.com/s/files/1/0906/9972/6882/files/O1CN01AklpfG26r4ChgtW9Z__2207981827714-0-cib.jpg?v=1788830856,https://cdn.shopify.com/s/files/1/0906/9972/6882/files/O1CN01UIlAkU26r4CesCybY__2207981827714-0-cib.jpg?v=1788830860,https://cdn.shopify.com/s/files/1/0906/9972/6882/files/O1CN010VPpYo26r4CiZpFTm__2207981827714-0-cib.jpg?v=1788830864,https://cdn.shopify.com/s/files/1/0906/9972/6882/files/O1CN01ljHSs526r4Cg9Wua9__2207981827714-0-cib.jpg?v=1788830868,https://cdn.shopify.com/s/files/1/0906/9972/6882/files/O1CN019PuXKL26r4CjMs6rB__2207981827714-0-cib.jpg?v=1788830871,https://cdn.shopify.com/s/files/1/0906/9972/6882/files/O1CN01uukRdf26r4CmS7jvO__2207981827714-0-cib.jpg?v=1788830882",14.99 USD,in stock,new,Nest Finds,Closet Organizers,5714,,10 Pieces
shopify_US_8634684080162_47337816162338,8634684080162,Bear Paw Double-Wall Glass Cup - Insulated Coffee & Tea Glass (200ml),"Sip your coffee or tea in a cup that's as fun to hold as it is functional - this bear-paw-shaped double-wall glass keeps drinks at temperature while staying comfortable in hand. Double-layer glass construction - insulates against heat, keeps the outside cool to the touch Unique bear paw shape - an ergonomic, conversation-starting grip 200ml capacity - ideal single-serving size for coffee, tea, or espresso Heat-resistant glass - safe for hot and cold beverages A fun everyday cup for coffee lovers, or a playful gift for anyone who wants their morning drink with a bit of personality.",https://nestfinds.com/products/bear-paw-double-wall-glass-cup-insulated-coffee-tea-glass-200ml,https://nestfinds.com/products/bear-paw-double-wall-glass-cup-insulated-coffee-tea-glass-200ml,https://cdn.shopify.com/s/files/1/0906/9972/6882/files/O1CN01vWkIfS1j20kjtouJe__1004694489-0-cib.jpg?v=1788831414,https://cdn.shopify.com/s/files/1/0906/9972/6882/files/O1CN017fAj3n1j20kmxjgln__1004694489-0-cib.jpg?v=1788831417,16.96 USD,in stock,new,Nest Finds,Coffee & Tea Cups,6049,,
shopify_US_8635313487906_47338713940002,8635313487906,Bird-Shaped Toothpick Holder - Push Pop-Up Dispenser for the Dining Table,"Keep toothpicks hygienic and within reach with a bird-shaped dispenser that pops up one toothpick at a time with a gentle push. Push pop-up mechanism - dispenses a single toothpick per press, no spills Hygienic enclosed design - keeps toothpicks covered and dust-free between uses Durable build - holds up to daily dining table use Available in Yellow or Green - a playful accent for any table setting Great for dining tables, restaurants, and kitchen counters - a charming, practical way to store toothpicks.",https://nestfinds.com/products/bird-shaped-toothpick-holder-push-pop-up-dispenser-for-the-dining-table?variant=47338713940002,https://nestfinds.com/products/bird-shaped-toothpick-holder-push-pop-up-dispenser-for-the-dining-table,https://cdn.shopify.com/s/files/1/0906/9972/6882/files/4_2d4d7a6b-134d-4ad8-be19-6054755e8bda.png?v=1788849226,"https://cdn.shopify.com/s/files/1/0906/9972/6882/files/1_fa45cde4-311c-453b-ad6b-3c03d8198657.png?v=1788849216,https://cdn.shopify.com/s/files/1/0906/9972/6882/files/2_71056aca-586e-4471-a831-06c8924d7d90.png?v=1788849219,https://cdn.shopify.com/s/files/1/0906/9972/6882/files/3_00a3dc44-d71d-4e7c-bdb1-7060b3f049ee.png?v=1788849224",9.99 USD,in stock,new,Nest Finds,Toothpick Holders & Dispensers,4322,Yellow,
shopify_US_8635313487906_47338713972770,8635313487906,Bird-Shaped Toothpick Holder - Push Pop-Up Dispenser for the Dining Table,"Keep toothpicks hygienic and within reach with a bird-shaped dispenser that pops up one toothpick at a time with a gentle push. Push pop-up mechanism - dispenses a single toothpick per press, no spills Hygienic enclosed design - keeps toothpicks covered and dust-free between uses Durable build - holds up to daily dining table use Available in Yellow or Green - a playful accent for any table setting Great for dining tables, restaurants, and kitchen counters - a charming, practical way to store toothpicks.",https://nestfinds.com/products/bird-shaped-toothpick-holder-push-pop-up-dispenser-for-the-dining-table?variant=47338713972770,https://nestfinds.com/products/bird-shaped-toothpick-holder-push-pop-up-dispenser-for-the-dining-table,https://cdn.shopify.com/s/files/1/0906/9972/6882/files/2_71056aca-586e-4471-a831-06c8924d7d90.png?v=1788849219,"https://cdn.shopify.com/s/files/1/0906/9972/6882/files/1_fa45cde4-311c-453b-ad6b-3c03d8198657.png?v=1788849216,https://cdn.shopify.com/s/files/1/0906/9972/6882/files/3_00a3dc44-d71d-4e7c-bdb1-7060b3f049ee.png?v=1788849224,https://cdn.shopify.com/s/files/1/0906/9972/6882/files/4_2d4d7a6b-134d-4ad8-be19-6054755e8bda.png?v=1788849226",9.99 USD,in stock,new,Nest Finds,Toothpick Holders & Dispensers,4322,Green,
shopify_US_8635323416610_47338730192930,8635323416610,Breathable Cotton Fabric Storage Box - Drawer Organizer for Clothes & Underwear,"Keep drawers and cabinets tidy with a breathable cotton storage box that protects clothing from dust while letting fabric stay fresh. Breathable cotton fabric - prevents musty odors and moisture buildup Dust-protective design - keeps stored items clean between uses Fits neatly in cabinets and drawers - efficient use of tight storage spaces Available in Small or Large Ideal for underwear, socks, folded clothing, and seasonal items - a clean, minimalist way to organize any drawer.",https://nestfinds.com/products/breathable-cotton-fabric-storage-box-drawer-organizer-for-clothes-underwear?variant=47338730192930,https://nestfinds.com/products/breathable-cotton-fabric-storage-box-drawer-organizer-for-clothes-underwear,https://cdn.shopify.com/s/files/1/0906/9972/6882/files/1_ffb05a73-ecf1-47fa-a6a2-4cd7e188491c.png?v=1788849523,"https://cdn.shopify.com/s/files/1/0906/9972/6882/files/2_e1114daa-7bd5-4ebc-9980-3f05f4097839.png?v=1788849526,https://cdn.shopify.com/s/files/1/0906/9972/6882/files/4_a5961791-83a7-4112-bd3e-63829562c8f0.png?v=1788849529,https://cdn.shopify.com/s/files/1/0906/9972/6882/files/3_b03950bb-ae8a-4849-9f74-40c0ef228162.png?v=1788849532",12.99 USD,in stock,new,Nest Finds,Closet Organizers,5714,,Small
shopify_US_8635323416610_47338730225698,8635323416610,Breathable Cotton Fabric Storage Box - Drawer Organizer for Clothes & Underwear,"Keep drawers and cabinets tidy with a breathable cotton storage box that protects clothing from dust while letting fabric stay fresh. Breathable cotton fabric - prevents musty odors and moisture buildup Dust-protective design - keeps stored items clean between uses Fits neatly in cabinets and drawers - efficient use of tight storage spaces Available in Small or Large Ideal for underwear, socks, folded clothing, and seasonal items - a clean, minimalist way to organize any drawer.",https://nestfinds.com/products/breathable-cotton-fabric-storage-box-drawer-organizer-for-clothes-underwear?variant=47338730225698,https://nestfinds.com/products/breathable-cotton-fabric-storage-box-drawer-organizer-for-clothes-underwear,https://cdn.shopify.com/s/files/1/0906/9972/6882/files/1_ffb05a73-ecf1-47fa-a6a2-4cd7e188491c.png?v=1788849523,"https://cdn.shopify.com/s/files/1/0906/9972/6882/files/2_e1114daa-7bd5-4ebc-9980-3f05f4097839.png?v=1788849526,https://cdn.shopify.com/s/files/1/0906/9972/6882/files/4_a5961791-83a7-4112-bd3e-63829562c8f0.png?v=1788849529,https://cdn.shopify.com/s/files/1/0906/9972/6882/files/3_b03950bb-ae8a-4849-9f74-40c0ef228162.png?v=1788849532",12.99 USD,in stock,new,Nest Finds,Closet Organizers,5714,,Large
shopify_US_8635311915042_47338712137762,8635311915042,Cactus Sink Filter - Kitchen Drain Basket Food Catcher,"Stop food scraps from clogging your kitchen sink - this cactus-shaped drain filter catches debris before it reaches the pipe, so cleanup is just a quick empty-and-rinse. Fits standard kitchen sink drains - snug, secure fit prevents slipping Catches food scraps and debris - helps prevent clogs and backups Easy-clean material - rinses clean in seconds Playful cactus shape - available in Green or Yellow A simple daily fix for kitchen sinks prone to clogging - keep pipes clear without harsh chemical drain cleaners.",https://nestfinds.com/products/cactus-sink-filter-kitchen-drain-basket-food-catcher?variant=47338712137762,https://nestfinds.com/products/cactus-sink-filter-kitchen-drain-basket-food-catcher,https://cdn.shopify.com/s/files/1/0906/9972/6882/files/O1CN01HVtk8L1UswR19QMTL__2214366462574-0-cib.jpg?v=1788849185,"https://cdn.shopify.com/s/files/1/0906/9972/6882/files/O1CN014pVFRp1UswR1Ujdcj__2214366462574-0-cib.jpg?v=1788849169,https://cdn.shopify.com/s/files/1/0906/9972/6882/files/O1CN01E9QQ551UswR6ATIET__2214366462574-0-cib.jpg?v=1788849171,https://cdn.shopify.com/s/files/1/0906/9972/6882/files/O1CN01i7aTXD1UswR1A88J4__2214366462574-0-cib.jpg?v=1788849174,https://cdn.shopify.com/s/files/1/0906/9972/6882/files/O1CN01IFnsL01UswR4Za5ma__2214366462574-0-cib.jpg?v=1788849177,https://cdn.shopify.com/s/files/1/0906/9972/6882/files/O1CN010VqLYo1UswR3pr4Nz__2214366462574-0-cib.jpg?v=1788849179,https://cdn.shopify.com/s/files/1/0906/9972/6882/files/3_d95870e2-a493-48c3-a593-ee7b5ca00ae9.png?v=1788849182,https://cdn.shopify.com/s/files/1/0906/9972/6882/files/O1CN01PR2wF11UswR1UOYT0__2214366462574-0-cib.jpg?v=1788849188",9.95 USD,in stock,new,Nest Finds,Sink Drains,2851,Green,
shopify_US_8635311915042_47338712170530,8635311915042,Cactus Sink Filter - Kitchen Drain Basket Food Catcher,"Stop food scraps from clogging your kitchen sink - this cactus-shaped drain filter catches debris before it reaches the pipe, so cleanup is just a quick empty-and-rinse. Fits standard kitchen sink drains - snug, secure fit prevents slipping Catches food scraps and debris - helps prevent clogs and backups Easy-clean material - rinses clean in seconds Playful cactus shape - available in Green or Yellow A simple daily fix for kitchen sinks prone to clogging - keep pipes clear without harsh chemical drain cleaners.",https://nestfinds.com/products/cactus-sink-filter-kitchen-drain-basket-food-catcher?variant=47338712170530,https://nestfinds.com/products/cactus-sink-filter-kitchen-drain-basket-food-catcher,https://cdn.shopify.com/s/files/1/0906/9972/6882/files/O1CN01PR2wF11UswR1UOYT0__2214366462574-0-cib.jpg?v=1788849188,"https://cdn.shopify.com/s/files/1/0906/9972/6882/files/O1CN014pVFRp1UswR1Ujdcj__2214366462574-0-cib.jpg?v=1788849169,https://cdn.shopify.com/s/files/1/0906/9972/6882/files/O1CN01E9QQ551UswR6ATIET__2214366462574-0-cib.jpg?v=1788849171,https://cdn.shopify.com/s/files/1/0906/9972/6882/files/O1CN01i7aTXD1UswR1A88J4__2214366462574-0-cib.jpg?v=1788849174,https://cdn.shopify.com/s/files/1/0906/9972/6882/files/O1CN01IFnsL01UswR4Za5ma__2214366462574-0-cib.jpg?v=1788849177,https://cdn.shopify.com/s/files/1/0906/9972/6882/files/O1CN010VqLYo1UswR3pr4Nz__2214366462574-0-cib.jpg?v=1788849179,https://cdn.shopify.com/s/files/1/0906/9972/6882/files/3_d95870e2-a493-48c3-a593-ee7b5ca00ae9.png?v=1788849182,https://cdn.shopify.com/s/files/1/0906/9972/6882/files/O1CN01HVtk8L1UswR19QMTL__2214366462574-0-cib.jpg?v=1788849185",9.95 USD,in stock,new,Nest Finds,Sink Drains,2851,Yellow,
shopify_US_8634684637218_47337816784930,8634684637218,Cartoon Bear Double-Wall Glass Coffee Cup - Heat-Resistant Insulated Mug,"This cartoon bear-shaped glass cup keeps coffee and tea at the right temperature while staying cool to hold, thanks to its heat-resistant double-wall glass. Double-layer heat-resistant glass - insulates hot drinks, safe to hold immediately Charming cartoon bear design - a playful accent for any coffee station Available in 5 colors - Transparent, Yellow, Blue, Pink, or Green Durable, easy-clean glass - dishwasher-friendly for daily use Great for morning coffee, tea time, or as a cute gift - adds personality to your favorite hot or cold beverage routine.",https://nestfinds.com/products/cartoon-bear-double-wall-glass-coffee-cup-heat-resistant-insulated-mug?variant=47337816784930,https://nestfinds.com/products/cartoon-bear-double-wall-glass-coffee-cup-heat-resistant-insulated-mug,https://cdn.shopify.com/s/files/1/0906/9972/6882/files/5_89d4c2fc-3ddc-457a-b748-be94ba7424e4.png?v=1788831473,"https://cdn.shopify.com/s/files/1/0906/9972/6882/files/1_6c72f52f-b7c2-41fb-a87c-117587d1e24d.png?v=1788831432,https://cdn.shopify.com/s/files/1/0906/9972/6882/files/9_cfc72cec-d3a4-4a7d-b4be-4e24f271f912.png?v=1788831437,https://cdn.shopify.com/s/files/1/0906/9972/6882/files/2_08aae89e-af51-4d3e-b500-cadbfea8de7f.png?v=1788831441,https://cdn.shopify.com/s/files/1/0906/9972/6882/files/14_7d781597-b27f-4271-a575-4d1230d0c826.png?v=1788831444,https://cdn.shopify.com/s/files/1/0906/9972/6882/files/10_44772d01-47e3-4fb5-9e5d-03826eb8c1f5.png?v=1788831448,https://cdn.shopify.com/s/files/1/0906/9972/6882/files/11_eddf9576-6480-456f-b183-9f40ee5a04a7.png?v=1788831451,https://cdn.shopify.com/s/files/1/0906/9972/6882/files/13_1ad3e4f0-5cc6-4f10-b7d3-41542f7d47c7.png?v=1788831455,https://cdn.shopify.com/s/files/1/0906/9972/6882/files/12_b704cc78-9cb9-4f4c-b506-df079a4a09c1.png?v=1788831459,https://cdn.shopify.com/s/files/1/0906/9972/6882/files/3_fcbd13d9-abb1-4a91-9e2a-ff8780eb6643.png?v=1788831465,https://cdn.shopify.com/s/files/1/0906/9972/6882/files/4_9d35e4df-180d-4474-a048-8a9be57bcba3.png?v=1788831468",16.98 USD,in stock,new,Nest Finds,Coffee & Tea Cups,6049,Transparent,
shopify_US_8634684637218_47337816817698,8634684637218,Cartoon Bear Double-Wall Glass Coffee Cup - Heat-Resistant Insulated Mug,"This cartoon bear-shaped glass cup keeps coffee and tea at the right temperature while staying cool to hold, thanks to its heat-resistant double-wall glass. Double-layer heat-resistant glass - insulates hot drinks, safe to hold immediately Charming cartoon bear design - a playful accent for any coffee station Available in 5 colors - Transparent, Yellow, Blue, Pink, or Green Durable, easy-clean glass - dishwasher-friendly for daily use Great for morning coffee, tea time, or as a cute gift - adds personality to your favorite hot or cold beverage routine.",https://nestfinds.com/products/cartoon-bear-double-wall-glass-coffee-cup-heat-resistant-insulated-mug?variant=47337816817698,https://nestfinds.com/products/cartoon-bear-double-wall-glass-coffee-cup-heat-resistant-insulated-mug,https://cdn.shopify.com/s/files/1/0906/9972/6882/files/6_527bf7a2-0132-42e3-a4c6-fa989eb09f5a.png?v=1788831476,"https://cdn.shopify.com/s/files/1/0906/9972/6882/files/1_6c72f52f-b7c2-41fb-a87c-117587d1e24d.png?v=1788831432,https://cdn.shopify.com/s/files/1/0906/9972/6882/files/9_cfc72cec-d3a4-4a7d-b4be-4e24f271f912.png?v=1788831437,https://cdn.shopify.com/s/files/1/0906/9972/6882/files/2_08aae89e-af51-4d3e-b500-cadbfea8de7f.png?v=1788831441,https://cdn.shopify.com/s/files/1/0906/9972/6882/files/14_7d781597-b27f-4271-a575-4d1230d0c826.png?v=1788831444,https://cdn.shopify.com/s/files/1/0906/9972/6882/files/10_44772d01-47e3-4fb5-9e5d-03826eb8c1f5.png?v=1788831448,https://cdn.shopify.com/s/files/1/0906/9972/6882/files/11_eddf9576-6480-456f-b183-9f40ee5a04a7.png?v=1788831451,https://cdn.shopify.com/s/files/1/0906/9972/6882/files/13_1ad3e4f0-5cc6-4f10-b7d3-41542f7d47c7.png?v=1788831455,https://cdn.shopify.com/s/files/1/0906/9972/6882/files/12_b704cc78-9cb9-4f4c-b506-df079a4a09c1.png?v=1788831459,https://cdn.shopify.com/s/files/1/0906/9972/6882/files/3_fcbd13d9-abb1-4a91-9e2a-ff8780eb6643.png?v=1788831465,https://cdn.shopify.com/s/files/1/0906/9972/6882/files/4_9d35e4df-180d-4474-a048-8a9be57bcba3.png?v=1788831468",16.98 USD,in stock,new,Nest Finds,Coffee & Tea Cups,6049,Yellow,
shopify_US_8634684637218_47337816850466,8634684637218,Cartoon Bear Double-Wall Glass Coffee Cup - Heat-Resistant Insulated Mug,"This cartoon bear-shaped glass cup keeps coffee and tea at the right temperature while staying cool to hold, thanks to its heat-resistant double-wall glass. Double-layer heat-resistant glass - insulates hot drinks, safe to hold immediately Charming cartoon bear design - a playful accent for any coffee station Available in 5 colors - Transparent, Yellow, Blue, Pink, or Green Durable, easy-clean glass - dishwasher-friendly for daily use Great for morning coffee, tea time, or as a cute gift - adds personality to your favorite hot or cold beverage routine.",https://nestfinds.com/products/cartoon-bear-double-wall-glass-coffee-cup-heat-resistant-insulated-mug?variant=47337816850466,https://nestfinds.com/products/cartoon-bear-double-wall-glass-coffee-cup-heat-resistant-insulated-mug,https://cdn.shopify.com/s/files/1/0906/9972/6882/files/8_3f30cb7e-a6ec-4d9a-990f-1aec4c4b150e.png?v=1788831483,"https://cdn.shopify.com/s/files/1/0906/9972/6882/files/1_6c72f52f-b7c2-41fb-a87c-117587d1e24d.png?v=1788831432,https://cdn.shopify.com/s/files/1/0906/9972/6882/files/9_cfc72cec-d3a4-4a7d-b4be-4e24f271f912.png?v=1788831437,https://cdn.shopify.com/s/files/1/0906/9972/6882/files/2_08aae89e-af51-4d3e-b500-cadbfea8de7f.png?v=1788831441,https://cdn.shopify.com/s/files/1/0906/9972/6882/files/14_7d781597-b27f-4271-a575-4d1230d0c826.png?v=1788831444,https://cdn.shopify.com/s/files/1/0906/9972/6882/files/10_44772d01-47e3-4fb5-9e5d-03826eb8c1f5.png?v=1788831448,https://cdn.shopify.com/s/files/1/0906/9972/6882/files/11_eddf9576-6480-456f-b183-9f40ee5a04a7.png?v=1788831451,https://cdn.shopify.com/s/files/1/0906/9972/6882/files/13_1ad3e4f0-5cc6-4f10-b7d3-41542f7d47c7.png?v=1788831455,https://cdn.shopify.com/s/files/1/0906/9972/6882/files/12_b704cc78-9cb9-4f4c-b506-df079a4a09c1.png?v=1788831459,https://cdn.shopify.com/s/files/1/0906/9972/6882/files/3_fcbd13d9-abb1-4a91-9e2a-ff8780eb6643.png?v=1788831465,https://cdn.shopify.com/s/files/1/0906/9972/6882/files/4_9d35e4df-180d-4474-a048-8a9be57bcba3.png?v=1788831468",16.98 USD,in stock,new,Nest Finds,Coffee & Tea Cups,6049,Blue,
shopify_US_8634684637218_47337816883234,8634684637218,Cartoon Bear Double-Wall Glass Coffee Cup - Heat-Resistant Insulated Mug,"This cartoon bear-shaped glass cup keeps coffee and tea at the right temperature while staying cool to hold, thanks to its heat-resistant double-wall glass. Double-layer heat-resistant glass - insulates hot drinks, safe to hold immediately Charming cartoon bear design - a playful accent for any coffee station Available in 5 colors - Transparent, Yellow, Blue, Pink, or Green Durable, easy-clean glass - dishwasher-friendly for daily use Great for morning coffee, tea time, or as a cute gift - adds personality to your favorite hot or cold beverage routine.",https://nestfinds.com/products/cartoon-bear-double-wall-glass-coffee-cup-heat-resistant-insulated-mug?variant=47337816883234,https://nestfinds.com/products/cartoon-bear-double-wall-glass-coffee-cup-heat-resistant-insulated-mug,https://cdn.shopify.com/s/files/1/0906/9972/6882/files/4_9d35e4df-180d-4474-a048-8a9be57bcba3.png?v=1788831468,"https://cdn.shopify.com/s/files/1/0906/9972/6882/files/1_6c72f52f-b7c2-41fb-a87c-117587d1e24d.png?v=1788831432,https://cdn.shopify.com/s/files/1/0906/9972/6882/files/9_cfc72cec-d3a4-4a7d-b4be-4e24f271f912.png?v=1788831437,https://cdn.shopify.com/s/files/1/0906/9972/6882/files/2_08aae89e-af51-4d3e-b500-cadbfea8de7f.png?v=1788831441,https://cdn.shopify.com/s/files/1/0906/9972/6882/files/14_7d781597-b27f-4271-a575-4d1230d0c826.png?v=1788831444,https://cdn.shopify.com/s/files/1/0906/9972/6882/files/10_44772d01-47e3-4fb5-9e5d-03826eb8c1f5.png?v=1788831448,https://cdn.shopify.com/s/files/1/0906/9972/6882/files/11_eddf9576-6480-456f-b183-9f40ee5a04a7.png?v=1788831451,https://cdn.shopify.com/s/files/1/0906/9972/6882/files/13_1ad3e4f0-5cc6-4f10-b7d3-41542f7d47c7.png?v=1788831455,https://cdn.shopify.com/s/files/1/0906/9972/6882/files/12_b704cc78-9cb9-4f4c-b506-df079a4a09c1.png?v=1788831459,https://cdn.shopify.com/s/files/1/0906/9972/6882/files/3_fcbd13d9-abb1-4a91-9e2a-ff8780eb6643.png?v=1788831465,https://cdn.shopify.com/s/files/1/0906/9972/6882/files/5_89d4c2fc-3ddc-457a-b748-be94ba7424e4.png?v=1788831473",16.98 USD,in stock,new,Nest Finds,Coffee & Tea Cups,6049,Pink,
shopify_US_8634684637218_47337816916002,8634684637218,Cartoon Bear Double-Wall Glass Coffee Cup - Heat-Resistant Insulated Mug,"This cartoon bear-shaped glass cup keeps coffee and tea at the right temperature while staying cool to hold, thanks to its heat-resistant double-wall glass. Double-layer heat-resistant glass - insulates hot drinks, safe to hold immediately Charming cartoon bear design - a playful accent for any coffee station Available in 5 colors - Transparent, Yellow, Blue, Pink, or Green Durable, easy-clean glass - dishwasher-friendly for daily use Great for morning coffee, tea time, or as a cute gift - adds personality to your favorite hot or cold beverage routine.",https://nestfinds.com/products/cartoon-bear-double-wall-glass-coffee-cup-heat-resistant-insulated-mug?variant=47337816916002,https://nestfinds.com/products/cartoon-bear-double-wall-glass-coffee-cup-heat-resistant-insulated-mug,https://cdn.shopify.com/s/files/1/0906/9972/6882/files/7_233709d0-687d-4ce4-8401-6be08ce7047d.png?v=1788831480,"https://cdn.shopify.com/s/files/1/0906/9972/6882/files/1_6c72f52f-b7c2-41fb-a87c-117587d1e24d.png?v=1788831432,https://cdn.shopify.com/s/files/1/0906/9972/6882/files/9_cfc72cec-d3a4-4a7d-b4be-4e24f271f912.png?v=1788831437,https://cdn.shopify.com/s/files/1/0906/9972/6882/files/2_08aae89e-af51-4d3e-b500-cadbfea8de7f.png?v=1788831441,https://cdn.shopify.com/s/files/1/0906/9972/6882/files/14_7d781597-b27f-4271-a575-4d1230d0c826.png?v=1788831444,https://cdn.shopify.com/s/files/1/0906/9972/6882/files/10_44772d01-47e3-4fb5-9e5d-03826eb8c1f5.png?v=1788831448,https://cdn.shopify.com/s/files/1/0906/9972/6882/files/11_eddf9576-6480-456f-b183-9f40ee5a04a7.png?v=1788831451,https://cdn.shopify.com/s/files/1/0906/9972/6882/files/13_1ad3e4f0-5cc6-4f10-b7d3-41542f7d47c7.png?v=1788831455,https://cdn.shopify.com/s/files/1/0906/9972/6882/files/12_b704cc78-9cb9-4f4c-b506-df079a4a09c1.png?v=1788831459,https://cdn.shopify.com/s/files/1/0906/9972/6882/files/3_fcbd13d9-abb1-4a91-9e2a-ff8780eb6643.png?v=1788831465,https://cdn.shopify.com/s/files/1/0906/9972/6882/files/4_9d35e4df-180d-4474-a048-8a9be57bcba3.png?v=1788831468",16.98 USD,in stock,new,Nest Finds,Coffee & Tea Cups,6049,Green,
shopify_US_8634685816866_47337818357794,8634685816866,Christmas Tree Aroma Diffuser Humidifier - Ultrasonic Essential Oil & Air Care,"Add holiday ambiance and better air quality at the same time - this Christmas tree-shaped diffuser uses ultrasonic technology to diffuse essential oils while gently humidifying the room. Ultrasonic diffusion - silently disperses essential oils and moisture Dual-function design - combines aromatherapy with humidification Festive tree silhouette - doubles as seasonal decor Available in Red, White, or Brown - matches holiday or year-round decor A cozy addition to bedrooms, offices, and living rooms during dry indoor winter months.",https://nestfinds.com/products/christmas-tree-aroma-diffuser-humidifier-ultrasonic-essential-oil-air-care?variant=47337818357794,https://nestfinds.com/products/christmas-tree-aroma-diffuser-humidifier-ultrasonic-essential-oil-air-care,https://cdn.shopify.com/s/files/1/0906/9972/6882/files/O1CN018wOFwi26BOCP60CS1__3102087623-0-cib.jpg?v=1788831476,"https://cdn.shopify.com/s/files/1/0906/9972/6882/files/O1CN01lyPFUl26BOCNqeMdi__3102087623-0-cib.jpg?v=1788831468,https://cdn.shopify.com/s/files/1/0906/9972/6882/files/O1CN01p2ZUIC26BOCPizuY8__3102087623-0-cib.jpg?v=1788831471,https://cdn.shopify.com/s/files/1/0906/9972/6882/files/O1CN01irurQ526BOCNyHTWb__3102087623-0-cib.jpg?v=1788831473,https://cdn.shopify.com/s/files/1/0906/9972/6882/files/O1CN01jziWAx2LpRAS3Mpij__2922349741-0-cib.jpg?v=1788831479,https://cdn.shopify.com/s/files/1/0906/9972/6882/files/O1CN01Wf5kAO26BOCKv80s3__3102087623-0-cib.jpg?v=1788831482",49.00 USD,in stock,new,Nest Finds,Ultrasonic Diffusers,613,Red,
shopify_US_8634685816866_47337818390562,8634685816866,Christmas Tree Aroma Diffuser Humidifier - Ultrasonic Essential Oil & Air Care,"Add holiday ambiance and better air quality at the same time - this Christmas tree-shaped diffuser uses ultrasonic technology to diffuse essential oils while gently humidifying the room. Ultrasonic diffusion - silently disperses essential oils and moisture Dual-function design - combines aromatherapy with humidification Festive tree silhouette - doubles as seasonal decor Available in Red, White, or Brown - matches holiday or year-round decor A cozy addition to bedrooms, offices, and living rooms during dry indoor winter months.",https://nestfinds.com/products/christmas-tree-aroma-diffuser-humidifier-ultrasonic-essential-oil-air-care?variant=47337818390562,https://nestfinds.com/products/christmas-tree-aroma-diffuser-humidifier-ultrasonic-essential-oil-air-care,https://cdn.shopify.com/s/files/1/0906/9972/6882/files/O1CN01jziWAx2LpRAS3Mpij__2922349741-0-cib.jpg?v=1788831479,"https://cdn.shopify.com/s/files/1/0906/9972/6882/files/O1CN01lyPFUl26BOCNqeMdi__3102087623-0-cib.jpg?v=1788831468,https://cdn.shopify.com/s/files/1/0906/9972/6882/files/O1CN01p2ZUIC26BOCPizuY8__3102087623-0-cib.jpg?v=1788831471,https://cdn.shopify.com/s/files/1/0906/9972/6882/files/O1CN01irurQ526BOCNyHTWb__3102087623-0-cib.jpg?v=1788831473,https://cdn.shopify.com/s/files/1/0906/9972/6882/files/O1CN018wOFwi26BOCP60CS1__3102087623-0-cib.jpg?v=1788831476,https://cdn.shopify.com/s/files/1/0906/9972/6882/files/O1CN01Wf5kAO26BOCKv80s3__3102087623-0-cib.jpg?v=1788831482",49.00 USD,in stock,new,Nest Finds,Ultrasonic Diffusers,613,White,
shopify_US_8634685816866_47337818423330,8634685816866,Christmas Tree Aroma Diffuser Humidifier - Ultrasonic Essential Oil & Air Care,"Add holiday ambiance and better air quality at the same time - this Christmas tree-shaped diffuser uses ultrasonic technology to diffuse essential oils while gently humidifying the room. Ultrasonic diffusion - silently disperses essential oils and moisture Dual-function design - combines aromatherapy with humidification Festive tree silhouette - doubles as seasonal decor Available in Red, White, or Brown - matches holiday or year-round decor A cozy addition to bedrooms, offices, and living rooms during dry indoor winter months.",https://nestfinds.com/products/christmas-tree-aroma-diffuser-humidifier-ultrasonic-essential-oil-air-care?variant=47337818423330,https://nestfinds.com/products/christmas-tree-aroma-diffuser-humidifier-ultrasonic-essential-oil-air-care,https://cdn.shopify.com/s/files/1/0906/9972/6882/files/O1CN01Wf5kAO26BOCKv80s3__3102087623-0-cib.jpg?v=1788831482,"https://cdn.shopify.com/s/files/1/0906/9972/6882/files/O1CN01lyPFUl26BOCNqeMdi__3102087623-0-cib.jpg?v=1788831468,https://cdn.shopify.com/s/files/1/0906/9972/6882/files/O1CN01p2ZUIC26BOCPizuY8__3102087623-0-cib.jpg?v=1788831471,https://cdn.shopify.com/s/files/1/0906/9972/6882/files/O1CN01irurQ526BOCNyHTWb__3102087623-0-cib.jpg?v=1788831473,https://cdn.shopify.com/s/files/1/0906/9972/6882/files/O1CN018wOFwi26BOCP60CS1__3102087623-0-cib.jpg?v=1788831476,https://cdn.shopify.com/s/files/1/0906/9972/6882/files/O1CN01jziWAx2LpRAS3Mpij__2922349741-0-cib.jpg?v=1788831479",49.00 USD,in stock,new,Nest Finds,Ultrasonic Diffusers,613,Brown,
shopify_US_8634670907426_47337757016098,8634670907426,Collapsible Vegetable Washing Basket with Drain Holes - Foldable Kitchen Colander,"Rinse produce faster with a collapsible washing basket that drains water through its perforated base while it holds vegetables, fruit, and herbs securely in place. Perforated drain basket - lets water flow out while produce stays put Collapsible design - folds flat in seconds for easy storage in tight kitchens Durable food-safe construction - holds up to daily washing without cracking Available in Green, Yellow, or Beige Great for washing salad greens, berries, and root vegetables at the sink, or packing flat for camping and RV kitchens.",https://nestfinds.com/products/collapsible-vegetable-washing-basket-with-drain-holes-foldable-kitchen-colander?variant=47337757016098,https://nestfinds.com/products/collapsible-vegetable-washing-basket-with-drain-holes-foldable-kitchen-colander,https://cdn.shopify.com/s/files/1/0906/9972/6882/files/1_20a90286-3be6-4828-8858-f7c7edea0e80.png?v=1788830809,"https://cdn.shopify.com/s/files/1/0906/9972/6882/files/2_acf40bc4-997c-4cf5-8c48-251b90f9d313.png?v=1788830798,https://cdn.shopify.com/s/files/1/0906/9972/6882/files/5_3e0dce11-a640-4ce2-b6b4-e71db745b2a7.png?v=1788830801,https://cdn.shopify.com/s/files/1/0906/9972/6882/files/4_0cd4f312-9b36-4815-baee-0deec22fb257.png?v=1788830803,https://cdn.shopify.com/s/files/1/0906/9972/6882/files/3_92d12820-2de5-4601-97a6-9898b304d9b3.png?v=1788830806",12.99 USD,in stock,new,Nest Finds,Colanders,653,Green,
shopify_US_8634670907426_47337757081634,8634670907426,Collapsible Vegetable Washing Basket with Drain Holes - Foldable Kitchen Colander,"Rinse produce faster with a collapsible washing basket that drains water through its perforated base while it holds vegetables, fruit, and herbs securely in place. Perforated drain basket - lets water flow out while produce stays put Collapsible design - folds flat in seconds for easy storage in tight kitchens Durable food-safe construction - holds up to daily washing without cracking Available in Green, Yellow, or Beige Great for washing salad greens, berries, and root vegetables at the sink, or packing flat for camping and RV kitchens.",https://nestfinds.com/products/collapsible-vegetable-washing-basket-with-drain-holes-foldable-kitchen-colander?variant=47337757081634,https://nestfinds.com/products/collapsible-vegetable-washing-basket-with-drain-holes-foldable-kitchen-colander,https://cdn.shopify.com/s/files/1/0906/9972/6882/files/4_0cd4f312-9b36-4815-baee-0deec22fb257.png?v=1788830803,"https://cdn.shopify.com/s/files/1/0906/9972/6882/files/2_acf40bc4-997c-4cf5-8c48-251b90f9d313.png?v=1788830798,https://cdn.shopify.com/s/files/1/0906/9972/6882/files/5_3e0dce11-a640-4ce2-b6b4-e71db745b2a7.png?v=1788830801,https://cdn.shopify.com/s/files/1/0906/9972/6882/files/3_92d12820-2de5-4601-97a6-9898b304d9b3.png?v=1788830806,https://cdn.shopify.com/s/files/1/0906/9972/6882/files/1_20a90286-3be6-4828-8858-f7c7edea0e80.png?v=1788830809",12.99 USD,in stock,new,Nest Finds,Colanders,653,Yellow,
shopify_US_8634670907426_47337757114402,8634670907426,Collapsible Vegetable Washing Basket with Drain Holes - Foldable Kitchen Colander,"Rinse produce faster with a collapsible washing basket that drains water through its perforated base while it holds vegetables, fruit, and herbs securely in place. Perforated drain basket - lets water flow out while produce stays put Collapsible design - folds flat in seconds for easy storage in tight kitchens Durable food-safe construction - holds up to daily washing without cracking Available in Green, Yellow, or Beige Great for washing salad greens, berries, and root vegetables at the sink, or packing flat for camping and RV kitchens.",https://nestfinds.com/products/collapsible-vegetable-washing-basket-with-drain-holes-foldable-kitchen-colander?variant=47337757114402,https://nestfinds.com/products/collapsible-vegetable-washing-basket-with-drain-holes-foldable-kitchen-colander,https://cdn.shopify.com/s/files/1/0906/9972/6882/files/5_3e0dce11-a640-4ce2-b6b4-e71db745b2a7.png?v=1788830801,"https://cdn.shopify.com/s/files/1/0906/9972/6882/files/2_acf40bc4-997c-4cf5-8c48-251b90f9d313.png?v=1788830798,https://cdn.shopify.com/s/files/1/0906/9972/6882/files/4_0cd4f312-9b36-4815-baee-0deec22fb257.png?v=1788830803,https://cdn.shopify.com/s/files/1/0906/9972/6882/files/3_92d12820-2de5-4601-97a6-9898b304d9b3.png?v=1788830806,https://cdn.shopify.com/s/files/1/0906/9972/6882/files/1_20a90286-3be6-4828-8858-f7c7edea0e80.png?v=1788830809",12.99 USD,in stock,new,Nest Finds,Colanders,653,Beige,
shopify_US_8635331280930_47338741563426,8635331280930,Colorful Crackle Flame Humidifier - Ultrasonic Aromatherapy Diffuser,"A crackled-glass flame effect meets whisper-quiet ultrasonic humidification - this dual-function diffuser lights up with dancing color while keeping your room's humidity and scent in balance. Crackle-glass flame lighting - colorful dancing light effect with no real flame Ultrasonic humidification - adds moisture without loud fan noise Whisper-quiet operation - safe for bedrooms and overnight use Available in White or Black Perfect for bedrooms, living rooms, and offices - ambient lighting and better air humidity in one device.",https://nestfinds.com/products/colorful-crackle-flame-humidifier-ultrasonic-aromatherapy-diffuser?variant=47338741563426,https://nestfinds.com/products/colorful-crackle-flame-humidifier-ultrasonic-aromatherapy-diffuser,https://cdn.shopify.com/s/files/1/0906/9972/6882/files/2_4f3962e5-8a07-4caf-8975-7ba19666675f.png?v=1788849779,"https://cdn.shopify.com/s/files/1/0906/9972/6882/files/1_8b9d59cb-670e-425e-b776-87843c22bcc7.png?v=1788849770,https://cdn.shopify.com/s/files/1/0906/9972/6882/files/6_764a239a-f367-48e5-a68a-8569898edd7b.png?v=1788849773,https://cdn.shopify.com/s/files/1/0906/9972/6882/files/5_6d8b1319-038e-4e4a-a18b-9baa11243f61.png?v=1788849776,https://cdn.shopify.com/s/files/1/0906/9972/6882/files/3_88c7f888-ae2c-41ea-a932-afd56ff7cf71.png?v=1788849782,https://cdn.shopify.com/s/files/1/0906/9972/6882/files/4_60859ac8-689e-423a-ba49-5a6800af679f.png?v=1788849785",42.95 USD,in stock,new,Nest Finds,Humidifiers,613,White,
shopify_US_8635331280930_47338741596194,8635331280930,Colorful Crackle Flame Humidifier - Ultrasonic Aromatherapy Diffuser,"A crackled-glass flame effect meets whisper-quiet ultrasonic humidification - this dual-function diffuser lights up with dancing color while keeping your room's humidity and scent in balance. Crackle-glass flame lighting - colorful dancing light effect with no real flame Ultrasonic humidification - adds moisture without loud fan noise Whisper-quiet operation - safe for bedrooms and overnight use Available in White or Black Perfect for bedrooms, living rooms, and offices - ambient lighting and better air humidity in one device.",https://nestfinds.com/products/colorful-crackle-flame-humidifier-ultrasonic-aromatherapy-diffuser?variant=47338741596194,https://nestfinds.com/products/colorful-crackle-flame-humidifier-ultrasonic-aromatherapy-diffuser,https://cdn.shopify.com/s/files/1/0906/9972/6882/files/3_88c7f888-ae2c-41ea-a932-afd56ff7cf71.png?v=1788849782,"https://cdn.shopify.com/s/files/1/0906/9972/6882/files/1_8b9d59cb-670e-425e-b776-87843c22bcc7.png?v=1788849770,https://cdn.shopify.com/s/files/1/0906/9972/6882/files/6_764a239a-f367-48e5-a68a-8569898edd7b.png?v=1788849773,https://cdn.shopify.com/s/files/1/0906/9972/6882/files/5_6d8b1319-038e-4e4a-a18b-9baa11243f61.png?v=1788849776,https://cdn.shopify.com/s/files/1/0906/9972/6882/files/2_4f3962e5-8a07-4caf-8975-7ba19666675f.png?v=1788849779,https://cdn.shopify.com/s/files/1/0906/9972/6882/files/4_60859ac8-689e-423a-ba49-5a6800af679f.png?v=1788849785",42.95 USD,in stock,new,Nest Finds,Humidifiers,613,Black,
shopify_US_8635318140962_47338721280034,8635318140962,Disposable Floor Drain Filter Stickers - Hair & Debris Catcher for Kitchen & Bathroom Drains,"Stop clogged drains before they start - just peel and stick these disposable filters over your drain to trap hair and debris before it builds up. Peel-and-stick application - no tools, fits directly over standard drains Traps hair and debris - prevents clogs at the source Chemical-free solution - no harsh drain cleaners needed Available in 3, 5, or 10-piece packs Perfect for kitchen sinks, shower drains, and bathroom floor drains - less snaking, less plunging, easier maintenance.",https://nestfinds.com/products/disposable-floor-drain-filter-stickers-hair-debris-catcher-for-kitchen-bathroom-drains?variant=47338721280034,https://nestfinds.com/products/disposable-floor-drain-filter-stickers-hair-debris-catcher-for-kitchen-bathroom-drains,https://cdn.shopify.com/s/files/1/0906/9972/6882/files/S156863e8ce104a6fb3435b286ecf296fL.webp?v=1788849362,"https://cdn.shopify.com/s/files/1/0906/9972/6882/files/Sbf4aed08a5174fd8a05a482a62def9081.webp?v=1788849364,https://cdn.shopify.com/s/files/1/0906/9972/6882/files/S037e77987adc40088e183ab09d5ac5e3V.webp?v=1788849367,https://cdn.shopify.com/s/files/1/0906/9972/6882/files/See3f725cfbef4eef9291238b705b2d3fZ.webp?v=1788849370,https://cdn.shopify.com/s/files/1/0906/9972/6882/files/Se40c5efb0efa47bfa9ed3ac44464f6f0h.webp?v=1788849373",7.98 USD,in stock,new,Nest Finds,Drain Covers & Strainers,2851,,3 Pieces
shopify_US_8635318140962_47338721312802,8635318140962,Disposable Floor Drain Filter Stickers - Hair & Debris Catcher for Kitchen & Bathroom Drains,"Stop clogged drains before they start - just peel and stick these disposable filters over your drain to trap hair and debris before it builds up. Peel-and-stick application - no tools, fits directly over standard drains Traps hair and debris - prevents clogs at the source Chemical-free solution - no harsh drain cleaners needed Available in 3, 5, or 10-piece packs Perfect for kitchen sinks, shower drains, and bathroom floor drains - less snaking, less plunging, easier maintenance.",https://nestfinds.com/products/disposable-floor-drain-filter-stickers-hair-debris-catcher-for-kitchen-bathroom-drains?variant=47338721312802,https://nestfinds.com/products/disposable-floor-drain-filter-stickers-hair-debris-catcher-for-kitchen-bathroom-drains,https://cdn.shopify.com/s/files/1/0906/9972/6882/files/S156863e8ce104a6fb3435b286ecf296fL.webp?v=1788849362,"https://cdn.shopify.com/s/files/1/0906/9972/6882/files/Sbf4aed08a5174fd8a05a482a62def9081.webp?v=1788849364,https://cdn.shopify.com/s/files/1/0906/9972/6882/files/S037e77987adc40088e183ab09d5ac5e3V.webp?v=1788849367,https://cdn.shopify.com/s/files/1/0906/9972/6882/files/See3f725cfbef4eef9291238b705b2d3fZ.webp?v=1788849370,https://cdn.shopify.com/s/files/1/0906/9972/6882/files/Se40c5efb0efa47bfa9ed3ac44464f6f0h.webp?v=1788849373",12.99 USD,in stock,new,Nest Finds,Drain Covers & Strainers,2851,,5 Pieces
shopify_US_8635318140962_47338721345570,8635318140962,Disposable Floor Drain Filter Stickers - Hair & Debris Catcher for Kitchen & Bathroom Drains,"Stop clogged drains before they start - just peel and stick these disposable filters over your drain to trap hair and debris before it builds up. Peel-and-stick application - no tools, fits directly over standard drains Traps hair and debris - prevents clogs at the source Chemical-free solution - no harsh drain cleaners needed Available in 3, 5, or 10-piece packs Perfect for kitchen sinks, shower drains, and bathroom floor drains - less snaking, less plunging, easier maintenance.",https://nestfinds.com/products/disposable-floor-drain-filter-stickers-hair-debris-catcher-for-kitchen-bathroom-drains?variant=47338721345570,https://nestfinds.com/products/disposable-floor-drain-filter-stickers-hair-debris-catcher-for-kitchen-bathroom-drains,https://cdn.shopify.com/s/files/1/0906/9972/6882/files/S156863e8ce104a6fb3435b286ecf296fL.webp?v=1788849362,"https://cdn.shopify.com/s/files/1/0906/9972/6882/files/Sbf4aed08a5174fd8a05a482a62def9081.webp?v=1788849364,https://cdn.shopify.com/s/files/1/0906/9972/6882/files/S037e77987adc40088e183ab09d5ac5e3V.webp?v=1788849367,https://cdn.shopify.com/s/files/1/0906/9972/6882/files/See3f725cfbef4eef9291238b705b2d3fZ.webp?v=1788849370,https://cdn.shopify.com/s/files/1/0906/9972/6882/files/Se40c5efb0efa47bfa9ed3ac44464f6f0h.webp?v=1788849373",14.99 USD,in stock,new,Nest Finds,Drain Covers & Strainers,2851,,10 Pieces
shopify_US_8634685947938_47337818554402,8634685947938,"Disposable Toilet Brush - Single-Use Sanitary Cleaning Heads, Long Handle","Clean the toilet bowl without ever touching a dirty brush head - disposable heads eliminate cross-contamination and get thrown away after each use for a genuinely sanitary clean. Single-use brush heads - prevent cross-contamination between cleanings Deep-cleaning design - removes stains and buildup without leaving residue Long ergonomic handle - comfortable grip, reaches under the rim and corners No-dead-angle cleaning - designed for thorough bowl coverage A hygienic, low-maintenance solution for everyday bathroom upkeep.",https://nestfinds.com/products/disposable-toilet-brush-single-use-sanitary-cleaning-heads-long-handle,https://nestfinds.com/products/disposable-toilet-brush-single-use-sanitary-cleaning-heads-long-handle,https://cdn.shopify.com/s/files/1/0906/9972/6882/files/BRUSH_2.png?v=1788831471,"https://cdn.shopify.com/s/files/1/0906/9972/6882/files/BRUSH_1.png?v=1788831474,https://cdn.shopify.com/s/files/1/0906/9972/6882/files/BRUSH_3.png?v=1788831478",28.99 USD,in stock,new,Nest Finds,Toilet Brushes,583,,
shopify_US_8635315781666_47338718330914,8635315781666,Double-Sided Magnetic Window Cleaner with Water Tank - High-Rise Glass Scrubber,"Clean both sides of a window at once without leaning outside - powerful magnets link two cleaning pads through the glass, so scrubbing the inside automatically scrubs the outside too. Magnetic dual-pad design - cleans both panes simultaneously, no need to go outside Built-in water tank - press to release cleaning solution, no spray bottle needed Anti-drop safety string - added security for upper-floor and high-rise windows Microfiber pads + squeegee strips - scrubs grime, then wipes a streak-free finish Fits glass 3-28mm thick - works with most double-glazed windows Built for apartment high-rises, double-glazed home windows, and anywhere climbing outside to clean isn't an option.",https://nestfinds.com/products/double-sided-magnetic-window-cleaner-with-water-tank-high-rise-glass-scrubber,https://nestfinds.com/products/double-sided-magnetic-window-cleaner-with-water-tank-high-rise-glass-scrubber,https://cdn.shopify.com/s/files/1/0906/9972/6882/files/1_bb258e9b-92cf-4af8-9a86-0baafa27a2a7.png?v=1788849279,"https://cdn.shopify.com/s/files/1/0906/9972/6882/files/2_5d992635-b842-4036-af58-4f7c8f354bbe.png?v=1788849282,https://cdn.shopify.com/s/files/1/0906/9972/6882/files/3_74d93b22-3915-4dee-be99-395c5134e02c.png?v=1788849286",49.99 USD,in stock,new,Nest Finds,Scrub Brushes,4670,,
shopify_US_8634684964898_47337817276450,8634684964898,Double-Sided Window Cleaning Tool - Long Handle Glass Squeegee for Both Sides,"Clean both sides of a window in one motion - this double-sided tool with an extended handle reaches high or awkward windows without a ladder. Dual-sided cleaning heads - washes interior and exterior glass simultaneously Extended long handle - comfortable leverage for hard-to-reach windows Streak-free squeegee pads - leaves windows, mirrors, and glass doors spotless Minimal drip design - less water mess during cleaning Ideal for tall windows, glass doors, and mirrors in homes and offices.",https://nestfinds.com/products/double-sided-window-cleaning-tool-long-handle-glass-squeegee-for-both-sides,https://nestfinds.com/products/double-sided-window-cleaning-tool-long-handle-glass-squeegee-for-both-sides,https://cdn.shopify.com/s/files/1/0906/9972/6882/files/1_13561a09-2073-4fb1-a71c-46e99deefa46.png?v=1788831442,"https://cdn.shopify.com/s/files/1/0906/9972/6882/files/2_53722b78-2b3a-44b2-9fb5-69de293a5dc2.png?v=1788831446,https://cdn.shopify.com/s/files/1/0906/9972/6882/files/3_65a0cb7e-f03a-4e90-9157-336c4e7ba2a7.png?v=1788831449,https://cdn.shopify.com/s/files/1/0906/9972/6882/files/4_d095f8de-cca6-41cd-b5fd-59d22867b403.png?v=1788831451",34.99 USD,in stock,new,Nest Finds,Squeegees,2610,,
shopify_US_8635313127458_47338713514018,8635313127458,Drain Basket with Lid - Kitchen Washing & Storage Box with Ventilation,"Wash, drain, and store in one container - this lidded drain basket lets water escape through built-in drainage while the lid keeps dust, pests, and odors out between uses. Built-in drainage holes - water drains away without pooling Snap-on lid - protects contents from dust and pests when not in use Multi-purpose - wash produce, drain dishes, or store dry goods Available in White or Beige Handy for kitchens, pantries, and countertops - one basket that replaces a colander, a drying rack, and a storage container.",https://nestfinds.com/products/drain-basket-with-lid-kitchen-washing-storage-box-with-ventilation?variant=47338713514018,https://nestfinds.com/products/drain-basket-with-lid-kitchen-washing-storage-box-with-ventilation,https://cdn.shopify.com/s/files/1/0906/9972/6882/files/6_8912772f-8005-4940-8b4f-2939a484bd7b.png?v=1788849223,"https://cdn.shopify.com/s/files/1/0906/9972/6882/files/7_5cbca011-a46a-4e98-93f2-78ead9badd91.png?v=1788849205,https://cdn.shopify.com/s/files/1/0906/9972/6882/files/9_4095ccc0-45af-4f1b-8822-8776854e7269.png?v=1788849208,https://cdn.shopify.com/s/files/1/0906/9972/6882/files/4_8ee5dd27-0f6b-41c0-adc4-424852cb030f.png?v=1788849211,https://cdn.shopify.com/s/files/1/0906/9972/6882/files/5_28c256c0-f236-44c9-8fcf-962b1d7bdae2.png?v=1788849214,https://cdn.shopify.com/s/files/1/0906/9972/6882/files/8_b768de51-3c8f-4d74-a019-a8a5c093125a.png?v=1788849217,https://cdn.shopify.com/s/files/1/0906/9972/6882/files/3_8cd92ed5-ce37-4870-b0d4-a262732fadda.png?v=1788849220,https://cdn.shopify.com/s/files/1/0906/9972/6882/files/2_47cdbdc5-7171-4023-a6bf-5576c2cd8482.png?v=1788849226,https://cdn.shopify.com/s/files/1/0906/9972/6882/files/1_7ab0eb79-b7d1-4774-b8bf-a37d6755ec59.png?v=1788849229",14.99 USD,in stock,new,Nest Finds,Bowls,3498,White,
shopify_US_8635313127458_47338713546786,8635313127458,Drain Basket with Lid - Kitchen Washing & Storage Box with Ventilation,"Wash, drain, and store in one container - this lidded drain basket lets water escape through built-in drainage while the lid keeps dust, pests, and odors out between uses. Built-in drainage holes - water drains away without pooling Snap-on lid - protects contents from dust and pests when not in use Multi-purpose - wash produce, drain dishes, or store dry goods Available in White or Beige Handy for kitchens, pantries, and countertops - one basket that replaces a colander, a drying rack, and a storage container.",https://nestfinds.com/products/drain-basket-with-lid-kitchen-washing-storage-box-with-ventilation?variant=47338713546786,https://nestfinds.com/products/drain-basket-with-lid-kitchen-washing-storage-box-with-ventilation,https://cdn.shopify.com/s/files/1/0906/9972/6882/files/3_8cd92ed5-ce37-4870-b0d4-a262732fadda.png?v=1788849220,"https://cdn.shopify.com/s/files/1/0906/9972/6882/files/7_5cbca011-a46a-4e98-93f2-78ead9badd91.png?v=1788849205,https://cdn.shopify.com/s/files/1/0906/9972/6882/files/9_4095ccc0-45af-4f1b-8822-8776854e7269.png?v=1788849208,https://cdn.shopify.com/s/files/1/0906/9972/6882/files/4_8ee5dd27-0f6b-41c0-adc4-424852cb030f.png?v=1788849211,https://cdn.shopify.com/s/files/1/0906/9972/6882/files/5_28c256c0-f236-44c9-8fcf-962b1d7bdae2.png?v=1788849214,https://cdn.shopify.com/s/files/1/0906/9972/6882/files/8_b768de51-3c8f-4d74-a019-a8a5c093125a.png?v=1788849217,https://cdn.shopify.com/s/files/1/0906/9972/6882/files/6_8912772f-8005-4940-8b4f-2939a484bd7b.png?v=1788849223,https://cdn.shopify.com/s/files/1/0906/9972/6882/files/2_47cdbdc5-7171-4023-a6bf-5576c2cd8482.png?v=1788849226,https://cdn.shopify.com/s/files/1/0906/9972/6882/files/1_7ab0eb79-b7d1-4774-b8bf-a37d6755ec59.png?v=1788849229",14.99 USD,in stock,new,Nest Finds,Bowls,3498,Beige,
shopify_US_8634682998818_47337814655010,8634682998818,Easy Wring Sponge Mop - Built-In Wringer for Wet & Dry Floor Cleaning,"Squeeze out excess water without touching a dirty mop head - this sponge mop's built-in wringing system speeds up drying and keeps cleanup mess-free on kitchens, bathrooms, and all hard floors. Highly absorbent sponge head - lifts dust, dirt, pet hair, and spills quickly Built-in wringing system - removes excess water without hand contact Wet and dry use - one mop for both everyday sweeping and deeper cleans Fast-drying design - reduces mess and cleanup time A practical daily pick for kitchens, bathrooms, and hard floor surfaces throughout the home.",https://nestfinds.com/products/easy-wring-sponge-mop-built-in-wringer-for-wet-dry-floor-cleaning,https://nestfinds.com/products/easy-wring-sponge-mop-built-in-wringer-for-wet-dry-floor-cleaning,https://cdn.shopify.com/s/files/1/0906/9972/6882/files/B_1.png?v=1788831353,"https://cdn.shopify.com/s/files/1/0906/9972/6882/files/B_3.png?v=1788831355,https://cdn.shopify.com/s/files/1/0906/9972/6882/files/B_5.png?v=1788831358,https://cdn.shopify.com/s/files/1/0906/9972/6882/files/B_2.png?v=1788831362,https://cdn.shopify.com/s/files/1/0906/9972/6882/files/B_4.png?v=1788831364,https://cdn.shopify.com/s/files/1/0906/9972/6882/files/B_6.png?v=1788831367",32.99 USD,in stock,new,Nest Finds,Mops,2713,,
shopify_US_8634680999970_47337809379362,8634680999970,Electrostatic Dust Mop - Static Cling Hair & Dust Cleaner for Hard Floors,"Dust and hair cling to this mop like a magnet - the electrostatic head traps particles instead of scattering them, so floors get cleaner in fewer passes with no wet washing required. Strong static adsorption - attracts and traps hair, dust, and fine particles No-spread cleaning - lifts dirt without pushing it around the room Lightweight, easy to maneuver - built for quick daily upkeep No hand contact - no need to touch dirty debris or wash by hand Perfect for hardwood, tile, and laminate floors - a faster, lower-effort alternative to traditional dust mops.",https://nestfinds.com/products/electrostatic-dust-mop-static-cling-hair-dust-cleaner-for-hard-floors,https://nestfinds.com/products/electrostatic-dust-mop-static-cling-hair-dust-cleaner-for-hard-floors,https://cdn.shopify.com/s/files/1/0906/9972/6882/files/A_6_f2ceb19f-3d3d-459f-a8b3-17937953cf8f.png?v=1788831036,"https://cdn.shopify.com/s/files/1/0906/9972/6882/files/A_5_944379e0-d0c7-42d3-b695-5cf3391138f3.png?v=1788831046,https://cdn.shopify.com/s/files/1/0906/9972/6882/files/A_4_4cbac7de-0a03-488a-9bc2-cb4281613e14.png?v=1788831050,https://cdn.shopify.com/s/files/1/0906/9972/6882/files/A_1_7c6e4c47-aa98-423c-be27-4bfa1b7588e4.png?v=1788831057,https://cdn.shopify.com/s/files/1/0906/9972/6882/files/A_2_8fa8a33e-ac39-4531-bb36-8854060d3c3f.png?v=1788831062,https://cdn.shopify.com/s/files/1/0906/9972/6882/files/A_3_88aa588a-4e17-4193-a756-517e7bfabe75.png?v=1788831068,https://cdn.shopify.com/s/files/1/0906/9972/6882/files/A_7_169d2ec2-1098-4db1-a1d6-f37b0da13fb6.png?v=1788831071",32.99 USD,in stock,new,Nest Finds,Mops,2713,,
shopify_US_8634684276770_47337816358946,8634684276770,Extendable Microfiber Duster - Bendable Head for Ceiling Fans & Tight Spaces,"Reach high shelves and tight corners without a step stool - this telescoping microfiber duster bends to any angle to trap dust on contact. Telescoping handle - extends to reach overhead areas and confined spaces Bendable head - pivots to clean ceiling fans, baseboards, and awkward angles Soft microfiber bristles - captures dust without scratching surfaces Lightweight, compact build - easy to store and maneuver A go-to tool for ceiling fans, blinds, baseboards, and hard-to-reach dust traps around the home.",https://nestfinds.com/products/extendable-microfiber-duster-bendable-head-for-ceiling-fans-tight-spaces,https://nestfinds.com/products/extendable-microfiber-duster-bendable-head-for-ceiling-fans-tight-spaces,https://cdn.shopify.com/s/files/1/0906/9972/6882/files/3_b97f628b-3937-4e36-91f5-8021682253fb.png?v=1788831420,"https://cdn.shopify.com/s/files/1/0906/9972/6882/files/1_0ee6aee4-a79e-4fde-9dbe-51cbba03cb7c.png?v=1788831423,https://cdn.shopify.com/s/files/1/0906/9972/6882/files/2_70b862a9-b39a-4ebd-a186-b72d7878163c.png?v=1788831426",14.99 USD,in stock,new,Nest Finds,Dusters,2250,,
shopify_US_8634681327650_47337811050530,8634681327650,Extendable Window Screen Duster Brush - Telescoping Handle for High Window Cleaning,"Reach high windows and tight corners from the ground with a telescoping duster brush built specifically for delicate mesh screens - no ladder, no climbing. Telescoping handle - extends to reach high windows and corners safely Gentle bristles - sweep away dust and debris without damaging mesh screens Compact and lightweight - easy to store and maneuver Interior/exterior use - suited for routine maintenance and seasonal deep cleaning A must-have for maintaining clear, dust-free window screens throughout your home.",https://nestfinds.com/products/extendable-window-screen-duster-brush-telescoping-handle-for-high-window-cleaning,https://nestfinds.com/products/extendable-window-screen-duster-brush-telescoping-handle-for-high-window-cleaning,https://cdn.shopify.com/s/files/1/0906/9972/6882/files/2_2579c71b-99aa-4f29-9cf7-8a19f536c1d7.png?v=1788831085,"https://cdn.shopify.com/s/files/1/0906/9972/6882/files/3_da15d318-9126-4921-b59e-54268a2895a1.png?v=1788831090,https://cdn.shopify.com/s/files/1/0906/9972/6882/files/1_4db446bb-b281-4941-8e28-abba0dc93317.png?v=1788831093",24.99 USD,in stock,new,Nest Finds,Dusters,2250,,
shopify_US_8634679984162_47337803710498,8634679984162,Extended Reach Window Screen Scrubber Brush - Long Handle Mesh Cleaning Tool,"Clean upper-floor window screens from the ground - no ladder required. This extended-handle scrubber brush reaches high screens safely while its durable bristles lift dirt and pollen without damaging delicate mesh. Elongated handle - reaches elevated screens without a ladder Durable bristles - dislodge dirt, pollen, and debris while protecting mesh Lightweight build - reduces fatigue during extended cleaning Ergonomic grip - steady control for precise scrubbing An essential seasonal tool for keeping window screens throughout your home crystal clear.",https://nestfinds.com/products/extended-reach-window-screen-scrubber-brush-long-handle-mesh-cleaning-tool,https://nestfinds.com/products/extended-reach-window-screen-scrubber-brush-long-handle-mesh-cleaning-tool,https://cdn.shopify.com/s/files/1/0906/9972/6882/files/5_c9a7f0af-ba96-40fe-8b93-87f6050ca157.png?v=1788830943,"https://cdn.shopify.com/s/files/1/0906/9972/6882/files/4_0595f130-01f8-467d-bcf9-a7d8586fe51b.png?v=1788830946,https://cdn.shopify.com/s/files/1/0906/9972/6882/files/3_173c036c-df4a-40a5-9073-8fea4a2efe7b.png?v=1788830949,https://cdn.shopify.com/s/files/1/0906/9972/6882/files/2_6b99eca9-e0a1-4c30-8e22-a90b7f52f94d.png?v=1788830952,https://cdn.shopify.com/s/files/1/0906/9972/6882/files/1_45967c42-ade4-4458-ad12-95bc61ae5169.png?v=1788830955",24.99 USD,in stock,new,Nest Finds,Scrub Brushes,4670,,
shopify_US_8634682671138_47337814163490,8634682671138,Extra Wide Flat Floor Mop - 40cm Wet & Dry Microfiber Mop for Large Floor Areas,"Cover more floor in fewer passes - this extra-wide 40 x 11cm flat mop head lifts dust, hair, and stubborn dirt in one glide, working wet or dry on hardwood, tile, laminate, and marble. Extra-wide 40 x 11cm head - maximizes floor coverage per pass Wet and dry use - highly absorbent pad handles both cleaning modes 135cm total length - comfortable upright cleaning without bending Flexible swivel head - reaches under sofas, beds, and tight spaces Detachable, washable pad - reusable for cost-effective, eco-friendly cleaning Built for large rooms and open-plan spaces where speed and coverage matter most.",https://nestfinds.com/products/extra-wide-flat-floor-mop-40cm-wet-dry-microfiber-mop-for-large-floor-areas,https://nestfinds.com/products/extra-wide-flat-floor-mop-40cm-wet-dry-microfiber-mop-for-large-floor-areas,https://cdn.shopify.com/s/files/1/0906/9972/6882/files/A_1.png?v=1788831312,"https://cdn.shopify.com/s/files/1/0906/9972/6882/files/A_2.png?v=1788831314,https://cdn.shopify.com/s/files/1/0906/9972/6882/files/A_3.png?v=1788831317",38.99 USD,in stock,new,Nest Finds,Mops,2713,,
shopify_US_8635329216546_47338738253858,8635329216546,Flame Effect Humidifier - Fireplace-Style Aromatherapy Diffuser,"Get the look of a crackling fireplace without the heat - this flame-effect humidifier projects a warm, flickering glow while quietly humidifying the air and diffusing your choice of essential oil. Realistic flame-effect light - warm flicker with no actual heat, safe for any room 2-in-1 humidifier and diffuser - adds moisture and fragrance together Quiet operation - suited for bedrooms and overnight use Available in Black or White Perfect for bedrooms, living rooms, and offices - cozy ambiance with the practical benefit of better air moisture.",https://nestfinds.com/products/flame-effect-humidifier-fireplace-style-aromatherapy-diffuser?variant=47338738253858,https://nestfinds.com/products/flame-effect-humidifier-fireplace-style-aromatherapy-diffuser,https://cdn.shopify.com/s/files/1/0906/9972/6882/files/7_dd1b9a9a-24f0-4938-b57f-9f18b75ad597.png?v=1788849723,"https://cdn.shopify.com/s/files/1/0906/9972/6882/files/3_8077e2eb-82b6-4b3f-bbb1-21a47e60feb6.png?v=1788849711,https://cdn.shopify.com/s/files/1/0906/9972/6882/files/4_9d34c65d-df12-443b-84ff-73a5be54d319.png?v=1788849714,https://cdn.shopify.com/s/files/1/0906/9972/6882/files/5_068dc448-1c93-4b44-844a-cc04403a6cc1.png?v=1788849717,https://cdn.shopify.com/s/files/1/0906/9972/6882/files/6_ed43eb86-a484-444c-a49c-69e494d55d93.png?v=1788849720,https://cdn.shopify.com/s/files/1/0906/9972/6882/files/1_7cc842f9-18fc-40b2-be97-88173dfb1dc8.png?v=1788849726,https://cdn.shopify.com/s/files/1/0906/9972/6882/files/2_55612193-84e7-40f1-aaf0-54c58fbde40d.png?v=1788849729",44.99 USD,in stock,new,Nest Finds,Electric Diffusers,613,Black,
shopify_US_8635329216546_47338738286626,8635329216546,Flame Effect Humidifier - Fireplace-Style Aromatherapy Diffuser,"Get the look of a crackling fireplace without the heat - this flame-effect humidifier projects a warm, flickering glow while quietly humidifying the air and diffusing your choice of essential oil. Realistic flame-effect light - warm flicker with no actual heat, safe for any room 2-in-1 humidifier and diffuser - adds moisture and fragrance together Quiet operation - suited for bedrooms and overnight use Available in Black or White Perfect for bedrooms, living rooms, and offices - cozy ambiance with the practical benefit of better air moisture.",https://nestfinds.com/products/flame-effect-humidifier-fireplace-style-aromatherapy-diffuser?variant=47338738286626,https://nestfinds.com/products/flame-effect-humidifier-fireplace-style-aromatherapy-diffuser,https://cdn.shopify.com/s/files/1/0906/9972/6882/files/6_ed43eb86-a484-444c-a49c-69e494d55d93.png?v=1788849720,"https://cdn.shopify.com/s/files/1/0906/9972/6882/files/3_8077e2eb-82b6-4b3f-bbb1-21a47e60feb6.png?v=1788849711,https://cdn.shopify.com/s/files/1/0906/9972/6882/files/4_9d34c65d-df12-443b-84ff-73a5be54d319.png?v=1788849714,https://cdn.shopify.com/s/files/1/0906/9972/6882/files/5_068dc448-1c93-4b44-844a-cc04403a6cc1.png?v=1788849717,https://cdn.shopify.com/s/files/1/0906/9972/6882/files/7_dd1b9a9a-24f0-4938-b57f-9f18b75ad597.png?v=1788849723,https://cdn.shopify.com/s/files/1/0906/9972/6882/files/1_7cc842f9-18fc-40b2-be97-88173dfb1dc8.png?v=1788849726,https://cdn.shopify.com/s/files/1/0906/9972/6882/files/2_55612193-84e7-40f1-aaf0-54c58fbde40d.png?v=1788849729",44.99 USD,in stock,new,Nest Finds,Electric Diffusers,613,White,
shopify_US_8634682146850_47337813082146,8634682146850,Flat Mop with 360&deg; Swivel Head - Reusable Microfiber Mop for Hardwood & Tile,"Trap dust, dirt, hair, and spills instantly with a flat mop built for quick daily cleaning - the microfiber pad and swivel head make hard-to-reach spots easy. 360° swivel head - cleans under furniture and into tight corners Reusable microfiber pad - machine washable, eco-friendly, cost-saving Lightweight, ergonomic handle - reduces bending and fatigue Compact storage - fits easily in closets, kitchens, or utility rooms Suited for hardwood, tile, and laminate floors in homes, apartments, kitchens, and offices.",https://nestfinds.com/products/flat-mop-with-360-deg-swivel-head-reusable-microfiber-mop-for-hardwood-tile,https://nestfinds.com/products/flat-mop-with-360-deg-swivel-head-reusable-microfiber-mop-for-hardwood-tile,https://cdn.shopify.com/s/files/1/0906/9972/6882/files/1_467b50cf-83ce-417f-a6bb-4ccbc5b1b465.png?v=1788831238,"https://cdn.shopify.com/s/files/1/0906/9972/6882/files/3_cbab4ddd-1a13-4834-b8ee-00c580960c3c.png?v=1788831247,https://cdn.shopify.com/s/files/1/0906/9972/6882/files/1_6752a5cb-8664-46e1-85d0-205fd51274e1.png?v=1788831254,https://cdn.shopify.com/s/files/1/0906/9972/6882/files/2_55d995aa-bb93-47a8-a02c-c948fb48a957.png?v=1788831256,https://cdn.shopify.com/s/files/1/0906/9972/6882/files/2_f547d763-b942-4ea1-82c6-bb492d880c55.png?v=1788831259",39.99 USD,in stock,new,Nest Finds,Mops,2713,,
shopify_US_8635317059618_47338720165922,8635317059618,Flower-Shaped Bag Sealing Clips - Snack & Food Storage Bag Clamps,"Keep opened snacks fresh longer - these flower-shaped sealing clips clamp bags shut to block out air and moisture, so chips, cereal, and snacks stay crisp instead of going stale. Flower-shaped ergonomic grip - easy to open and reseal with one hand Firm, secure seal - blocks air and moisture from spoiling food Durable construction - reusable across countless snack bags Compact design - stores flat in a drawer near your pantry Ideal for chip bags, cereal boxes, frozen food bags, and any snack you want to keep fresh between servings.",https://nestfinds.com/products/flower-shaped-bag-sealing-clips-snack-food-storage-bag-clamps,https://nestfinds.com/products/flower-shaped-bag-sealing-clips-snack-food-storage-bag-clamps,https://cdn.shopify.com/s/files/1/0906/9972/6882/files/6_4f151d5b-549d-43f4-8fcf-a98cf59dc7d4.png?v=1788849327,"https://cdn.shopify.com/s/files/1/0906/9972/6882/files/7_5dc5f1e0-f891-48a9-869e-f29e38fcecb7.png?v=1788849330,https://cdn.shopify.com/s/files/1/0906/9972/6882/files/8_292fb9fc-9c99-4dc2-a218-68e90740fdc0.png?v=1788849333,https://cdn.shopify.com/s/files/1/0906/9972/6882/files/9_89e1135b-20e8-4de6-9cd5-f7af855a8afc.png?v=1788849336",9.99 USD,in stock,new,Nest Finds,Bag Sealing Clips,5837,,
shopify_US_8635318435874_47338721640482,8635318435874,Foldable Aluminum Clothes Drying Rack - Telescopic Suction Cup Wall Mount,"Dry clothes without giving up floor space - this telescopic aluminum rack mounts to smooth walls with strong suction cups, then folds flat and tucks away the moment you're done. Lightweight aluminum frame - sturdy enough for wet laundry, easy to move and store Telescopic, adjustable arms - extend to fit the load, retract to save space No-drill suction mount - attaches to tile, glass, and other smooth surfaces without damage Foldable design - collapses flat for storage between uses Available in Black or White Perfect for bathrooms, balconies, laundry rooms, and small apartments where a full-size drying rack won't fit.",https://nestfinds.com/products/foldable-aluminum-clothes-drying-rack-telescopic-suction-cup-wall-mount?variant=47338721640482,https://nestfinds.com/products/foldable-aluminum-clothes-drying-rack-telescopic-suction-cup-wall-mount,https://cdn.shopify.com/s/files/1/0906/9972/6882/files/5_4dcdc10b-fdce-49b1-937d-0d48082728b2.png?v=1788849383,"https://cdn.shopify.com/s/files/1/0906/9972/6882/files/3_da104649-eb70-4aff-a4a4-76344ec164be.png?v=1788849374,https://cdn.shopify.com/s/files/1/0906/9972/6882/files/4_560fb611-c344-4226-ad6d-2f6e4f510de1.png?v=1788849377,https://cdn.shopify.com/s/files/1/0906/9972/6882/files/2_3e8803c1-aa27-46f7-99ce-b8ccaffa6176.png?v=1788849380,https://cdn.shopify.com/s/files/1/0906/9972/6882/files/1_d24e3a27-cf11-4f4f-8955-af8b6a357aa5.png?v=1788849387",49.99 USD,in stock,new,Nest Finds,Drying Racks,2677,Black,
shopify_US_8635318435874_47338721673250,8635318435874,Foldable Aluminum Clothes Drying Rack - Telescopic Suction Cup Wall Mount,"Dry clothes without giving up floor space - this telescopic aluminum rack mounts to smooth walls with strong suction cups, then folds flat and tucks away the moment you're done. Lightweight aluminum frame - sturdy enough for wet laundry, easy to move and store Telescopic, adjustable arms - extend to fit the load, retract to save space No-drill suction mount - attaches to tile, glass, and other smooth surfaces without damage Foldable design - collapses flat for storage between uses Available in Black or White Perfect for bathrooms, balconies, laundry rooms, and small apartments where a full-size drying rack won't fit.",https://nestfinds.com/products/foldable-aluminum-clothes-drying-rack-telescopic-suction-cup-wall-mount?variant=47338721673250,https://nestfinds.com/products/foldable-aluminum-clothes-drying-rack-telescopic-suction-cup-wall-mount,https://cdn.shopify.com/s/files/1/0906/9972/6882/files/4_560fb611-c344-4226-ad6d-2f6e4f510de1.png?v=1788849377,"https://cdn.shopify.com/s/files/1/0906/9972/6882/files/3_da104649-eb70-4aff-a4a4-76344ec164be.png?v=1788849374,https://cdn.shopify.com/s/files/1/0906/9972/6882/files/2_3e8803c1-aa27-46f7-99ce-b8ccaffa6176.png?v=1788849380,https://cdn.shopify.com/s/files/1/0906/9972/6882/files/5_4dcdc10b-fdce-49b1-937d-0d48082728b2.png?v=1788849383,https://cdn.shopify.com/s/files/1/0906/9972/6882/files/1_d24e3a27-cf11-4f4f-8955-af8b6a357aa5.png?v=1788849387",49.99 USD,in stock,new,Nest Finds,Drying Racks,2677,White,
shopify_US_8635327184930_47338735992866,8635327184930,Foldable Cabinet Trash Can - Collapsible Kitchen Waste Basket,"Hide your trash can without losing cabinet space - this foldable waste basket fits neatly inside kitchen cabinets and collapses flat the moment you don't need it. Collapsible design - folds flat for compact storage when not in use Cabinet-friendly size - tucks discreetly out of sight Sturdy, durable build - holds up to daily kitchen waste Available in White or Gray Perfect for small kitchens, RVs, or anywhere you want waste out of sight without sacrificing storage space.",https://nestfinds.com/products/foldable-cabinet-trash-can-collapsible-kitchen-waste-basket?variant=47338735992866,https://nestfinds.com/products/foldable-cabinet-trash-can-collapsible-kitchen-waste-basket,https://cdn.shopify.com/s/files/1/0906/9972/6882/files/22_ac6446ed-fc92-4b41-950d-1d80fcc06855.png?v=1788849649,"https://cdn.shopify.com/s/files/1/0906/9972/6882/files/24_fe61f018-d610-4ab5-a5ac-4e1cf7eca450.png?v=1788849643,https://cdn.shopify.com/s/files/1/0906/9972/6882/files/25_5a7ab15d-cb29-44f8-894e-6ce82ef0b43f.png?v=1788849646",18.99 USD,in stock,new,Nest Finds,Trash Cans,637,White,
shopify_US_8635327184930_47338736025634,8635327184930,Foldable Cabinet Trash Can - Collapsible Kitchen Waste Basket,"Hide your trash can without losing cabinet space - this foldable waste basket fits neatly inside kitchen cabinets and collapses flat the moment you don't need it. Collapsible design - folds flat for compact storage when not in use Cabinet-friendly size - tucks discreetly out of sight Sturdy, durable build - holds up to daily kitchen waste Available in White or Gray Perfect for small kitchens, RVs, or anywhere you want waste out of sight without sacrificing storage space.",https://nestfinds.com/products/foldable-cabinet-trash-can-collapsible-kitchen-waste-basket?variant=47338736025634,https://nestfinds.com/products/foldable-cabinet-trash-can-collapsible-kitchen-waste-basket,https://cdn.shopify.com/s/files/1/0906/9972/6882/files/25_5a7ab15d-cb29-44f8-894e-6ce82ef0b43f.png?v=1788849646,"https://cdn.shopify.com/s/files/1/0906/9972/6882/files/24_fe61f018-d610-4ab5-a5ac-4e1cf7eca450.png?v=1788849643,https://cdn.shopify.com/s/files/1/0906/9972/6882/files/22_ac6446ed-fc92-4b41-950d-1d80fcc06855.png?v=1788849649",18.99 USD,in stock,new,Nest Finds,Trash Cans,637,Gray,
shopify_US_8634639056930_47337708912674,8634639056930,Foldable Clothes Storage Boxes with Clear Window - Stackable Closet Drawer Organizers,"Reclaim your closet space with stackable clothes storage boxes that turn cluttered shelves into an organized, see-through system. Each drawer-style bin lets you spot exactly what's inside without digging through piles, while the reinforced frame keeps its shape even when fully packed. Clear window panel - locate sweaters, shirts, or accessories at a glance Foldable, stackable design - collapses flat for storage, stacks securely when in use Reinforced support frame - keeps shape under weight, won't sag or collapse Available in 1, 2, 4, or 8-piece sets - scale to fit a single shelf or a full closet system Perfect for bedroom closets, under-bed storage, dorm rooms, or seasonal clothing rotation - keep sweaters, jeans, and linens dust-free and easy to find year-round.",https://nestfinds.com/products/foldable-clothes-storage-boxes-with-clear-window-stackable-closet-drawer-organizers?variant=47337708912674,https://nestfinds.com/products/foldable-clothes-storage-boxes-with-clear-window-stackable-closet-drawer-organizers,https://cdn.shopify.com/s/files/1/0906/9972/6882/files/4_3903535b-985e-4b4d-9e00-5f238883d9de.png?v=1788829830,"https://cdn.shopify.com/s/files/1/0906/9972/6882/files/5_b4221c14-8a2f-4376-b522-66e493bcb380.png?v=1788829833,https://cdn.shopify.com/s/files/1/0906/9972/6882/files/3_c7cbe63c-23e6-453b-8bb4-87b269b73c1a.png?v=1788829835,https://cdn.shopify.com/s/files/1/0906/9972/6882/files/2_2d594537-e929-4fcd-8aca-aa28c8ff9373.png?v=1788829838,https://cdn.shopify.com/s/files/1/0906/9972/6882/files/6_a60ed0b5-eabe-4138-bc6d-1e00a81f4138.png?v=1788829841,https://cdn.shopify.com/s/files/1/0906/9972/6882/files/1_c60d6428-a75f-4c47-a327-ef0b9f8235aa.png?v=1788829843",18.99 USD,in stock,new,Nest Finds,Closet Organizers,5714,,1 Piece
shopify_US_8634639056930_47337708945442,8634639056930,Foldable Clothes Storage Boxes with Clear Window - Stackable Closet Drawer Organizers,"Reclaim your closet space with stackable clothes storage boxes that turn cluttered shelves into an organized, see-through system. Each drawer-style bin lets you spot exactly what's inside without digging through piles, while the reinforced frame keeps its shape even when fully packed. Clear window panel - locate sweaters, shirts, or accessories at a glance Foldable, stackable design - collapses flat for storage, stacks securely when in use Reinforced support frame - keeps shape under weight, won't sag or collapse Available in 1, 2, 4, or 8-piece sets - scale to fit a single shelf or a full closet system Perfect for bedroom closets, under-bed storage, dorm rooms, or seasonal clothing rotation - keep sweaters, jeans, and linens dust-free and easy to find year-round.",https://nestfinds.com/products/foldable-clothes-storage-boxes-with-clear-window-stackable-closet-drawer-organizers?variant=47337708945442,https://nestfinds.com/products/foldable-clothes-storage-boxes-with-clear-window-stackable-closet-drawer-organizers,https://cdn.shopify.com/s/files/1/0906/9972/6882/files/4_3903535b-985e-4b4d-9e00-5f238883d9de.png?v=1788829830,"https://cdn.shopify.com/s/files/1/0906/9972/6882/files/5_b4221c14-8a2f-4376-b522-66e493bcb380.png?v=1788829833,https://cdn.shopify.com/s/files/1/0906/9972/6882/files/3_c7cbe63c-23e6-453b-8bb4-87b269b73c1a.png?v=1788829835,https://cdn.shopify.com/s/files/1/0906/9972/6882/files/2_2d594537-e929-4fcd-8aca-aa28c8ff9373.png?v=1788829838,https://cdn.shopify.com/s/files/1/0906/9972/6882/files/6_a60ed0b5-eabe-4138-bc6d-1e00a81f4138.png?v=1788829841,https://cdn.shopify.com/s/files/1/0906/9972/6882/files/1_c60d6428-a75f-4c47-a327-ef0b9f8235aa.png?v=1788829843",26.99 USD,in stock,new,Nest Finds,Closet Organizers,5714,,2 Pieces
shopify_US_8634639056930_47337708978210,8634639056930,Foldable Clothes Storage Boxes with Clear Window - Stackable Closet Drawer Organizers,"Reclaim your closet space with stackable clothes storage boxes that turn cluttered shelves into an organized, see-through system. Each drawer-style bin lets you spot exactly what's inside without digging through piles, while the reinforced frame keeps its shape even when fully packed. Clear window panel - locate sweaters, shirts, or accessories at a glance Foldable, stackable design - collapses flat for storage, stacks securely when in use Reinforced support frame - keeps shape under weight, won't sag or collapse Available in 1, 2, 4, or 8-piece sets - scale to fit a single shelf or a full closet system Perfect for bedroom closets, under-bed storage, dorm rooms, or seasonal clothing rotation - keep sweaters, jeans, and linens dust-free and easy to find year-round.",https://nestfinds.com/products/foldable-clothes-storage-boxes-with-clear-window-stackable-closet-drawer-organizers?variant=47337708978210,https://nestfinds.com/products/foldable-clothes-storage-boxes-with-clear-window-stackable-closet-drawer-organizers,https://cdn.shopify.com/s/files/1/0906/9972/6882/files/4_3903535b-985e-4b4d-9e00-5f238883d9de.png?v=1788829830,"https://cdn.shopify.com/s/files/1/0906/9972/6882/files/5_b4221c14-8a2f-4376-b522-66e493bcb380.png?v=1788829833,https://cdn.shopify.com/s/files/1/0906/9972/6882/files/3_c7cbe63c-23e6-453b-8bb4-87b269b73c1a.png?v=1788829835,https://cdn.shopify.com/s/files/1/0906/9972/6882/files/2_2d594537-e929-4fcd-8aca-aa28c8ff9373.png?v=1788829838,https://cdn.shopify.com/s/files/1/0906/9972/6882/files/6_a60ed0b5-eabe-4138-bc6d-1e00a81f4138.png?v=1788829841,https://cdn.shopify.com/s/files/1/0906/9972/6882/files/1_c60d6428-a75f-4c47-a327-ef0b9f8235aa.png?v=1788829843",38.99 USD,in stock,new,Nest Finds,Closet Organizers,5714,,4 Pieces
shopify_US_8634639056930_47337709010978,8634639056930,Foldable Clothes Storage Boxes with Clear Window - Stackable Closet Drawer Organizers,"Reclaim your closet space with stackable clothes storage boxes that turn cluttered shelves into an organized, see-through system. Each drawer-style bin lets you spot exactly what's inside without digging through piles, while the reinforced frame keeps its shape even when fully packed. Clear window panel - locate sweaters, shirts, or accessories at a glance Foldable, stackable design - collapses flat for storage, stacks securely when in use Reinforced support frame - keeps shape under weight, won't sag or collapse Available in 1, 2, 4, or 8-piece sets - scale to fit a single shelf or a full closet system Perfect for bedroom closets, under-bed storage, dorm rooms, or seasonal clothing rotation - keep sweaters, jeans, and linens dust-free and easy to find year-round.",https://nestfinds.com/products/foldable-clothes-storage-boxes-with-clear-window-stackable-closet-drawer-organizers?variant=47337709010978,https://nestfinds.com/products/foldable-clothes-storage-boxes-with-clear-window-stackable-closet-drawer-organizers,https://cdn.shopify.com/s/files/1/0906/9972/6882/files/4_3903535b-985e-4b4d-9e00-5f238883d9de.png?v=1788829830,"https://cdn.shopify.com/s/files/1/0906/9972/6882/files/5_b4221c14-8a2f-4376-b522-66e493bcb380.png?v=1788829833,https://cdn.shopify.com/s/files/1/0906/9972/6882/files/3_c7cbe63c-23e6-453b-8bb4-87b269b73c1a.png?v=1788829835,https://cdn.shopify.com/s/files/1/0906/9972/6882/files/2_2d594537-e929-4fcd-8aca-aa28c8ff9373.png?v=1788829838,https://cdn.shopify.com/s/files/1/0906/9972/6882/files/6_a60ed0b5-eabe-4138-bc6d-1e00a81f4138.png?v=1788829841,https://cdn.shopify.com/s/files/1/0906/9972/6882/files/1_c60d6428-a75f-4c47-a327-ef0b9f8235aa.png?v=1788829843",59.99 USD,in stock,new,Nest Finds,Closet Organizers,5714,,8 Pieces
shopify_US_8635316994082_47338719641634,8635316994082,"Foldable Multi-Layer Storage Box - Wardrobe & Closet Organizer, Small to Large","Fold flat when empty, expand into a full multi-shelf storage tower when you need it - this collapsible storage box adds up to 5 layers of organized space to any closet or wardrobe. 1 to 5 stacked layers - choose the exact storage capacity you need Small, Medium, or Large sizing - fits closets, wardrobes, or standalone use Collapsible frame - folds flat for storage when not needed Saves up to 50% of shelf space versus loose stacking Perfect for bedroom closets, wardrobes, or dorm storage - scale from a single layer to a full 5-tier tower as your storage needs grow.",https://nestfinds.com/products/foldable-multi-layer-storage-box-wardrobe-closet-organizer-small-to-large?variant=47338719641634,https://nestfinds.com/products/foldable-multi-layer-storage-box-wardrobe-closet-organizer-small-to-large,https://cdn.shopify.com/s/files/1/0906/9972/6882/files/7_be5a66c0-fdc5-437a-901e-d2a2b7300792.png?v=1788849326,"https://cdn.shopify.com/s/files/1/0906/9972/6882/files/1_b78ebb52-0170-485c-a329-92d3408b5e30.png?v=1788849329,https://cdn.shopify.com/s/files/1/0906/9972/6882/files/2_2e2b5bf4-efa1-414e-a769-2f49e16c5b39.png?v=1788849332,https://cdn.shopify.com/s/files/1/0906/9972/6882/files/3_9ffb2b07-66da-4a51-af77-a0508eb148b7.png?v=1788849335,https://cdn.shopify.com/s/files/1/0906/9972/6882/files/4_ec87f4d7-01c9-474e-8107-82ab71d0e121.png?v=1788849339,https://cdn.shopify.com/s/files/1/0906/9972/6882/files/5_cd98ddb8-574a-47d7-a03b-bdb79b077eb5.png?v=1788849342,https://cdn.shopify.com/s/files/1/0906/9972/6882/files/6_a20409b5-4b26-44b0-9462-67acb40a9727.png?v=1788849345,https://cdn.shopify.com/s/files/1/0906/9972/6882/files/1_54b56df3-ec4d-48a6-ad64-830a3ffaea3f.png?v=1788849348,https://cdn.shopify.com/s/files/1/0906/9972/6882/files/2_7a564052-c696-45b6-b070-b6046e3fe0e2.png?v=1788849350,https://cdn.shopify.com/s/files/1/0906/9972/6882/files/3_9fd9ea4d-0a4d-439b-a33e-c98601d99909.png?v=1788849354",39.99 USD,in stock,new,Nest Finds,Closet Organizers,5714,,Small
shopify_US_8635316994082_47338719674402,8635316994082,"Foldable Multi-Layer Storage Box - Wardrobe & Closet Organizer, Small to Large","Fold flat when empty, expand into a full multi-shelf storage tower when you need it - this collapsible storage box adds up to 5 layers of organized space to any closet or wardrobe. 1 to 5 stacked layers - choose the exact storage capacity you need Small, Medium, or Large sizing - fits closets, wardrobes, or standalone use Collapsible frame - folds flat for storage when not needed Saves up to 50% of shelf space versus loose stacking Perfect for bedroom closets, wardrobes, or dorm storage - scale from a single layer to a full 5-tier tower as your storage needs grow.",https://nestfinds.com/products/foldable-multi-layer-storage-box-wardrobe-closet-organizer-small-to-large?variant=47338719674402,https://nestfinds.com/products/foldable-multi-layer-storage-box-wardrobe-closet-organizer-small-to-large,https://cdn.shopify.com/s/files/1/0906/9972/6882/files/7_be5a66c0-fdc5-437a-901e-d2a2b7300792.png?v=1788849326,"https://cdn.shopify.com/s/files/1/0906/9972/6882/files/1_b78ebb52-0170-485c-a329-92d3408b5e30.png?v=1788849329,https://cdn.shopify.com/s/files/1/0906/9972/6882/files/2_2e2b5bf4-efa1-414e-a769-2f49e16c5b39.png?v=1788849332,https://cdn.shopify.com/s/files/1/0906/9972/6882/files/3_9ffb2b07-66da-4a51-af77-a0508eb148b7.png?v=1788849335,https://cdn.shopify.com/s/files/1/0906/9972/6882/files/4_ec87f4d7-01c9-474e-8107-82ab71d0e121.png?v=1788849339,https://cdn.shopify.com/s/files/1/0906/9972/6882/files/5_cd98ddb8-574a-47d7-a03b-bdb79b077eb5.png?v=1788849342,https://cdn.shopify.com/s/files/1/0906/9972/6882/files/6_a20409b5-4b26-44b0-9462-67acb40a9727.png?v=1788849345,https://cdn.shopify.com/s/files/1/0906/9972/6882/files/1_54b56df3-ec4d-48a6-ad64-830a3ffaea3f.png?v=1788849348,https://cdn.shopify.com/s/files/1/0906/9972/6882/files/2_7a564052-c696-45b6-b070-b6046e3fe0e2.png?v=1788849350,https://cdn.shopify.com/s/files/1/0906/9972/6882/files/3_9fd9ea4d-0a4d-439b-a33e-c98601d99909.png?v=1788849354",49.99 USD,in stock,new,Nest Finds,Closet Organizers,5714,,Small
shopify_US_8635316994082_47338719707170,8635316994082,"Foldable Multi-Layer Storage Box - Wardrobe & Closet Organizer, Small to Large","Fold flat when empty, expand into a full multi-shelf storage tower when you need it - this collapsible storage box adds up to 5 layers of organized space to any closet or wardrobe. 1 to 5 stacked layers - choose the exact storage capacity you need Small, Medium, or Large sizing - fits closets, wardrobes, or standalone use Collapsible frame - folds flat for storage when not needed Saves up to 50% of shelf space versus loose stacking Perfect for bedroom closets, wardrobes, or dorm storage - scale from a single layer to a full 5-tier tower as your storage needs grow.",https://nestfinds.com/products/foldable-multi-layer-storage-box-wardrobe-closet-organizer-small-to-large?variant=47338719707170,https://nestfinds.com/products/foldable-multi-layer-storage-box-wardrobe-closet-organizer-small-to-large,https://cdn.shopify.com/s/files/1/0906/9972/6882/files/7_be5a66c0-fdc5-437a-901e-d2a2b7300792.png?v=1788849326,"https://cdn.shopify.com/s/files/1/0906/9972/6882/files/1_b78ebb52-0170-485c-a329-92d3408b5e30.png?v=1788849329,https://cdn.shopify.com/s/files/1/0906/9972/6882/files/2_2e2b5bf4-efa1-414e-a769-2f49e16c5b39.png?v=1788849332,https://cdn.shopify.com/s/files/1/0906/9972/6882/files/3_9ffb2b07-66da-4a51-af77-a0508eb148b7.png?v=1788849335,https://cdn.shopify.com/s/files/1/0906/9972/6882/files/4_ec87f4d7-01c9-474e-8107-82ab71d0e121.png?v=1788849339,https://cdn.shopify.com/s/files/1/0906/9972/6882/files/5_cd98ddb8-574a-47d7-a03b-bdb79b077eb5.png?v=1788849342,https://cdn.shopify.com/s/files/1/0906/9972/6882/files/6_a20409b5-4b26-44b0-9462-67acb40a9727.png?v=1788849345,https://cdn.shopify.com/s/files/1/0906/9972/6882/files/1_54b56df3-ec4d-48a6-ad64-830a3ffaea3f.png?v=1788849348,https://cdn.shopify.com/s/files/1/0906/9972/6882/files/2_7a564052-c696-45b6-b070-b6046e3fe0e2.png?v=1788849350,https://cdn.shopify.com/s/files/1/0906/9972/6882/files/3_9fd9ea4d-0a4d-439b-a33e-c98601d99909.png?v=1788849354",59.99 USD,in stock,new,Nest Finds,Closet Organizers,5714,,Small
shopify_US_8635316994082_47338719739938,8635316994082,"Foldable Multi-Layer Storage Box - Wardrobe & Closet Organizer, Small to Large","Fold flat when empty, expand into a full multi-shelf storage tower when you need it - this collapsible storage box adds up to 5 layers of organized space to any closet or wardrobe. 1 to 5 stacked layers - choose the exact storage capacity you need Small, Medium, or Large sizing - fits closets, wardrobes, or standalone use Collapsible frame - folds flat for storage when not needed Saves up to 50% of shelf space versus loose stacking Perfect for bedroom closets, wardrobes, or dorm storage - scale from a single layer to a full 5-tier tower as your storage needs grow.",https://nestfinds.com/products/foldable-multi-layer-storage-box-wardrobe-closet-organizer-small-to-large?variant=47338719739938,https://nestfinds.com/products/foldable-multi-layer-storage-box-wardrobe-closet-organizer-small-to-large,https://cdn.shopify.com/s/files/1/0906/9972/6882/files/7_be5a66c0-fdc5-437a-901e-d2a2b7300792.png?v=1788849326,"https://cdn.shopify.com/s/files/1/0906/9972/6882/files/1_b78ebb52-0170-485c-a329-92d3408b5e30.png?v=1788849329,https://cdn.shopify.com/s/files/1/0906/9972/6882/files/2_2e2b5bf4-efa1-414e-a769-2f49e16c5b39.png?v=1788849332,https://cdn.shopify.com/s/files/1/0906/9972/6882/files/3_9ffb2b07-66da-4a51-af77-a0508eb148b7.png?v=1788849335,https://cdn.shopify.com/s/files/1/0906/9972/6882/files/4_ec87f4d7-01c9-474e-8107-82ab71d0e121.png?v=1788849339,https://cdn.shopify.com/s/files/1/0906/9972/6882/files/5_cd98ddb8-574a-47d7-a03b-bdb79b077eb5.png?v=1788849342,https://cdn.shopify.com/s/files/1/0906/9972/6882/files/6_a20409b5-4b26-44b0-9462-67acb40a9727.png?v=1788849345,https://cdn.shopify.com/s/files/1/0906/9972/6882/files/1_54b56df3-ec4d-48a6-ad64-830a3ffaea3f.png?v=1788849348,https://cdn.shopify.com/s/files/1/0906/9972/6882/files/2_7a564052-c696-45b6-b070-b6046e3fe0e2.png?v=1788849350,https://cdn.shopify.com/s/files/1/0906/9972/6882/files/3_9fd9ea4d-0a4d-439b-a33e-c98601d99909.png?v=1788849354",69.99 USD,in stock,new,Nest Finds,Closet Organizers,5714,,Small
shopify_US_8635316994082_47338719772706,8635316994082,"Foldable Multi-Layer Storage Box - Wardrobe & Closet Organizer, Small to Large","Fold flat when empty, expand into a full multi-shelf storage tower when you need it - this collapsible storage box adds up to 5 layers of organized space to any closet or wardrobe. 1 to 5 stacked layers - choose the exact storage capacity you need Small, Medium, or Large sizing - fits closets, wardrobes, or standalone use Collapsible frame - folds flat for storage when not needed Saves up to 50% of shelf space versus loose stacking Perfect for bedroom closets, wardrobes, or dorm storage - scale from a single layer to a full 5-tier tower as your storage needs grow.",https://nestfinds.com/products/foldable-multi-layer-storage-box-wardrobe-closet-organizer-small-to-large?variant=47338719772706,https://nestfinds.com/products/foldable-multi-layer-storage-box-wardrobe-closet-organizer-small-to-large,https://cdn.shopify.com/s/files/1/0906/9972/6882/files/7_be5a66c0-fdc5-437a-901e-d2a2b7300792.png?v=1788849326,"https://cdn.shopify.com/s/files/1/0906/9972/6882/files/1_b78ebb52-0170-485c-a329-92d3408b5e30.png?v=1788849329,https://cdn.shopify.com/s/files/1/0906/9972/6882/files/2_2e2b5bf4-efa1-414e-a769-2f49e16c5b39.png?v=1788849332,https://cdn.shopify.com/s/files/1/0906/9972/6882/files/3_9ffb2b07-66da-4a51-af77-a0508eb148b7.png?v=1788849335,https://cdn.shopify.com/s/files/1/0906/9972/6882/files/4_ec87f4d7-01c9-474e-8107-82ab71d0e121.png?v=1788849339,https://cdn.shopify.com/s/files/1/0906/9972/6882/files/5_cd98ddb8-574a-47d7-a03b-bdb79b077eb5.png?v=1788849342,https://cdn.shopify.com/s/files/1/0906/9972/6882/files/6_a20409b5-4b26-44b0-9462-67acb40a9727.png?v=1788849345,https://cdn.shopify.com/s/files/1/0906/9972/6882/files/1_54b56df3-ec4d-48a6-ad64-830a3ffaea3f.png?v=1788849348,https://cdn.shopify.com/s/files/1/0906/9972/6882/files/2_7a564052-c696-45b6-b070-b6046e3fe0e2.png?v=1788849350,https://cdn.shopify.com/s/files/1/0906/9972/6882/files/3_9fd9ea4d-0a4d-439b-a33e-c98601d99909.png?v=1788849354",79.99 USD,in stock,new,Nest Finds,Closet Organizers,5714,,Small
shopify_US_8635316994082_47338719805474,8635316994082,"Foldable Multi-Layer Storage Box - Wardrobe & Closet Organizer, Small to Large","Fold flat when empty, expand into a full multi-shelf storage tower when you need it - this collapsible storage box adds up to 5 layers of organized space to any closet or wardrobe. 1 to 5 stacked layers - choose the exact storage capacity you need Small, Medium, or Large sizing - fits closets, wardrobes, or standalone use Collapsible frame - folds flat for storage when not needed Saves up to 50% of shelf space versus loose stacking Perfect for bedroom closets, wardrobes, or dorm storage - scale from a single layer to a full 5-tier tower as your storage needs grow.",https://nestfinds.com/products/foldable-multi-layer-storage-box-wardrobe-closet-organizer-small-to-large?variant=47338719805474,https://nestfinds.com/products/foldable-multi-layer-storage-box-wardrobe-closet-organizer-small-to-large,https://cdn.shopify.com/s/files/1/0906/9972/6882/files/7_be5a66c0-fdc5-437a-901e-d2a2b7300792.png?v=1788849326,"https://cdn.shopify.com/s/files/1/0906/9972/6882/files/1_b78ebb52-0170-485c-a329-92d3408b5e30.png?v=1788849329,https://cdn.shopify.com/s/files/1/0906/9972/6882/files/2_2e2b5bf4-efa1-414e-a769-2f49e16c5b39.png?v=1788849332,https://cdn.shopify.com/s/files/1/0906/9972/6882/files/3_9ffb2b07-66da-4a51-af77-a0508eb148b7.png?v=1788849335,https://cdn.shopify.com/s/files/1/0906/9972/6882/files/4_ec87f4d7-01c9-474e-8107-82ab71d0e121.png?v=1788849339,https://cdn.shopify.com/s/files/1/0906/9972/6882/files/5_cd98ddb8-574a-47d7-a03b-bdb79b077eb5.png?v=1788849342,https://cdn.shopify.com/s/files/1/0906/9972/6882/files/6_a20409b5-4b26-44b0-9462-67acb40a9727.png?v=1788849345,https://cdn.shopify.com/s/files/1/0906/9972/6882/files/1_54b56df3-ec4d-48a6-ad64-830a3ffaea3f.png?v=1788849348,https://cdn.shopify.com/s/files/1/0906/9972/6882/files/2_7a564052-c696-45b6-b070-b6046e3fe0e2.png?v=1788849350,https://cdn.shopify.com/s/files/1/0906/9972/6882/files/3_9fd9ea4d-0a4d-439b-a33e-c98601d99909.png?v=1788849354",59.99 USD,in stock,new,Nest Finds,Closet Organizers,5714,,Medium
shopify_US_8635316994082_47338719838242,8635316994082,"Foldable Multi-Layer Storage Box - Wardrobe & Closet Organizer, Small to Large","Fold flat when empty, expand into a full multi-shelf storage tower when you need it - this collapsible storage box adds up to 5 layers of organized space to any closet or wardrobe. 1 to 5 stacked layers - choose the exact storage capacity you need Small, Medium, or Large sizing - fits closets, wardrobes, or standalone use Collapsible frame - folds flat for storage when not needed Saves up to 50% of shelf space versus loose stacking Perfect for bedroom closets, wardrobes, or dorm storage - scale from a single layer to a full 5-tier tower as your storage needs grow.",https://nestfinds.com/products/foldable-multi-layer-storage-box-wardrobe-closet-organizer-small-to-large?variant=47338719838242,https://nestfinds.com/products/foldable-multi-layer-storage-box-wardrobe-closet-organizer-small-to-large,https://cdn.shopify.com/s/files/1/0906/9972/6882/files/7_be5a66c0-fdc5-437a-901e-d2a2b7300792.png?v=1788849326,"https://cdn.shopify.com/s/files/1/0906/9972/6882/files/1_b78ebb52-0170-485c-a329-92d3408b5e30.png?v=1788849329,https://cdn.shopify.com/s/files/1/0906/9972/6882/files/2_2e2b5bf4-efa1-414e-a769-2f49e16c5b39.png?v=1788849332,https://cdn.shopify.com/s/files/1/0906/9972/6882/files/3_9ffb2b07-66da-4a51-af77-a0508eb148b7.png?v=1788849335,https://cdn.shopify.com/s/files/1/0906/9972/6882/files/4_ec87f4d7-01c9-474e-8107-82ab71d0e121.png?v=1788849339,https://cdn.shopify.com/s/files/1/0906/9972/6882/files/5_cd98ddb8-574a-47d7-a03b-bdb79b077eb5.png?v=1788849342,https://cdn.shopify.com/s/files/1/0906/9972/6882/files/6_a20409b5-4b26-44b0-9462-67acb40a9727.png?v=1788849345,https://cdn.shopify.com/s/files/1/0906/9972/6882/files/1_54b56df3-ec4d-48a6-ad64-830a3ffaea3f.png?v=1788849348,https://cdn.shopify.com/s/files/1/0906/9972/6882/files/2_7a564052-c696-45b6-b070-b6046e3fe0e2.png?v=1788849350,https://cdn.shopify.com/s/files/1/0906/9972/6882/files/3_9fd9ea4d-0a4d-439b-a33e-c98601d99909.png?v=1788849354",69.99 USD,in stock,new,Nest Finds,Closet Organizers,5714,,Medium
shopify_US_8635316994082_47338719871010,8635316994082,"Foldable Multi-Layer Storage Box - Wardrobe & Closet Organizer, Small to Large","Fold flat when empty, expand into a full multi-shelf storage tower when you need it - this collapsible storage box adds up to 5 layers of organized space to any closet or wardrobe. 1 to 5 stacked layers - choose the exact storage capacity you need Small, Medium, or Large sizing - fits closets, wardrobes, or standalone use Collapsible frame - folds flat for storage when not needed Saves up to 50% of shelf space versus loose stacking Perfect for bedroom closets, wardrobes, or dorm storage - scale from a single layer to a full 5-tier tower as your storage needs grow.",https://nestfinds.com/products/foldable-multi-layer-storage-box-wardrobe-closet-organizer-small-to-large?variant=47338719871010,https://nestfinds.com/products/foldable-multi-layer-storage-box-wardrobe-closet-organizer-small-to-large,https://cdn.shopify.com/s/files/1/0906/9972/6882/files/7_be5a66c0-fdc5-437a-901e-d2a2b7300792.png?v=1788849326,"https://cdn.shopify.com/s/files/1/0906/9972/6882/files/1_b78ebb52-0170-485c-a329-92d3408b5e30.png?v=1788849329,https://cdn.shopify.com/s/files/1/0906/9972/6882/files/2_2e2b5bf4-efa1-414e-a769-2f49e16c5b39.png?v=1788849332,https://cdn.shopify.com/s/files/1/0906/9972/6882/files/3_9ffb2b07-66da-4a51-af77-a0508eb148b7.png?v=1788849335,https://cdn.shopify.com/s/files/1/0906/9972/6882/files/4_ec87f4d7-01c9-474e-8107-82ab71d0e121.png?v=1788849339,https://cdn.shopify.com/s/files/1/0906/9972/6882/files/5_cd98ddb8-574a-47d7-a03b-bdb79b077eb5.png?v=1788849342,https://cdn.shopify.com/s/files/1/0906/9972/6882/files/6_a20409b5-4b26-44b0-9462-67acb40a9727.png?v=1788849345,https://cdn.shopify.com/s/files/1/0906/9972/6882/files/1_54b56df3-ec4d-48a6-ad64-830a3ffaea3f.png?v=1788849348,https://cdn.shopify.com/s/files/1/0906/9972/6882/files/2_7a564052-c696-45b6-b070-b6046e3fe0e2.png?v=1788849350,https://cdn.shopify.com/s/files/1/0906/9972/6882/files/3_9fd9ea4d-0a4d-439b-a33e-c98601d99909.png?v=1788849354",79.99 USD,in stock,new,Nest Finds,Closet Organizers,5714,,Medium
shopify_US_8635316994082_47338719903778,8635316994082,"Foldable Multi-Layer Storage Box - Wardrobe & Closet Organizer, Small to Large","Fold flat when empty, expand into a full multi-shelf storage tower when you need it - this collapsible storage box adds up to 5 layers of organized space to any closet or wardrobe. 1 to 5 stacked layers - choose the exact storage capacity you need Small, Medium, or Large sizing - fits closets, wardrobes, or standalone use Collapsible frame - folds flat for storage when not needed Saves up to 50% of shelf space versus loose stacking Perfect for bedroom closets, wardrobes, or dorm storage - scale from a single layer to a full 5-tier tower as your storage needs grow.",https://nestfinds.com/products/foldable-multi-layer-storage-box-wardrobe-closet-organizer-small-to-large?variant=47338719903778,https://nestfinds.com/products/foldable-multi-layer-storage-box-wardrobe-closet-organizer-small-to-large,https://cdn.shopify.com/s/files/1/0906/9972/6882/files/7_be5a66c0-fdc5-437a-901e-d2a2b7300792.png?v=1788849326,"https://cdn.shopify.com/s/files/1/0906/9972/6882/files/1_b78ebb52-0170-485c-a329-92d3408b5e30.png?v=1788849329,https://cdn.shopify.com/s/files/1/0906/9972/6882/files/2_2e2b5bf4-efa1-414e-a769-2f49e16c5b39.png?v=1788849332,https://cdn.shopify.com/s/files/1/0906/9972/6882/files/3_9ffb2b07-66da-4a51-af77-a0508eb148b7.png?v=1788849335,https://cdn.shopify.com/s/files/1/0906/9972/6882/files/4_ec87f4d7-01c9-474e-8107-82ab71d0e121.png?v=1788849339,https://cdn.shopify.com/s/files/1/0906/9972/6882/files/5_cd98ddb8-574a-47d7-a03b-bdb79b077eb5.png?v=1788849342,https://cdn.shopify.com/s/files/1/0906/9972/6882/files/6_a20409b5-4b26-44b0-9462-67acb40a9727.png?v=1788849345,https://cdn.shopify.com/s/files/1/0906/9972/6882/files/1_54b56df3-ec4d-48a6-ad64-830a3ffaea3f.png?v=1788849348,https://cdn.shopify.com/s/files/1/0906/9972/6882/files/2_7a564052-c696-45b6-b070-b6046e3fe0e2.png?v=1788849350,https://cdn.shopify.com/s/files/1/0906/9972/6882/files/3_9fd9ea4d-0a4d-439b-a33e-c98601d99909.png?v=1788849354",89.99 USD,in stock,new,Nest Finds,Closet Organizers,5714,,Medium
shopify_US_8635316994082_47338719936546,8635316994082,"Foldable Multi-Layer Storage Box - Wardrobe & Closet Organizer, Small to Large","Fold flat when empty, expand into a full multi-shelf storage tower when you need it - this collapsible storage box adds up to 5 layers of organized space to any closet or wardrobe. 1 to 5 stacked layers - choose the exact storage capacity you need Small, Medium, or Large sizing - fits closets, wardrobes, or standalone use Collapsible frame - folds flat for storage when not needed Saves up to 50% of shelf space versus loose stacking Perfect for bedroom closets, wardrobes, or dorm storage - scale from a single layer to a full 5-tier tower as your storage needs grow.",https://nestfinds.com/products/foldable-multi-layer-storage-box-wardrobe-closet-organizer-small-to-large?variant=47338719936546,https://nestfinds.com/products/foldable-multi-layer-storage-box-wardrobe-closet-organizer-small-to-large,https://cdn.shopify.com/s/files/1/0906/9972/6882/files/7_be5a66c0-fdc5-437a-901e-d2a2b7300792.png?v=1788849326,"https://cdn.shopify.com/s/files/1/0906/9972/6882/files/1_b78ebb52-0170-485c-a329-92d3408b5e30.png?v=1788849329,https://cdn.shopify.com/s/files/1/0906/9972/6882/files/2_2e2b5bf4-efa1-414e-a769-2f49e16c5b39.png?v=1788849332,https://cdn.shopify.com/s/files/1/0906/9972/6882/files/3_9ffb2b07-66da-4a51-af77-a0508eb148b7.png?v=1788849335,https://cdn.shopify.com/s/files/1/0906/9972/6882/files/4_ec87f4d7-01c9-474e-8107-82ab71d0e121.png?v=1788849339,https://cdn.shopify.com/s/files/1/0906/9972/6882/files/5_cd98ddb8-574a-47d7-a03b-bdb79b077eb5.png?v=1788849342,https://cdn.shopify.com/s/files/1/0906/9972/6882/files/6_a20409b5-4b26-44b0-9462-67acb40a9727.png?v=1788849345,https://cdn.shopify.com/s/files/1/0906/9972/6882/files/1_54b56df3-ec4d-48a6-ad64-830a3ffaea3f.png?v=1788849348,https://cdn.shopify.com/s/files/1/0906/9972/6882/files/2_7a564052-c696-45b6-b070-b6046e3fe0e2.png?v=1788849350,https://cdn.shopify.com/s/files/1/0906/9972/6882/files/3_9fd9ea4d-0a4d-439b-a33e-c98601d99909.png?v=1788849354",99.99 USD,in stock,new,Nest Finds,Closet Organizers,5714,,Medium
shopify_US_8635316994082_47338719969314,8635316994082,"Foldable Multi-Layer Storage Box - Wardrobe & Closet Organizer, Small to Large","Fold flat when empty, expand into a full multi-shelf storage tower when you need it - this collapsible storage box adds up to 5 layers of organized space to any closet or wardrobe. 1 to 5 stacked layers - choose the exact storage capacity you need Small, Medium, or Large sizing - fits closets, wardrobes, or standalone use Collapsible frame - folds flat for storage when not needed Saves up to 50% of shelf space versus loose stacking Perfect for bedroom closets, wardrobes, or dorm storage - scale from a single layer to a full 5-tier tower as your storage needs grow.",https://nestfinds.com/products/foldable-multi-layer-storage-box-wardrobe-closet-organizer-small-to-large?variant=47338719969314,https://nestfinds.com/products/foldable-multi-layer-storage-box-wardrobe-closet-organizer-small-to-large,https://cdn.shopify.com/s/files/1/0906/9972/6882/files/7_be5a66c0-fdc5-437a-901e-d2a2b7300792.png?v=1788849326,"https://cdn.shopify.com/s/files/1/0906/9972/6882/files/1_b78ebb52-0170-485c-a329-92d3408b5e30.png?v=1788849329,https://cdn.shopify.com/s/files/1/0906/9972/6882/files/2_2e2b5bf4-efa1-414e-a769-2f49e16c5b39.png?v=1788849332,https://cdn.shopify.com/s/files/1/0906/9972/6882/files/3_9ffb2b07-66da-4a51-af77-a0508eb148b7.png?v=1788849335,https://cdn.shopify.com/s/files/1/0906/9972/6882/files/4_ec87f4d7-01c9-474e-8107-82ab71d0e121.png?v=1788849339,https://cdn.shopify.com/s/files/1/0906/9972/6882/files/5_cd98ddb8-574a-47d7-a03b-bdb79b077eb5.png?v=1788849342,https://cdn.shopify.com/s/files/1/0906/9972/6882/files/6_a20409b5-4b26-44b0-9462-67acb40a9727.png?v=1788849345,https://cdn.shopify.com/s/files/1/0906/9972/6882/files/1_54b56df3-ec4d-48a6-ad64-830a3ffaea3f.png?v=1788849348,https://cdn.shopify.com/s/files/1/0906/9972/6882/files/2_7a564052-c696-45b6-b070-b6046e3fe0e2.png?v=1788849350,https://cdn.shopify.com/s/files/1/0906/9972/6882/files/3_9fd9ea4d-0a4d-439b-a33e-c98601d99909.png?v=1788849354",69.99 USD,in stock,new,Nest Finds,Closet Organizers,5714,,Large
shopify_US_8635316994082_47338720002082,8635316994082,"Foldable Multi-Layer Storage Box - Wardrobe & Closet Organizer, Small to Large","Fold flat when empty, expand into a full multi-shelf storage tower when you need it - this collapsible storage box adds up to 5 layers of organized space to any closet or wardrobe. 1 to 5 stacked layers - choose the exact storage capacity you need Small, Medium, or Large sizing - fits closets, wardrobes, or standalone use Collapsible frame - folds flat for storage when not needed Saves up to 50% of shelf space versus loose stacking Perfect for bedroom closets, wardrobes, or dorm storage - scale from a single layer to a full 5-tier tower as your storage needs grow.",https://nestfinds.com/products/foldable-multi-layer-storage-box-wardrobe-closet-organizer-small-to-large?variant=47338720002082,https://nestfinds.com/products/foldable-multi-layer-storage-box-wardrobe-closet-organizer-small-to-large,https://cdn.shopify.com/s/files/1/0906/9972/6882/files/7_be5a66c0-fdc5-437a-901e-d2a2b7300792.png?v=1788849326,"https://cdn.shopify.com/s/files/1/0906/9972/6882/files/1_b78ebb52-0170-485c-a329-92d3408b5e30.png?v=1788849329,https://cdn.shopify.com/s/files/1/0906/9972/6882/files/2_2e2b5bf4-efa1-414e-a769-2f49e16c5b39.png?v=1788849332,https://cdn.shopify.com/s/files/1/0906/9972/6882/files/3_9ffb2b07-66da-4a51-af77-a0508eb148b7.png?v=1788849335,https://cdn.shopify.com/s/files/1/0906/9972/6882/files/4_ec87f4d7-01c9-474e-8107-82ab71d0e121.png?v=1788849339,https://cdn.shopify.com/s/files/1/0906/9972/6882/files/5_cd98ddb8-574a-47d7-a03b-bdb79b077eb5.png?v=1788849342,https://cdn.shopify.com/s/files/1/0906/9972/6882/files/6_a20409b5-4b26-44b0-9462-67acb40a9727.png?v=1788849345,https://cdn.shopify.com/s/files/1/0906/9972/6882/files/1_54b56df3-ec4d-48a6-ad64-830a3ffaea3f.png?v=1788849348,https://cdn.shopify.com/s/files/1/0906/9972/6882/files/2_7a564052-c696-45b6-b070-b6046e3fe0e2.png?v=1788849350,https://cdn.shopify.com/s/files/1/0906/9972/6882/files/3_9fd9ea4d-0a4d-439b-a33e-c98601d99909.png?v=1788849354",79.99 USD,in stock,new,Nest Finds,Closet Organizers,5714,,Large
shopify_US_8635316994082_47338720034850,8635316994082,"Foldable Multi-Layer Storage Box - Wardrobe & Closet Organizer, Small to Large","Fold flat when empty, expand into a full multi-shelf storage tower when you need it - this collapsible storage box adds up to 5 layers of organized space to any closet or wardrobe. 1 to 5 stacked layers - choose the exact storage capacity you need Small, Medium, or Large sizing - fits closets, wardrobes, or standalone use Collapsible frame - folds flat for storage when not needed Saves up to 50% of shelf space versus loose stacking Perfect for bedroom closets, wardrobes, or dorm storage - scale from a single layer to a full 5-tier tower as your storage needs grow.",https://nestfinds.com/products/foldable-multi-layer-storage-box-wardrobe-closet-organizer-small-to-large?variant=47338720034850,https://nestfinds.com/products/foldable-multi-layer-storage-box-wardrobe-closet-organizer-small-to-large,https://cdn.shopify.com/s/files/1/0906/9972/6882/files/7_be5a66c0-fdc5-437a-901e-d2a2b7300792.png?v=1788849326,"https://cdn.shopify.com/s/files/1/0906/9972/6882/files/1_b78ebb52-0170-485c-a329-92d3408b5e30.png?v=1788849329,https://cdn.shopify.com/s/files/1/0906/9972/6882/files/2_2e2b5bf4-efa1-414e-a769-2f49e16c5b39.png?v=1788849332,https://cdn.shopify.com/s/files/1/0906/9972/6882/files/3_9ffb2b07-66da-4a51-af77-a0508eb148b7.png?v=1788849335,https://cdn.shopify.com/s/files/1/0906/9972/6882/files/4_ec87f4d7-01c9-474e-8107-82ab71d0e121.png?v=1788849339,https://cdn.shopify.com/s/files/1/0906/9972/6882/files/5_cd98ddb8-574a-47d7-a03b-bdb79b077eb5.png?v=1788849342,https://cdn.shopify.com/s/files/1/0906/9972/6882/files/6_a20409b5-4b26-44b0-9462-67acb40a9727.png?v=1788849345,https://cdn.shopify.com/s/files/1/0906/9972/6882/files/1_54b56df3-ec4d-48a6-ad64-830a3ffaea3f.png?v=1788849348,https://cdn.shopify.com/s/files/1/0906/9972/6882/files/2_7a564052-c696-45b6-b070-b6046e3fe0e2.png?v=1788849350,https://cdn.shopify.com/s/files/1/0906/9972/6882/files/3_9fd9ea4d-0a4d-439b-a33e-c98601d99909.png?v=1788849354",89.99 USD,in stock,new,Nest Finds,Closet Organizers,5714,,Large
shopify_US_8635316994082_47338720067618,8635316994082,"Foldable Multi-Layer Storage Box - Wardrobe & Closet Organizer, Small to Large","Fold flat when empty, expand into a full multi-shelf storage tower when you need it - this collapsible storage box adds up to 5 layers of organized space to any closet or wardrobe. 1 to 5 stacked layers - choose the exact storage capacity you need Small, Medium, or Large sizing - fits closets, wardrobes, or standalone use Collapsible frame - folds flat for storage when not needed Saves up to 50% of shelf space versus loose stacking Perfect for bedroom closets, wardrobes, or dorm storage - scale from a single layer to a full 5-tier tower as your storage needs grow.",https://nestfinds.com/products/foldable-multi-layer-storage-box-wardrobe-closet-organizer-small-to-large?variant=47338720067618,https://nestfinds.com/products/foldable-multi-layer-storage-box-wardrobe-closet-organizer-small-to-large,https://cdn.shopify.com/s/files/1/0906/9972/6882/files/7_be5a66c0-fdc5-437a-901e-d2a2b7300792.png?v=1788849326,"https://cdn.shopify.com/s/files/1/0906/9972/6882/files/1_b78ebb52-0170-485c-a329-92d3408b5e30.png?v=1788849329,https://cdn.shopify.com/s/files/1/0906/9972/6882/files/2_2e2b5bf4-efa1-414e-a769-2f49e16c5b39.png?v=1788849332,https://cdn.shopify.com/s/files/1/0906/9972/6882/files/3_9ffb2b07-66da-4a51-af77-a0508eb148b7.png?v=1788849335,https://cdn.shopify.com/s/files/1/0906/9972/6882/files/4_ec87f4d7-01c9-474e-8107-82ab71d0e121.png?v=1788849339,https://cdn.shopify.com/s/files/1/0906/9972/6882/files/5_cd98ddb8-574a-47d7-a03b-bdb79b077eb5.png?v=1788849342,https://cdn.shopify.com/s/files/1/0906/9972/6882/files/6_a20409b5-4b26-44b0-9462-67acb40a9727.png?v=1788849345,https://cdn.shopify.com/s/files/1/0906/9972/6882/files/1_54b56df3-ec4d-48a6-ad64-830a3ffaea3f.png?v=1788849348,https://cdn.shopify.com/s/files/1/0906/9972/6882/files/2_7a564052-c696-45b6-b070-b6046e3fe0e2.png?v=1788849350,https://cdn.shopify.com/s/files/1/0906/9972/6882/files/3_9fd9ea4d-0a4d-439b-a33e-c98601d99909.png?v=1788849354",99.99 USD,in stock,new,Nest Finds,Closet Organizers,5714,,Large
shopify_US_8635316994082_47338720100386,8635316994082,"Foldable Multi-Layer Storage Box - Wardrobe & Closet Organizer, Small to Large","Fold flat when empty, expand into a full multi-shelf storage tower when you need it - this collapsible storage box adds up to 5 layers of organized space to any closet or wardrobe. 1 to 5 stacked layers - choose the exact storage capacity you need Small, Medium, or Large sizing - fits closets, wardrobes, or standalone use Collapsible frame - folds flat for storage when not needed Saves up to 50% of shelf space versus loose stacking Perfect for bedroom closets, wardrobes, or dorm storage - scale from a single layer to a full 5-tier tower as your storage needs grow.",https://nestfinds.com/products/foldable-multi-layer-storage-box-wardrobe-closet-organizer-small-to-large?variant=47338720100386,https://nestfinds.com/products/foldable-multi-layer-storage-box-wardrobe-closet-organizer-small-to-large,https://cdn.shopify.com/s/files/1/0906/9972/6882/files/7_be5a66c0-fdc5-437a-901e-d2a2b7300792.png?v=1788849326,"https://cdn.shopify.com/s/files/1/0906/9972/6882/files/1_b78ebb52-0170-485c-a329-92d3408b5e30.png?v=1788849329,https://cdn.shopify.com/s/files/1/0906/9972/6882/files/2_2e2b5bf4-efa1-414e-a769-2f49e16c5b39.png?v=1788849332,https://cdn.shopify.com/s/files/1/0906/9972/6882/files/3_9ffb2b07-66da-4a51-af77-a0508eb148b7.png?v=1788849335,https://cdn.shopify.com/s/files/1/0906/9972/6882/files/4_ec87f4d7-01c9-474e-8107-82ab71d0e121.png?v=1788849339,https://cdn.shopify.com/s/files/1/0906/9972/6882/files/5_cd98ddb8-574a-47d7-a03b-bdb79b077eb5.png?v=1788849342,https://cdn.shopify.com/s/files/1/0906/9972/6882/files/6_a20409b5-4b26-44b0-9462-67acb40a9727.png?v=1788849345,https://cdn.shopify.com/s/files/1/0906/9972/6882/files/1_54b56df3-ec4d-48a6-ad64-830a3ffaea3f.png?v=1788849348,https://cdn.shopify.com/s/files/1/0906/9972/6882/files/2_7a564052-c696-45b6-b070-b6046e3fe0e2.png?v=1788849350,https://cdn.shopify.com/s/files/1/0906/9972/6882/files/3_9fd9ea4d-0a4d-439b-a33e-c98601d99909.png?v=1788849354",119.99 USD,in stock,new,Nest Finds,Closet Organizers,5714,,Large
shopify_US_8635320991778_47338726948898,8635320991778,Foldable Travel Clothes Hanger Clips - Portable Drying Clips for Luggage,"Dry clothes anywhere on the road - these foldable hanger clips pack flat into a suitcase, then pop open to hold garments securely on any hook, rod, or rail. Compact foldable design - takes up minimal luggage space Strong grip clips - hold garments in place without slipping during drying Lightweight, durable build - built to survive repeated travel use Sold as a 2-piece set Perfect for hotel rooms, hostels, RVs, or any trip where drying a quick hand-wash load matters.",https://nestfinds.com/products/foldable-travel-clothes-hanger-clips-portable-drying-clips-for-luggage,https://nestfinds.com/products/foldable-travel-clothes-hanger-clips-portable-drying-clips-for-luggage,https://cdn.shopify.com/s/files/1/0906/9972/6882/files/6_d4f27375-fe06-4ec7-8400-013a180a2125.png?v=1788849442,https://cdn.shopify.com/s/files/1/0906/9972/6882/files/5_d5aad614-f050-417a-91ec-60244858cb5f.png?v=1788849445,12.99 USD,in stock,new,Nest Finds,Drying Hangers,2677,,2 Pieces
shopify_US_8634691584034_47337844736034,8634691584034,Foldable Tripod Clothes Drying Rack - Heavy-Duty 16-Arm Balcony Laundry Rack,"Dry a full load of laundry in one footprint - this tripod drying rack opens into 16 adjustable arms that hold up to 110 lbs of clothing, then folds flat when you're done. 16 adjustable arms - use as many or as few as you need for the load 110 lb weight capacity - handles heavy items like towels and jeans Anti-rust stainless steel build - stands up to humid balconies and laundry rooms Foldable tripod base - collapses flat for storage when not in use Ideal for balconies, laundry rooms, and small apartments - dry an entire load without needing multiple racks or outdoor lines.",https://nestfinds.com/products/foldable-tripod-clothes-drying-rack-heavy-duty-16-arm-balcony-laundry-rack,https://nestfinds.com/products/foldable-tripod-clothes-drying-rack-heavy-duty-16-arm-balcony-laundry-rack,https://cdn.shopify.com/s/files/1/0906/9972/6882/files/1_458bda65-5a0a-41cf-8feb-37a165d87522.png?v=1788831557,"https://cdn.shopify.com/s/files/1/0906/9972/6882/files/Clothesdryingrack.png?v=1788831559,https://cdn.shopify.com/s/files/1/0906/9972/6882/files/6_b86c21f5-41e6-4d22-80cf-142135c293ff.png?v=1788831562,https://cdn.shopify.com/s/files/1/0906/9972/6882/files/9_33699da7-ff33-48ba-9d18-33ca14d605c7.png?v=1788831565,https://cdn.shopify.com/s/files/1/0906/9972/6882/files/10_849fc901-81e3-4a33-b241-5ae1291d618d.png?v=1788831568,https://cdn.shopify.com/s/files/1/0906/9972/6882/files/2_707c2b29-940b-4905-bf5e-b80c4896b18c.png?v=1788831571,https://cdn.shopify.com/s/files/1/0906/9972/6882/files/4_bd14a85b-d8c7-4f8d-ab49-d2b78dc1e1e6.png?v=1788831574,https://cdn.shopify.com/s/files/1/0906/9972/6882/files/5_c605016c-173e-44a3-8837-42341f579c9a.png?v=1788831576,https://cdn.shopify.com/s/files/1/0906/9972/6882/files/7_615c373f-9f83-4fc6-ae70-b1388fe2c7f1.png?v=1788831579,https://cdn.shopify.com/s/files/1/0906/9972/6882/files/8_a8de6597-0ca5-42f1-8be7-02e505b0ed56.png?v=1788831582,https://cdn.shopify.com/s/files/1/0906/9972/6882/files/11_fc835220-d611-46ef-a81f-e3c3c89c3c3e.png?v=1788831585",189.00 USD,in stock,new,Nest Finds,Drying Racks,2677,,
shopify_US_8635312734242_47338713055266,8635312734242,Fruit & Vegetable Washing Basket with Drain Holes - Kitchen Produce Strainer,"Rinse a whole batch of produce at once - this drain basket washes and strains fruits and vegetables together, then lets water escape through its base so nothing sits in a puddle. Wide drain holes - water clears fast, produce dries quicker Durable, food-safe build - handles daily washing without cracking or staining Available in Purple, Green, or Beige Multi-purpose basin - doubles as a colander, mixing bowl, or salad-prep station An everyday kitchen tool for meal prep, salad washing, or rinsing a full harvest of garden vegetables at once.",https://nestfinds.com/products/fruit-vegetable-washing-basket-with-drain-holes-kitchen-produce-strainer?variant=47338713055266,https://nestfinds.com/products/fruit-vegetable-washing-basket-with-drain-holes-kitchen-produce-strainer,https://cdn.shopify.com/s/files/1/0906/9972/6882/files/8_c58eff55-c1db-4d36-a48b-ca1f57503d39.png?v=1788849211,"https://cdn.shopify.com/s/files/1/0906/9972/6882/files/1_0c45535d-dc81-449f-8474-81bd35dfb017.png?v=1788849188,https://cdn.shopify.com/s/files/1/0906/9972/6882/files/2_a83d9792-115e-43dd-8390-2ba432469b7f.png?v=1788849191,https://cdn.shopify.com/s/files/1/0906/9972/6882/files/6_471bdfe4-3c03-4085-bc27-b31fd910db04.png?v=1788849195,https://cdn.shopify.com/s/files/1/0906/9972/6882/files/3_6fab30ab-97f2-4c3b-95b0-187ccd14662f.png?v=1788849198,https://cdn.shopify.com/s/files/1/0906/9972/6882/files/5_097b4f91-585a-4285-9fa9-3594238f1308.png?v=1788849201,https://cdn.shopify.com/s/files/1/0906/9972/6882/files/4_1bcb21df-2598-4910-8e23-92146ddd979e.png?v=1788849205,https://cdn.shopify.com/s/files/1/0906/9972/6882/files/7_ef43a2dd-7eb5-49dc-a5e2-53d96e78c177.png?v=1788849208,https://cdn.shopify.com/s/files/1/0906/9972/6882/files/9_d0e5c84f-39da-4ff4-a59e-eebc0a50597a.png?v=1788849214",19.99 USD,in stock,new,Nest Finds,Kitchen Utensil Sets,4765,Purple,
shopify_US_8635312734242_47338713088034,8635312734242,Fruit & Vegetable Washing Basket with Drain Holes - Kitchen Produce Strainer,"Rinse a whole batch of produce at once - this drain basket washes and strains fruits and vegetables together, then lets water escape through its base so nothing sits in a puddle. Wide drain holes - water clears fast, produce dries quicker Durable, food-safe build - handles daily washing without cracking or staining Available in Purple, Green, or Beige Multi-purpose basin - doubles as a colander, mixing bowl, or salad-prep station An everyday kitchen tool for meal prep, salad washing, or rinsing a full harvest of garden vegetables at once.",https://nestfinds.com/products/fruit-vegetable-washing-basket-with-drain-holes-kitchen-produce-strainer?variant=47338713088034,https://nestfinds.com/products/fruit-vegetable-washing-basket-with-drain-holes-kitchen-produce-strainer,https://cdn.shopify.com/s/files/1/0906/9972/6882/files/7_ef43a2dd-7eb5-49dc-a5e2-53d96e78c177.png?v=1788849208,"https://cdn.shopify.com/s/files/1/0906/9972/6882/files/1_0c45535d-dc81-449f-8474-81bd35dfb017.png?v=1788849188,https://cdn.shopify.com/s/files/1/0906/9972/6882/files/2_a83d9792-115e-43dd-8390-2ba432469b7f.png?v=1788849191,https://cdn.shopify.com/s/files/1/0906/9972/6882/files/6_471bdfe4-3c03-4085-bc27-b31fd910db04.png?v=1788849195,https://cdn.shopify.com/s/files/1/0906/9972/6882/files/3_6fab30ab-97f2-4c3b-95b0-187ccd14662f.png?v=1788849198,https://cdn.shopify.com/s/files/1/0906/9972/6882/files/5_097b4f91-585a-4285-9fa9-3594238f1308.png?v=1788849201,https://cdn.shopify.com/s/files/1/0906/9972/6882/files/4_1bcb21df-2598-4910-8e23-92146ddd979e.png?v=1788849205,https://cdn.shopify.com/s/files/1/0906/9972/6882/files/8_c58eff55-c1db-4d36-a48b-ca1f57503d39.png?v=1788849211,https://cdn.shopify.com/s/files/1/0906/9972/6882/files/9_d0e5c84f-39da-4ff4-a59e-eebc0a50597a.png?v=1788849214",19.99 USD,in stock,new,Nest Finds,Kitchen Utensil Sets,4765,Green,
shopify_US_8635312734242_47338713120802,8635312734242,Fruit & Vegetable Washing Basket with Drain Holes - Kitchen Produce Strainer,"Rinse a whole batch of produce at once - this drain basket washes and strains fruits and vegetables together, then lets water escape through its base so nothing sits in a puddle. Wide drain holes - water clears fast, produce dries quicker Durable, food-safe build - handles daily washing without cracking or staining Available in Purple, Green, or Beige Multi-purpose basin - doubles as a colander, mixing bowl, or salad-prep station An everyday kitchen tool for meal prep, salad washing, or rinsing a full harvest of garden vegetables at once.",https://nestfinds.com/products/fruit-vegetable-washing-basket-with-drain-holes-kitchen-produce-strainer?variant=47338713120802,https://nestfinds.com/products/fruit-vegetable-washing-basket-with-drain-holes-kitchen-produce-strainer,https://cdn.shopify.com/s/files/1/0906/9972/6882/files/9_d0e5c84f-39da-4ff4-a59e-eebc0a50597a.png?v=1788849214,"https://cdn.shopify.com/s/files/1/0906/9972/6882/files/1_0c45535d-dc81-449f-8474-81bd35dfb017.png?v=1788849188,https://cdn.shopify.com/s/files/1/0906/9972/6882/files/2_a83d9792-115e-43dd-8390-2ba432469b7f.png?v=1788849191,https://cdn.shopify.com/s/files/1/0906/9972/6882/files/6_471bdfe4-3c03-4085-bc27-b31fd910db04.png?v=1788849195,https://cdn.shopify.com/s/files/1/0906/9972/6882/files/3_6fab30ab-97f2-4c3b-95b0-187ccd14662f.png?v=1788849198,https://cdn.shopify.com/s/files/1/0906/9972/6882/files/5_097b4f91-585a-4285-9fa9-3594238f1308.png?v=1788849201,https://cdn.shopify.com/s/files/1/0906/9972/6882/files/4_1bcb21df-2598-4910-8e23-92146ddd979e.png?v=1788849205,https://cdn.shopify.com/s/files/1/0906/9972/6882/files/7_ef43a2dd-7eb5-49dc-a5e2-53d96e78c177.png?v=1788849208,https://cdn.shopify.com/s/files/1/0906/9972/6882/files/8_c58eff55-c1db-4d36-a48b-ca1f57503d39.png?v=1788849211",19.99 USD,in stock,new,Nest Finds,Kitchen Utensil Sets,4765,Beige,
shopify_US_8634695254050_47337850535970,8634695254050,Fruit & Vegetable Washing Bowl with Strainer - Drain Basket Set,"Wash and drain fruit in one motion - this nesting bowl-and-strainer set lets water flow out the bottom while produce stays clean and contained. Built-in strainer insert - separates produce from rinse water instantly Stackable, space-saving design - nests for storage when not in use Durable, food-safe material - handles daily washing without cracking Available in Clear or Gray, 3-piece sets Ideal for washing berries, salad greens, and cut fruit, or straining pasta and small ingredients at the sink.",https://nestfinds.com/products/fruit-vegetable-washing-bowl-with-strainer-drain-basket-set?variant=47337850535970,https://nestfinds.com/products/fruit-vegetable-washing-bowl-with-strainer-drain-basket-set,https://cdn.shopify.com/s/files/1/0906/9972/6882/files/71jecvA7kwL._AC_SL1500.jpg?v=1788831698,"https://cdn.shopify.com/s/files/1/0906/9972/6882/files/1_b9c306a0-f42b-4004-8cfd-6a40c5aefbb4.png?v=1788831684,https://cdn.shopify.com/s/files/1/0906/9972/6882/files/2_a35687b9-5e7d-4b4c-b548-fcf47768794a.png?v=1788831687,https://cdn.shopify.com/s/files/1/0906/9972/6882/files/3_cc995e07-b32d-4aac-ae1d-96fd11875d95.png?v=1788831690,https://cdn.shopify.com/s/files/1/0906/9972/6882/files/4_3972ba6d-cfd0-45a8-b5c3-fd97fb469fd8.png?v=1788831693,https://cdn.shopify.com/s/files/1/0906/9972/6882/files/5_8b65f71b-910e-44a9-8fff-b904cfe2d2b9.png?v=1788831696,https://cdn.shopify.com/s/files/1/0906/9972/6882/files/81Z26k26eNL._AC_SL1500.jpg?v=1788831701",17.95 USD,in stock,new,Nest Finds,Bowls,3498,Clear (3pcs),
shopify_US_8634695254050_47337850568738,8634695254050,Fruit & Vegetable Washing Bowl with Strainer - Drain Basket Set,"Wash and drain fruit in one motion - this nesting bowl-and-strainer set lets water flow out the bottom while produce stays clean and contained. Built-in strainer insert - separates produce from rinse water instantly Stackable, space-saving design - nests for storage when not in use Durable, food-safe material - handles daily washing without cracking Available in Clear or Gray, 3-piece sets Ideal for washing berries, salad greens, and cut fruit, or straining pasta and small ingredients at the sink.",https://nestfinds.com/products/fruit-vegetable-washing-bowl-with-strainer-drain-basket-set?variant=47337850568738,https://nestfinds.com/products/fruit-vegetable-washing-bowl-with-strainer-drain-basket-set,https://cdn.shopify.com/s/files/1/0906/9972/6882/files/2_a35687b9-5e7d-4b4c-b548-fcf47768794a.png?v=1788831687,"https://cdn.shopify.com/s/files/1/0906/9972/6882/files/1_b9c306a0-f42b-4004-8cfd-6a40c5aefbb4.png?v=1788831684,https://cdn.shopify.com/s/files/1/0906/9972/6882/files/3_cc995e07-b32d-4aac-ae1d-96fd11875d95.png?v=1788831690,https://cdn.shopify.com/s/files/1/0906/9972/6882/files/4_3972ba6d-cfd0-45a8-b5c3-fd97fb469fd8.png?v=1788831693,https://cdn.shopify.com/s/files/1/0906/9972/6882/files/5_8b65f71b-910e-44a9-8fff-b904cfe2d2b9.png?v=1788831696,https://cdn.shopify.com/s/files/1/0906/9972/6882/files/71jecvA7kwL._AC_SL1500.jpg?v=1788831698,https://cdn.shopify.com/s/files/1/0906/9972/6882/files/81Z26k26eNL._AC_SL1500.jpg?v=1788831701",17.95 USD,in stock,new,Nest Finds,Bowls,3498,Gray (3 pcs),
shopify_US_8635311095842_47338711154722,8635311095842,Fruit Washing Basket with Cover - Drain Basket for Kitchen Produce Storage,"Wash, drain, and store produce in one container - this covered drain basket keeps fruit clean and dust-free while letting excess water run off instead of pooling at the bottom. Ventilated drain holes - water drains through instead of collecting around your produce Snap-on cover - keeps dust, bugs, and odors out between snacking Stackable, space-saving shape - fits countertops, fridge shelves, or pantry bins Available in Pink or Beige Perfect for washing berries and grapes, storing snack-ready fruit on the counter, or organizing produce in the fridge.",https://nestfinds.com/products/fruit-washing-basket-with-cover-drain-basket-for-kitchen-produce-storage?variant=47338711154722,https://nestfinds.com/products/fruit-washing-basket-with-cover-drain-basket-for-kitchen-produce-storage,https://cdn.shopify.com/s/files/1/0906/9972/6882/files/8_a702b4ed-7fbb-4e36-be09-3f94a1b568cd.png?v=1788849175,"https://cdn.shopify.com/s/files/1/0906/9972/6882/files/1_00f36bd4-cf1f-418f-85ac-01449efffc5e.png?v=1788849148,https://cdn.shopify.com/s/files/1/0906/9972/6882/files/6_680ca034-9a00-4d5b-b453-8e3c3bf7a574.png?v=1788849151,https://cdn.shopify.com/s/files/1/0906/9972/6882/files/5_06200016-f1d4-4a0b-a6c1-8876770aece8.png?v=1788849154,https://cdn.shopify.com/s/files/1/0906/9972/6882/files/2_b2212ad0-bd6b-48df-bb80-261868c5bf3f.png?v=1788849157,https://cdn.shopify.com/s/files/1/0906/9972/6882/files/7_66df9ff0-5429-4046-9614-14e3a32469ae.png?v=1788849160,https://cdn.shopify.com/s/files/1/0906/9972/6882/files/3_cf530c96-5659-43e5-93b6-359d9956d553.png?v=1788849163,https://cdn.shopify.com/s/files/1/0906/9972/6882/files/4_6af6968f-de07-4d6d-b4c9-a274db495299.png?v=1788849166,https://cdn.shopify.com/s/files/1/0906/9972/6882/files/9_72e2ccfd-ea4f-4578-ac95-9a5a323c63d5.png?v=1788849169,https://cdn.shopify.com/s/files/1/0906/9972/6882/files/10_a729bc0c-7d98-4aaa-9517-eae05a65aad2.png?v=1788849172",12.99 USD,in stock,new,Nest Finds,Kitchen Utensil Sets,4765,Pink,
shopify_US_8635311095842_47338711187490,8635311095842,Fruit Washing Basket with Cover - Drain Basket for Kitchen Produce Storage,"Wash, drain, and store produce in one container - this covered drain basket keeps fruit clean and dust-free while letting excess water run off instead of pooling at the bottom. Ventilated drain holes - water drains through instead of collecting around your produce Snap-on cover - keeps dust, bugs, and odors out between snacking Stackable, space-saving shape - fits countertops, fridge shelves, or pantry bins Available in Pink or Beige Perfect for washing berries and grapes, storing snack-ready fruit on the counter, or organizing produce in the fridge.",https://nestfinds.com/products/fruit-washing-basket-with-cover-drain-basket-for-kitchen-produce-storage?variant=47338711187490,https://nestfinds.com/products/fruit-washing-basket-with-cover-drain-basket-for-kitchen-produce-storage,https://cdn.shopify.com/s/files/1/0906/9972/6882/files/6_680ca034-9a00-4d5b-b453-8e3c3bf7a574.png?v=1788849151,"https://cdn.shopify.com/s/files/1/0906/9972/6882/files/1_00f36bd4-cf1f-418f-85ac-01449efffc5e.png?v=1788849148,https://cdn.shopify.com/s/files/1/0906/9972/6882/files/5_06200016-f1d4-4a0b-a6c1-8876770aece8.png?v=1788849154,https://cdn.shopify.com/s/files/1/0906/9972/6882/files/2_b2212ad0-bd6b-48df-bb80-261868c5bf3f.png?v=1788849157,https://cdn.shopify.com/s/files/1/0906/9972/6882/files/7_66df9ff0-5429-4046-9614-14e3a32469ae.png?v=1788849160,https://cdn.shopify.com/s/files/1/0906/9972/6882/files/3_cf530c96-5659-43e5-93b6-359d9956d553.png?v=1788849163,https://cdn.shopify.com/s/files/1/0906/9972/6882/files/4_6af6968f-de07-4d6d-b4c9-a274db495299.png?v=1788849166,https://cdn.shopify.com/s/files/1/0906/9972/6882/files/9_72e2ccfd-ea4f-4578-ac95-9a5a323c63d5.png?v=1788849169,https://cdn.shopify.com/s/files/1/0906/9972/6882/files/10_a729bc0c-7d98-4aaa-9517-eae05a65aad2.png?v=1788849172,https://cdn.shopify.com/s/files/1/0906/9972/6882/files/8_a702b4ed-7fbb-4e36-be09-3f94a1b568cd.png?v=1788849175",12.99 USD,in stock,new,Nest Finds,Kitchen Utensil Sets,4765,Beige,
shopify_US_8634681458722_47337811279906,8634681458722,Gap Cleaning Brush for Floors - Hard Bristle Long Handle Tile & Grout Scrubber,"Get into every corner of bathroom floors and grout lines - this long-handle brush's hard bristles reach dead angles standard brushes miss for a genuinely thorough clean. Hard bristle head - cuts through stubborn grime on tile and grout Long handle design - scrub floors without bending or kneeling No dead-angle reach - built to access tight corners and edges Durable build - designed for repeated bathroom cleaning sessions Ideal for bathroom floors, tile grout, and tight corners that regular mops can't reach.",https://nestfinds.com/products/gap-cleaning-brush-for-floors-hard-bristle-long-handle-tile-grout-scrubber,https://nestfinds.com/products/gap-cleaning-brush-for-floors-hard-bristle-long-handle-tile-grout-scrubber,https://cdn.shopify.com/s/files/1/0906/9972/6882/files/5_813df059-1a71-40c2-a301-79004e291c5f.png?v=1788831111,"https://cdn.shopify.com/s/files/1/0906/9972/6882/files/4_c7bc6db3-37b9-451b-9b6c-c292e41ccafa.png?v=1788831114,https://cdn.shopify.com/s/files/1/0906/9972/6882/files/6_7b2885d2-3cdb-4951-91ef-aedbb1ce3825.png?v=1788831118,https://cdn.shopify.com/s/files/1/0906/9972/6882/files/1_92efcf65-8c44-44e0-9555-0151a95a2512.png?v=1788831121,https://cdn.shopify.com/s/files/1/0906/9972/6882/files/2_4fc91123-ae89-4b63-88dd-e1e74dec15a2.png?v=1788831124,https://cdn.shopify.com/s/files/1/0906/9972/6882/files/3_e59995c5-3ea4-4232-ac69-5951c5932f21.png?v=1788831127",24.99 USD,in stock,new,Nest Finds,Mops,2713,,
shopify_US_8635332919330_47338743234594,8635332919330,Glass Teapot with Tea and Water Separation - Press-Strain Loose Leaf Teapot,"Brew loose-leaf tea without babysitting the steep time - this glass teapot separates tea from water with a simple press, so leaves stop steeping the moment your tea is ready. One-press separation - strains leaves out of the water instantly Clear glass body - watch the brewing process and see leaf color develop Works with loose-leaf, tea bags, or floral tea blends Available in 600ml or 800ml Great for tea lovers, offices, and gifting - a mess-free way to brew a proper pot of loose-leaf tea.",https://nestfinds.com/products/glass-teapot-with-tea-and-water-separation-press-strain-loose-leaf-teapot?variant=47338743234594,https://nestfinds.com/products/glass-teapot-with-tea-and-water-separation-press-strain-loose-leaf-teapot,https://cdn.shopify.com/s/files/1/0906/9972/6882/files/O1CN01d5yylM2L6YGB8ZZ3R__994599643-0-cib.jpg?v=1788849832,"https://cdn.shopify.com/s/files/1/0906/9972/6882/files/O1CN01BcdnRG2L6YG9z7kql__994599643-0-cib.jpg?v=1788849834,https://cdn.shopify.com/s/files/1/0906/9972/6882/files/O1CN0102fP3F2L6YFixJdQD__994599643-0-cib.jpg?v=1788849837",44.95 USD,in stock,new,Nest Finds,Teapots,652,,600ml
shopify_US_8635332919330_47338743267362,8635332919330,Glass Teapot with Tea and Water Separation - Press-Strain Loose Leaf Teapot,"Brew loose-leaf tea without babysitting the steep time - this glass teapot separates tea from water with a simple press, so leaves stop steeping the moment your tea is ready. One-press separation - strains leaves out of the water instantly Clear glass body - watch the brewing process and see leaf color develop Works with loose-leaf, tea bags, or floral tea blends Available in 600ml or 800ml Great for tea lovers, offices, and gifting - a mess-free way to brew a proper pot of loose-leaf tea.",https://nestfinds.com/products/glass-teapot-with-tea-and-water-separation-press-strain-loose-leaf-teapot?variant=47338743267362,https://nestfinds.com/products/glass-teapot-with-tea-and-water-separation-press-strain-loose-leaf-teapot,https://cdn.shopify.com/s/files/1/0906/9972/6882/files/O1CN01d5yylM2L6YGB8ZZ3R__994599643-0-cib.jpg?v=1788849832,"https://cdn.shopify.com/s/files/1/0906/9972/6882/files/O1CN01BcdnRG2L6YG9z7kql__994599643-0-cib.jpg?v=1788849834,https://cdn.shopify.com/s/files/1/0906/9972/6882/files/O1CN0102fP3F2L6YFixJdQD__994599643-0-cib.jpg?v=1788849837",49.95 USD,in stock,new,Nest Finds,Teapots,652,,800ml
shopify_US_8635315388450_47338717937698,8635315388450,Handheld Mini Flat Mop - Desktop & Tabletop Cleaning Tool,"Clean desks, counters, and tight corners without dragging out a full-size mop - this handheld mini mop's flat microfiber head glides into spots a regular mop can't reach. Compact handheld design - fits desks, counters, window sills, and tight corners Microfiber flat head - traps dust and grime instead of pushing it around Lightweight build - easy one-handed control for quick spot-cleaning Great for desks, kitchen counters, car interiors, and small spills - keep a mini mop on hand for messes that don't need a full cleaning session.",https://nestfinds.com/products/handheld-mini-flat-mop-desktop-tabletop-cleaning-tool,https://nestfinds.com/products/handheld-mini-flat-mop-desktop-tabletop-cleaning-tool,https://cdn.shopify.com/s/files/1/0906/9972/6882/files/2_e0e6af37-af00-43f1-acbb-d2caca459997.png?v=1788849268,"https://cdn.shopify.com/s/files/1/0906/9972/6882/files/1_d1d92b75-2d9f-4287-8100-c26afd6e12a1.png?v=1788849271,https://cdn.shopify.com/s/files/1/0906/9972/6882/files/5_3b2cceaa-ac39-41f7-8dcc-f83f0ecb906a.png?v=1788849274,https://cdn.shopify.com/s/files/1/0906/9972/6882/files/3_8419f76b-fc4a-4373-89c2-9e5e9ee24bd9.png?v=1788849277,https://cdn.shopify.com/s/files/1/0906/9972/6882/files/4_da35bdf8-70ab-4902-915c-cb940f179f51.png?v=1788849280",14.99 USD,in stock,new,Nest Finds,Mops,2713,,
shopify_US_8634683195426_47337814982690,8634683195426,Hands-Free Flat Mop - No-Touch Wet & Dry Floor Cleaning System,"Clean floors without ever touching a dirty mop pad - this hands-free flat mop's slim head slides under furniture and into corners while keeping your hands completely out of the mess. No-touch cleaning system - removes dust, dirt, hair, and spills hands-free Slim flat head - reaches under furniture and into tight corners Wet and dry use - versatile across hard floor surfaces Quick touch-up ready - practical for daily spot cleaning Ideal for households that want thorough cleaning with zero hand contact with dirty pads.",https://nestfinds.com/products/hands-free-flat-mop-no-touch-wet-dry-floor-cleaning-system,https://nestfinds.com/products/hands-free-flat-mop-no-touch-wet-dry-floor-cleaning-system,https://cdn.shopify.com/s/files/1/0906/9972/6882/files/A_2_f06e4c1d-a810-49f6-b9b0-8a8fea20db7f.png?v=1788831379,"https://cdn.shopify.com/s/files/1/0906/9972/6882/files/A_4_aacc2466-4983-4bba-aab0-7b0b473ff708.png?v=1788831383,https://cdn.shopify.com/s/files/1/0906/9972/6882/files/A_5_9acd486d-59fa-4f48-ae36-e3b463128ce9.png?v=1788831386,https://cdn.shopify.com/s/files/1/0906/9972/6882/files/A_6_cedb11ae-56f8-4be5-ac7c-be8427638b47.png?v=1788831388,https://cdn.shopify.com/s/files/1/0906/9972/6882/files/A_3_51bdde48-d94f-4bda-a301-a4e3482c926a.png?v=1788831391,https://cdn.shopify.com/s/files/1/0906/9972/6882/files/A_7_030e247d-4847-44f9-8520-fc429105cc9a.png?v=1788831394,https://cdn.shopify.com/s/files/1/0906/9972/6882/files/A_8.png?v=1788831398",39.99 USD,in stock,new,Nest Finds,Mops,2713,,
shopify_US_8635326201890_47338734354466,8635326201890,Hanging Bra & Underwear Organizer - Multi-Pocket Lingerie Storage Bag,"Keep bras and underwear untangled and organized with a hanging storage bag built for small closets and tight spaces. Multiple divider pockets - keeps lingerie separated and easy to find Lightweight, durable material - holds shape without adding bulk Space-saving hanging design - uses vertical closet space instead of drawers Available in Beige or Gray Ideal for small closets, dorm rooms, and travel packing - lingerie storage that stays neat without digging through drawers.",https://nestfinds.com/products/hanging-bra-underwear-organizer-multi-pocket-lingerie-storage-bag?variant=47338734354466,https://nestfinds.com/products/hanging-bra-underwear-organizer-multi-pocket-lingerie-storage-bag,https://cdn.shopify.com/s/files/1/0906/9972/6882/files/Sf80906296b9b4d51a2f22665f0ded582P.jpg?v=1788849611,https://cdn.shopify.com/s/files/1/0906/9972/6882/files/Se62b00f8b7054a31b0628c75417fb575O.jpg?v=1788849613,12.98 USD,in stock,new,Nest Finds,Closet Organizers & Garment Racks,5714,Beige,
shopify_US_8635326201890_47338734387234,8635326201890,Hanging Bra & Underwear Organizer - Multi-Pocket Lingerie Storage Bag,"Keep bras and underwear untangled and organized with a hanging storage bag built for small closets and tight spaces. Multiple divider pockets - keeps lingerie separated and easy to find Lightweight, durable material - holds shape without adding bulk Space-saving hanging design - uses vertical closet space instead of drawers Available in Beige or Gray Ideal for small closets, dorm rooms, and travel packing - lingerie storage that stays neat without digging through drawers.",https://nestfinds.com/products/hanging-bra-underwear-organizer-multi-pocket-lingerie-storage-bag?variant=47338734387234,https://nestfinds.com/products/hanging-bra-underwear-organizer-multi-pocket-lingerie-storage-bag,https://cdn.shopify.com/s/files/1/0906/9972/6882/files/Se62b00f8b7054a31b0628c75417fb575O.jpg?v=1788849613,https://cdn.shopify.com/s/files/1/0906/9972/6882/files/Sf80906296b9b4d51a2f22665f0ded582P.jpg?v=1788849611,12.98 USD,in stock,new,Nest Finds,Closet Organizers & Garment Racks,5714,Gray,
shopify_US_8635324268578_47338732126242,8635324268578,Hanging Mesh Storage Bag - Closet Organizer for Socks & Underwear (Multi-Layer),"Free up drawer space with a breathable mesh bag that hangs right in your closet, keeping socks and underwear sorted and easy to grab. Ventilated mesh material - keeps items fresh and visible at a glance Space-saving hanging design - uses closet rod space instead of drawers Durable netting - holds shape and withstands daily use Available in Single, Double, or Three-Layer configurations Perfect for socks, underwear, accessories, and small items - closet organization that keeps essentials in easy reach.",https://nestfinds.com/products/hanging-mesh-storage-bag-closet-organizer-for-socks-underwear-multi-layer?variant=47338732126242,https://nestfinds.com/products/hanging-mesh-storage-bag-closet-organizer-for-socks-underwear-multi-layer,https://cdn.shopify.com/s/files/1/0906/9972/6882/files/6_3729ef1f-f23c-4afe-a8aa-db3766ed8756.png?v=1788849546,"https://cdn.shopify.com/s/files/1/0906/9972/6882/files/5_e574e820-e0f5-4601-a68e-807175078971.png?v=1788849549,https://cdn.shopify.com/s/files/1/0906/9972/6882/files/1_e69bd093-f985-4170-87bf-54b97191e78c.png?v=1788849551,https://cdn.shopify.com/s/files/1/0906/9972/6882/files/2_46144d1f-f02d-49b3-8968-b5fdd21c0c9c.png?v=1788849554,https://cdn.shopify.com/s/files/1/0906/9972/6882/files/3_2159fae6-b0e6-43f3-9d6b-7627b41e2a40.png?v=1788849557,https://cdn.shopify.com/s/files/1/0906/9972/6882/files/4_16571753-777d-4f55-899c-94f31c5c5ccf.png?v=1788849560,https://cdn.shopify.com/s/files/1/0906/9972/6882/files/StorageNetBagSocksUnderwearStorageHangingBag.png?v=1788849563",9.99 USD,in stock,new,Nest Finds,Closet Organizers,5714,,Single Layer
shopify_US_8635324268578_47338732159010,8635324268578,Hanging Mesh Storage Bag - Closet Organizer for Socks & Underwear (Multi-Layer),"Free up drawer space with a breathable mesh bag that hangs right in your closet, keeping socks and underwear sorted and easy to grab. Ventilated mesh material - keeps items fresh and visible at a glance Space-saving hanging design - uses closet rod space instead of drawers Durable netting - holds shape and withstands daily use Available in Single, Double, or Three-Layer configurations Perfect for socks, underwear, accessories, and small items - closet organization that keeps essentials in easy reach.",https://nestfinds.com/products/hanging-mesh-storage-bag-closet-organizer-for-socks-underwear-multi-layer?variant=47338732159010,https://nestfinds.com/products/hanging-mesh-storage-bag-closet-organizer-for-socks-underwear-multi-layer,https://cdn.shopify.com/s/files/1/0906/9972/6882/files/6_3729ef1f-f23c-4afe-a8aa-db3766ed8756.png?v=1788849546,"https://cdn.shopify.com/s/files/1/0906/9972/6882/files/5_e574e820-e0f5-4601-a68e-807175078971.png?v=1788849549,https://cdn.shopify.com/s/files/1/0906/9972/6882/files/1_e69bd093-f985-4170-87bf-54b97191e78c.png?v=1788849551,https://cdn.shopify.com/s/files/1/0906/9972/6882/files/2_46144d1f-f02d-49b3-8968-b5fdd21c0c9c.png?v=1788849554,https://cdn.shopify.com/s/files/1/0906/9972/6882/files/3_2159fae6-b0e6-43f3-9d6b-7627b41e2a40.png?v=1788849557,https://cdn.shopify.com/s/files/1/0906/9972/6882/files/4_16571753-777d-4f55-899c-94f31c5c5ccf.png?v=1788849560,https://cdn.shopify.com/s/files/1/0906/9972/6882/files/StorageNetBagSocksUnderwearStorageHangingBag.png?v=1788849563",12.99 USD,in stock,new,Nest Finds,Closet Organizers,5714,,Double Layer
shopify_US_8635324268578_47338732191778,8635324268578,Hanging Mesh Storage Bag - Closet Organizer for Socks & Underwear (Multi-Layer),"Free up drawer space with a breathable mesh bag that hangs right in your closet, keeping socks and underwear sorted and easy to grab. Ventilated mesh material - keeps items fresh and visible at a glance Space-saving hanging design - uses closet rod space instead of drawers Durable netting - holds shape and withstands daily use Available in Single, Double, or Three-Layer configurations Perfect for socks, underwear, accessories, and small items - closet organization that keeps essentials in easy reach.",https://nestfinds.com/products/hanging-mesh-storage-bag-closet-organizer-for-socks-underwear-multi-layer?variant=47338732191778,https://nestfinds.com/products/hanging-mesh-storage-bag-closet-organizer-for-socks-underwear-multi-layer,https://cdn.shopify.com/s/files/1/0906/9972/6882/files/6_3729ef1f-f23c-4afe-a8aa-db3766ed8756.png?v=1788849546,"https://cdn.shopify.com/s/files/1/0906/9972/6882/files/5_e574e820-e0f5-4601-a68e-807175078971.png?v=1788849549,https://cdn.shopify.com/s/files/1/0906/9972/6882/files/1_e69bd093-f985-4170-87bf-54b97191e78c.png?v=1788849551,https://cdn.shopify.com/s/files/1/0906/9972/6882/files/2_46144d1f-f02d-49b3-8968-b5fdd21c0c9c.png?v=1788849554,https://cdn.shopify.com/s/files/1/0906/9972/6882/files/3_2159fae6-b0e6-43f3-9d6b-7627b41e2a40.png?v=1788849557,https://cdn.shopify.com/s/files/1/0906/9972/6882/files/4_16571753-777d-4f55-899c-94f31c5c5ccf.png?v=1788849560,https://cdn.shopify.com/s/files/1/0906/9972/6882/files/StorageNetBagSocksUnderwearStorageHangingBag.png?v=1788849563",14.99 USD,in stock,new,Nest Finds,Closet Organizers,5714,,Three Layers
shopify_US_8635319779362_47338723115042,8635319779362,Hat Storage Rack Organizer - Closet & Entryway Hat Display Holder,"Stop crushing hats in a drawer - this storage rack holds multiple hats upright and separated, keeping their shape intact while making every hat visible and easy to grab. Multi-hat capacity - organizes a full hat collection without stacking or crushing Shape-preserving design - prevents brims and crowns from deforming over time Sturdy construction - built for daily use in closets or entryways Available in Beige or Black Great for closets, entryways, or even retail displays - keep caps and hats organized, visible, and ready to wear.",https://nestfinds.com/products/hat-storage-rack-organizer-closet-entryway-hat-display-holder?variant=47338723115042,https://nestfinds.com/products/hat-storage-rack-organizer-closet-entryway-hat-display-holder,https://cdn.shopify.com/s/files/1/0906/9972/6882/files/2_1e996727-a0cf-4d38-9a5a-82f3bce2173c.png?v=1788849426,"https://cdn.shopify.com/s/files/1/0906/9972/6882/files/1_5a27098a-b6ba-4801-a4cd-3d6a28460558.png?v=1788849419,https://cdn.shopify.com/s/files/1/0906/9972/6882/files/4_5125bf6f-d4bb-4b90-b72f-3bea1b55a230.png?v=1788849423,https://cdn.shopify.com/s/files/1/0906/9972/6882/files/3_5f2824aa-d64a-4b23-87e5-26720357c4cf.png?v=1788849429",12.99 USD,in stock,new,Nest Finds,Closet Organizers,5714,Beige,
shopify_US_8635319779362_47338723147810,8635319779362,Hat Storage Rack Organizer - Closet & Entryway Hat Display Holder,"Stop crushing hats in a drawer - this storage rack holds multiple hats upright and separated, keeping their shape intact while making every hat visible and easy to grab. Multi-hat capacity - organizes a full hat collection without stacking or crushing Shape-preserving design - prevents brims and crowns from deforming over time Sturdy construction - built for daily use in closets or entryways Available in Beige or Black Great for closets, entryways, or even retail displays - keep caps and hats organized, visible, and ready to wear.",https://nestfinds.com/products/hat-storage-rack-organizer-closet-entryway-hat-display-holder?variant=47338723147810,https://nestfinds.com/products/hat-storage-rack-organizer-closet-entryway-hat-display-holder,https://cdn.shopify.com/s/files/1/0906/9972/6882/files/3_5f2824aa-d64a-4b23-87e5-26720357c4cf.png?v=1788849429,"https://cdn.shopify.com/s/files/1/0906/9972/6882/files/1_5a27098a-b6ba-4801-a4cd-3d6a28460558.png?v=1788849419,https://cdn.shopify.com/s/files/1/0906/9972/6882/files/4_5125bf6f-d4bb-4b90-b72f-3bea1b55a230.png?v=1788849423,https://cdn.shopify.com/s/files/1/0906/9972/6882/files/2_1e996727-a0cf-4d38-9a5a-82f3bce2173c.png?v=1788849426",12.99 USD,in stock,new,Nest Finds,Closet Organizers,5714,Black,
shopify_US_8634692861986_47337846603810,8634692861986,High Pressure Shower Head - 3-Mode Adjustable Spray Showerhead,"Boost weak water pressure into a strong, even spray with a showerhead engineered to amplify flow through a dense nozzle array. 3 adjustable spray modes - rain, massage, and power spray settings Pressure-boosting nozzle design - stronger spray from the same water line Universal fit - installs on standard shower arms without tools Easy-clean silicone nozzles - wipe away mineral buildup by hand A simple upgrade for low-pressure homes, apartments, and rentals looking for a better shower without a plumber.",https://nestfinds.com/products/high-pressure-shower-head-3-mode-adjustable-spray-showerhead,https://nestfinds.com/products/high-pressure-shower-head-3-mode-adjustable-spray-showerhead,https://cdn.shopify.com/s/files/1/0906/9972/6882/files/S2088544d78194f00ac0424eb18d3146cG.jpg?v=1788831603,"https://cdn.shopify.com/s/files/1/0906/9972/6882/files/Scfeaf345d084490694c786b8374e138bF.jpg?v=1788831605,https://cdn.shopify.com/s/files/1/0906/9972/6882/files/S9e54a86816584d0dac4253a2e1f26e96R.jpg?v=1788831608,https://cdn.shopify.com/s/files/1/0906/9972/6882/files/S5f0aee48ff5d4774ae9a43b7e6a229adY.jpg?v=1788831611,https://cdn.shopify.com/s/files/1/0906/9972/6882/files/S0508aef928154ecfa6a09178c6baaf213.jpg?v=1788831613",14.98 USD,in stock,new,Nest Finds,Shower Heads,581,,
shopify_US_8635321745442_47338727735330,8635321745442,Invisible Bed Sheet Fasteners - Anti-Shift Clips to Keep Sheets Tight All Night,"Stop waking up to bunched, slipped sheets - these invisible fastener clips grip your fitted or flat sheet in place without damaging the fabric. Anti-shift grip - holds sheets tight through a full night's sleep Invisible design - stays hidden under the mattress, no visible hardware Fabric-safe hold - secures without snagging or tearing sheets Fits various sheet materials and thicknesses - Available in White or Gray Perfect for fitted sheets, flat sheets, and mattress toppers - a smooth, wrinkle-free bed every morning.",https://nestfinds.com/products/invisible-bed-sheet-fasteners-anti-shift-clips-to-keep-sheets-tight-all-night?variant=47338727735330,https://nestfinds.com/products/invisible-bed-sheet-fasteners-anti-shift-clips-to-keep-sheets-tight-all-night,https://cdn.shopify.com/s/files/1/0906/9972/6882/files/16_796d391d-1757-4e0c-8b2f-afcc9df10e8e.png?v=1788849471,"https://cdn.shopify.com/s/files/1/0906/9972/6882/files/20.png?v=1788849468,https://cdn.shopify.com/s/files/1/0906/9972/6882/files/17.png?v=1788849474,https://cdn.shopify.com/s/files/1/0906/9972/6882/files/19.png?v=1788849478,https://cdn.shopify.com/s/files/1/0906/9972/6882/files/18.png?v=1788849481",19.99 USD,in stock,new,Nest Finds,Bed Sheets,2314,White,
shopify_US_8635321745442_47338727768098,8635321745442,Invisible Bed Sheet Fasteners - Anti-Shift Clips to Keep Sheets Tight All Night,"Stop waking up to bunched, slipped sheets - these invisible fastener clips grip your fitted or flat sheet in place without damaging the fabric. Anti-shift grip - holds sheets tight through a full night's sleep Invisible design - stays hidden under the mattress, no visible hardware Fabric-safe hold - secures without snagging or tearing sheets Fits various sheet materials and thicknesses - Available in White or Gray Perfect for fitted sheets, flat sheets, and mattress toppers - a smooth, wrinkle-free bed every morning.",https://nestfinds.com/products/invisible-bed-sheet-fasteners-anti-shift-clips-to-keep-sheets-tight-all-night?variant=47338727768098,https://nestfinds.com/products/invisible-bed-sheet-fasteners-anti-shift-clips-to-keep-sheets-tight-all-night,https://cdn.shopify.com/s/files/1/0906/9972/6882/files/17.png?v=1788849474,"https://cdn.shopify.com/s/files/1/0906/9972/6882/files/20.png?v=1788849468,https://cdn.shopify.com/s/files/1/0906/9972/6882/files/16_796d391d-1757-4e0c-8b2f-afcc9df10e8e.png?v=1788849471,https://cdn.shopify.com/s/files/1/0906/9972/6882/files/19.png?v=1788849478,https://cdn.shopify.com/s/files/1/0906/9972/6882/files/18.png?v=1788849481",19.99 USD,in stock,new,Nest Finds,Bed Sheets,2314,Gray,
shopify_US_8634686734370_47337819340834,8634686734370,Jellyfish Flame Mist Aroma Diffuser - Ultrasonic Humidifier with Ambient Light,"Set a calming mood while improving air quality - this jellyfish-shaped diffuser combines flame-effect mist lighting with ultrasonic humidification and essential oil diffusion. Flame-effect mist lighting - creates a calming, ambient glow Ultrasonic technology - quiet operation for essential oil diffusion and humidifying Adjustable mist settings - customize output for sleep, work, or relaxation Large tank capacity - supports extended run times A striking addition to bedrooms, offices, and wellness spaces for relaxation and better air quality.",https://nestfinds.com/products/jellyfish-flame-mist-aroma-diffuser-ultrasonic-humidifier-with-ambient-light,https://nestfinds.com/products/jellyfish-flame-mist-aroma-diffuser-ultrasonic-humidifier-with-ambient-light,https://cdn.shopify.com/s/files/1/0906/9972/6882/files/2_2d29129d-2f9b-4187-a78c-5432daec2f19.png?v=1788831497,"https://cdn.shopify.com/s/files/1/0906/9972/6882/files/3_7cb87df2-2c3f-4cfc-8299-813a274b684c.png?v=1788831501,https://cdn.shopify.com/s/files/1/0906/9972/6882/files/4_db54b677-7ef5-437d-a537-33c97f71ad3b.png?v=1788831505,https://cdn.shopify.com/s/files/1/0906/9972/6882/files/1_e76c8fff-6761-4f98-be12-128afbef528c.png?v=1788831512",49.99 USD,in stock,new,Nest Finds,Humidifiers,613,,
shopify_US_8635330428962_47338740351010,8635330428962,Jellyfish Rotating Raindrop Humidifier - LED Aromatherapy Diffuser,"Watch a rotating LED jellyfish glow while raindrop mist and your favorite essential oil fill the room - this humidifier combines light, scent, and moisture in one accent piece. Rotating LED jellyfish design - a soothing, ambient light show while running Raindrop misting - even moisture distribution across the room Built-in aromatherapy diffuser - use with your preferred essential oils 3 color options - White, Gold, or Blue Ideal for bedrooms and living rooms as both a night light and a humidifier - especially nice for kids' rooms.",https://nestfinds.com/products/jellyfish-rotating-raindrop-humidifier-led-aromatherapy-diffuser?variant=47338740351010,https://nestfinds.com/products/jellyfish-rotating-raindrop-humidifier-led-aromatherapy-diffuser,https://cdn.shopify.com/s/files/1/0906/9972/6882/files/1_6ffcbb5c-c134-4bf8-af2f-fd9f1a269eba.png?v=1788849749,"https://cdn.shopify.com/s/files/1/0906/9972/6882/files/4_46da1a66-ae40-4bc9-8d3a-9f45737d1c9a.png?v=1788849743,https://cdn.shopify.com/s/files/1/0906/9972/6882/files/5_90ac98d8-2c0e-43f2-9639-6cea97eb81d5.png?v=1788849746,https://cdn.shopify.com/s/files/1/0906/9972/6882/files/2_e93acff0-c4ee-48f4-9398-8c5b3d0eb64e.png?v=1788849752,https://cdn.shopify.com/s/files/1/0906/9972/6882/files/3_347242dc-80b3-4525-9027-143b0248777d.png?v=1788849755",49.95 USD,in stock,new,Nest Finds,Humidifiers,613,White,
shopify_US_8635330428962_47338740383778,8635330428962,Jellyfish Rotating Raindrop Humidifier - LED Aromatherapy Diffuser,"Watch a rotating LED jellyfish glow while raindrop mist and your favorite essential oil fill the room - this humidifier combines light, scent, and moisture in one accent piece. Rotating LED jellyfish design - a soothing, ambient light show while running Raindrop misting - even moisture distribution across the room Built-in aromatherapy diffuser - use with your preferred essential oils 3 color options - White, Gold, or Blue Ideal for bedrooms and living rooms as both a night light and a humidifier - especially nice for kids' rooms.",https://nestfinds.com/products/jellyfish-rotating-raindrop-humidifier-led-aromatherapy-diffuser?variant=47338740383778,https://nestfinds.com/products/jellyfish-rotating-raindrop-humidifier-led-aromatherapy-diffuser,https://cdn.shopify.com/s/files/1/0906/9972/6882/files/2_e93acff0-c4ee-48f4-9398-8c5b3d0eb64e.png?v=1788849752,"https://cdn.shopify.com/s/files/1/0906/9972/6882/files/4_46da1a66-ae40-4bc9-8d3a-9f45737d1c9a.png?v=1788849743,https://cdn.shopify.com/s/files/1/0906/9972/6882/files/5_90ac98d8-2c0e-43f2-9639-6cea97eb81d5.png?v=1788849746,https://cdn.shopify.com/s/files/1/0906/9972/6882/files/1_6ffcbb5c-c134-4bf8-af2f-fd9f1a269eba.png?v=1788849749,https://cdn.shopify.com/s/files/1/0906/9972/6882/files/3_347242dc-80b3-4525-9027-143b0248777d.png?v=1788849755",49.95 USD,in stock,new,Nest Finds,Humidifiers,613,Gold,
shopify_US_8635330428962_47338740416546,8635330428962,Jellyfish Rotating Raindrop Humidifier - LED Aromatherapy Diffuser,"Watch a rotating LED jellyfish glow while raindrop mist and your favorite essential oil fill the room - this humidifier combines light, scent, and moisture in one accent piece. Rotating LED jellyfish design - a soothing, ambient light show while running Raindrop misting - even moisture distribution across the room Built-in aromatherapy diffuser - use with your preferred essential oils 3 color options - White, Gold, or Blue Ideal for bedrooms and living rooms as both a night light and a humidifier - especially nice for kids' rooms.",https://nestfinds.com/products/jellyfish-rotating-raindrop-humidifier-led-aromatherapy-diffuser?variant=47338740416546,https://nestfinds.com/products/jellyfish-rotating-raindrop-humidifier-led-aromatherapy-diffuser,https://cdn.shopify.com/s/files/1/0906/9972/6882/files/3_347242dc-80b3-4525-9027-143b0248777d.png?v=1788849755,"https://cdn.shopify.com/s/files/1/0906/9972/6882/files/4_46da1a66-ae40-4bc9-8d3a-9f45737d1c9a.png?v=1788849743,https://cdn.shopify.com/s/files/1/0906/9972/6882/files/5_90ac98d8-2c0e-43f2-9639-6cea97eb81d5.png?v=1788849746,https://cdn.shopify.com/s/files/1/0906/9972/6882/files/1_6ffcbb5c-c134-4bf8-af2f-fd9f1a269eba.png?v=1788849749,https://cdn.shopify.com/s/files/1/0906/9972/6882/files/2_e93acff0-c4ee-48f4-9398-8c5b3d0eb64e.png?v=1788849752",49.95 USD,in stock,new,Nest Finds,Humidifiers,613,Blue,
shopify_US_8635327578146_47338736418850,8635327578146,Kitchen Fruit & Vegetable Washing Machine - Automatic Produce Cleaner,"Get produce genuinely clean, not just rinsed - this washing machine actively works to remove pesticide residue, dirt, and contaminants from fruits and vegetables before they hit your plate. Deep-cleaning technology - targets pesticides and residue standard rinsing misses Simple one-touch controls - easy operation for everyday use Compact, space-saving footprint - fits on most kitchen counters Available in Blue or Pink A smart addition for health-conscious households wanting cleaner, safer produce with less manual scrubbing.",https://nestfinds.com/products/kitchen-fruit-vegetable-washing-machine-automatic-produce-cleaner?variant=47338736418850,https://nestfinds.com/products/kitchen-fruit-vegetable-washing-machine-automatic-produce-cleaner,https://cdn.shopify.com/s/files/1/0906/9972/6882/files/21_c49480d7-8f69-47c9-b6f1-d4d5a0ca4641.png?v=1788849664,"https://cdn.shopify.com/s/files/1/0906/9972/6882/files/20_e4fb8051-e0e1-4dfe-8c32-7347f1de0519.png?v=1788849661,https://cdn.shopify.com/s/files/1/0906/9972/6882/files/18_a1a20645-0fcc-458c-8586-2ddc7b6724c3.png?v=1788849668,https://cdn.shopify.com/s/files/1/0906/9972/6882/files/19_4a5e79b4-8c12-472c-927b-b73a9f06f69d.png?v=1788849671",29.99 USD,in stock,new,Nest Finds,Dishwashers,680,Blue,
shopify_US_8635327578146_47338736451618,8635327578146,Kitchen Fruit & Vegetable Washing Machine - Automatic Produce Cleaner,"Get produce genuinely clean, not just rinsed - this washing machine actively works to remove pesticide residue, dirt, and contaminants from fruits and vegetables before they hit your plate. Deep-cleaning technology - targets pesticides and residue standard rinsing misses Simple one-touch controls - easy operation for everyday use Compact, space-saving footprint - fits on most kitchen counters Available in Blue or Pink A smart addition for health-conscious households wanting cleaner, safer produce with less manual scrubbing.",https://nestfinds.com/products/kitchen-fruit-vegetable-washing-machine-automatic-produce-cleaner?variant=47338736451618,https://nestfinds.com/products/kitchen-fruit-vegetable-washing-machine-automatic-produce-cleaner,https://cdn.shopify.com/s/files/1/0906/9972/6882/files/20_e4fb8051-e0e1-4dfe-8c32-7347f1de0519.png?v=1788849661,"https://cdn.shopify.com/s/files/1/0906/9972/6882/files/21_c49480d7-8f69-47c9-b6f1-d4d5a0ca4641.png?v=1788849664,https://cdn.shopify.com/s/files/1/0906/9972/6882/files/18_a1a20645-0fcc-458c-8586-2ddc7b6724c3.png?v=1788849668,https://cdn.shopify.com/s/files/1/0906/9972/6882/files/19_4a5e79b4-8c12-472c-927b-b73a9f06f69d.png?v=1788849671",29.99 USD,in stock,new,Nest Finds,Dishwashers,680,Pink,
shopify_US_8635316043810_47338718593058,8635316043810,"Kitchen Velcro Storage Bags - Wall-Mount Bag & Pouch Organizer, Set of 3","Stop letting plastic bags and pouches pile up in a drawer - this set of Velcro-mount storage bags sticks to cabinet doors or walls, keeping bags, wraps, and small kitchen items sorted and out of the way. Velcro mounting - installs and removes in seconds, no tools or drilling Durable fabric construction - holds shape and weight over daily use Set of 3 bags - separate items by type or size Ideal for kitchen cabinet doors, pantry walls, or under-sink storage - reclaim drawer space by moving bags and pouches onto the door.",https://nestfinds.com/products/kitchen-velcro-storage-bags-wall-mount-bag-pouch-organizer-set-of-3,https://nestfinds.com/products/kitchen-velcro-storage-bags-wall-mount-bag-pouch-organizer-set-of-3,https://cdn.shopify.com/s/files/1/0906/9972/6882/files/KitchenVelcroPlasticBagGarbageBagStorageBag.png?v=1788849295,"https://cdn.shopify.com/s/files/1/0906/9972/6882/files/O1CN01Z0IYZb1Bs2xcgZPzH__2215548900000-0-cib.jpg?v=1788849298,https://cdn.shopify.com/s/files/1/0906/9972/6882/files/O1CN017fIvy81Bs2yp8YMJ4__2215548900000-0-cib.jpg?v=1788849301,https://cdn.shopify.com/s/files/1/0906/9972/6882/files/O1CN01KdHbKm1Bs2ysFrYS2__2215548900000-0-cib.jpg?v=1788849305,https://cdn.shopify.com/s/files/1/0906/9972/6882/files/O1CN01fXdajo1Bs2xau5DUH__2215548900000-0-cib.jpg?v=1788849308,https://cdn.shopify.com/s/files/1/0906/9972/6882/files/KitchenVelcroPlasticBagGarbageBagStorageBag_1.png?v=1788849312",9.99 USD,in stock,new,Nest Finds,Household Storage Bags,3561,,3 Pieces
shopify_US_8634673266722_47337760423970,8634673266722,Long Handle Broom and Dustpan Set - Standing Upright Storage for Easy Sweeping,"Sweep without bending and store without clutter - this long-handle broom and dustpan set stands upright on its own, keeping your cleaning tools organized and ready to grab. Extended handles - sweep standing up, reducing strain on your back Wide broom head - gathers dust, pet hair, and debris in fewer passes Deep dustpan design - prevents dirt from spilling out while moving Freestanding storage - stands upright for compact, tidy storage Built for home, kitchen, office, and apartment cleaning - durable materials for everyday use.",https://nestfinds.com/products/long-handle-broom-and-dustpan-set-standing-upright-storage-for-easy-sweeping,https://nestfinds.com/products/long-handle-broom-and-dustpan-set-standing-upright-storage-for-easy-sweeping,https://cdn.shopify.com/s/files/1/0906/9972/6882/files/Broom_1_433d7fe5-cc31-4a4b-aecd-442c0a741bed.png?v=1788830856,"https://cdn.shopify.com/s/files/1/0906/9972/6882/files/Broom_2_8f2bd60f-284f-4970-9cd4-fe6f236a6f31.png?v=1788830859,https://cdn.shopify.com/s/files/1/0906/9972/6882/files/Broom_3_f96b263c-9cfe-4d86-828b-cd134f355032.png?v=1788830864,https://cdn.shopify.com/s/files/1/0906/9972/6882/files/Broom_4_1f498539-3c09-441f-9508-bb8f48e16f07.png?v=1788830867",39.99 USD,in stock,new,Nest Finds,Brooms,2857,,
shopify_US_8634674413602_47337761701922,8634674413602,"Long Handle Floor Scrub Brush - Stiff Bristle Cleaning Brush for Tile, Wood & Concrete","Tackle stubborn dirt and grime across any hard floor without bending over - this long-handle brush pairs stiff bristles with an extended shaft for comfortable, professional-grade cleaning. Stiff, reinforced bristles - penetrate embedded dirt and fine dust alike Extended handle - eliminates bending, promotes better posture while cleaning Balanced weight - controlled application without hand fatigue Multi-surface use - effective on tile, wood, and concrete floors Suited for kitchens, bathrooms, patios, and commercial spaces needing routine or deep-cleaning power.",https://nestfinds.com/products/long-handle-floor-scrub-brush-stiff-bristle-cleaning-brush-for-tile-wood-concrete,https://nestfinds.com/products/long-handle-floor-scrub-brush-stiff-bristle-cleaning-brush-for-tile-wood-concrete,https://cdn.shopify.com/s/files/1/0906/9972/6882/files/1_e11ee24a-4517-461d-b3c1-1b873c1d6677.png?v=1788830892,"https://cdn.shopify.com/s/files/1/0906/9972/6882/files/3_90a552f8-0c83-4e53-a47f-96ee3fe3a8e7.png?v=1788830897,https://cdn.shopify.com/s/files/1/0906/9972/6882/files/2_6fb09d8b-eec2-41e4-b423-afee47fb4fd0.png?v=1788830901,https://cdn.shopify.com/s/files/1/0906/9972/6882/files/4_3a1415ca-131d-4104-96bc-7971364d5488.png?v=1788830905,https://cdn.shopify.com/s/files/1/0906/9972/6882/files/5_099b935c-ab1b-4dc4-8346-c45ab106608c.png?v=1788830908,https://cdn.shopify.com/s/files/1/0906/9972/6882/files/6_ca18ce2b-74b4-4335-b541-7b495ea6c866.png?v=1788830912",29.99 USD,in stock,new,Nest Finds,Brooms,2857,,
shopify_US_8634682572834_47337813999650,8634682572834,Long Handle Self-Wringing Sponge Mop - Wet & Dry Floor Cleaning Tool,"Clean floors without bending or touching a dirty mop head - this long-handle sponge mop wrings itself out at the push of a lever. Extended long handle - reach floors and tight corners without bending High-absorbent sponge head - lifts water, dust, and stains quickly Self-wringing mechanism - releases water hands-free for a more hygienic clean Wet &amp; dry versatility - handles everyday spills and routine sweeping Great for kitchens, bathrooms, and hallways - a faster, cleaner way to mop daily.",https://nestfinds.com/products/long-handle-self-wringing-sponge-mop-wet-dry-floor-cleaning-tool,https://nestfinds.com/products/long-handle-self-wringing-sponge-mop-wet-dry-floor-cleaning-tool,https://cdn.shopify.com/s/files/1/0906/9972/6882/files/brush_1_0aaac051-39ba-4a2b-88b6-6fe0342fe62e.png?v=1788831299,"https://cdn.shopify.com/s/files/1/0906/9972/6882/files/brush_2_0045069f-be55-437d-83a6-8d3b0009e216.png?v=1788831302,https://cdn.shopify.com/s/files/1/0906/9972/6882/files/brush_5.png?v=1788831305,https://cdn.shopify.com/s/files/1/0906/9972/6882/files/brush_3_151e2b26-2a20-4c90-9b1b-6caf7dbbc648.png?v=1788831308,https://cdn.shopify.com/s/files/1/0906/9972/6882/files/brush_4.png?v=1788831311",54.99 USD,in stock,new,Nest Finds,Mops,2713,,
shopify_US_8635321417762_47338727374882,8635321417762,Long Handle Silicone Bottle Brush - Deep-Reach Bottle & Vase Cleaner,"Scrub the bottom of tall bottles and narrow vases without straining your wrist - this silicone bottle brush's long handle and flexible head reach every corner without scratching glass. Food-grade silicone bristles - scrub without scratching glass or scuffing surfaces Long handle - reaches the bottom of tall bottles, vases, and tumblers Comfortable grip - control pressure for delicate glassware Perfect for water bottles, baby bottles, vases, and thermoses - the one brush that replaces several odd-sized cleaning tools.",https://nestfinds.com/products/long-handle-silicone-bottle-brush-deep-reach-bottle-vase-cleaner,https://nestfinds.com/products/long-handle-silicone-bottle-brush-deep-reach-bottle-vase-cleaner,https://cdn.shopify.com/s/files/1/0906/9972/6882/files/2_ee45b6b1-daee-49db-9e66-b29147bccb77.png?v=1788849455,"https://cdn.shopify.com/s/files/1/0906/9972/6882/files/5_2d7fc53a-71f7-48c5-881d-a7328f424d2c.png?v=1788849458,https://cdn.shopify.com/s/files/1/0906/9972/6882/files/3_599a229a-3031-49f6-901b-8a496dcfa26d.png?v=1788849461,https://cdn.shopify.com/s/files/1/0906/9972/6882/files/4_0e75e879-db55-4a61-a1d2-07fff1bc0d8e.png?v=1788849464,https://cdn.shopify.com/s/files/1/0906/9972/6882/files/1_4032ae09-7a42-4bf9-8d51-6040661bc292.png?v=1788849467,https://cdn.shopify.com/s/files/1/0906/9972/6882/files/6_e732be4d-ea30-4e68-b4d3-f3932aaaa9fc.png?v=1788849470",9.95 USD,in stock,new,Nest Finds,Scrub Brushes,4670,,
shopify_US_8634670317602_47337755901986,8634670317602,"Magic Broom - Lightweight Multi-Surface Sweeping Broom for Hardwood, Tile & Laminate","Sweep dust, crumbs, and pet hair off any hard floor in one pass - this lightweight broom is built for fast daily cleanups across hardwood, tile, and laminate. High-quality bristles - effectively sweep dirt and debris from floors and corners Lightweight, ergonomic handle - reduces strain during everyday sweeping Fast pickup - collects dust, crumbs, and hair with minimal passes Compact storage - fits easily in closets, kitchens, or utility rooms Perfect for homes, apartments, kitchens, and offices - keep hard floors sweep-ready every day.",https://nestfinds.com/products/magic-broom-lightweight-multi-surface-sweeping-broom-for-hardwood-tile-laminate,https://nestfinds.com/products/magic-broom-lightweight-multi-surface-sweeping-broom-for-hardwood-tile-laminate,https://cdn.shopify.com/s/files/1/0906/9972/6882/files/2_23745bb6-0f34-4c9c-b1a0-84e50566217a.png?v=1788830786,"https://cdn.shopify.com/s/files/1/0906/9972/6882/files/4_92805df0-cb81-49dd-9457-576a6d511cb4.png?v=1788830789,https://cdn.shopify.com/s/files/1/0906/9972/6882/files/3_3fd787de-9c98-4b85-8e36-f5331ddc9f14.png?v=1788830792,https://cdn.shopify.com/s/files/1/0906/9972/6882/files/1_bd66e0f8-7344-4b07-91dd-0081076f7fa0.png?v=1788830794",19.99 USD,in stock,new,Nest Finds,Brooms,2857,,
shopify_US_8635322630178_47338729373730,8635322630178,Magic Hanger Storage Rack - Space-Saving Multi-Hanger Closet Organizer,"Consolidate a jumble of hangers into one compact rack that instantly frees up closet rod space. Multi-hanger consolidation - holds several hangers in one compact footprint Sturdy construction - supports a variety of garment weights Easy installation - hangs directly on your existing closet rod Available in White or Black Great for small closets, shared wardrobes, and seasonal clothing rotation - more hanging space without adding a single rod.",https://nestfinds.com/products/magic-hanger-storage-rack-space-saving-multi-hanger-closet-organizer?variant=47338729373730,https://nestfinds.com/products/magic-hanger-storage-rack-space-saving-multi-hanger-closet-organizer,https://cdn.shopify.com/s/files/1/0906/9972/6882/files/11_19e1a475-a0cd-41da-9023-ff608ce6fce9.png?v=1788849497,"https://cdn.shopify.com/s/files/1/0906/9972/6882/files/12_a8619d6d-124a-4896-b6c5-0061d970ebbf.png?v=1788849499,https://cdn.shopify.com/s/files/1/0906/9972/6882/files/14_e728c571-07b2-4491-acb6-53b955be8b20.png?v=1788849503,https://cdn.shopify.com/s/files/1/0906/9972/6882/files/13_2c212d81-5aff-433a-a5b8-8fefc1ce8ea5.png?v=1788849506,https://cdn.shopify.com/s/files/1/0906/9972/6882/files/15_72805f7c-75bf-4781-bbde-f16dbe9f9e6e.png?v=1788849508",12.99 USD,in stock,new,Nest Finds,Hangers,631,White,
shopify_US_8635322630178_47338729406498,8635322630178,Magic Hanger Storage Rack - Space-Saving Multi-Hanger Closet Organizer,"Consolidate a jumble of hangers into one compact rack that instantly frees up closet rod space. Multi-hanger consolidation - holds several hangers in one compact footprint Sturdy construction - supports a variety of garment weights Easy installation - hangs directly on your existing closet rod Available in White or Black Great for small closets, shared wardrobes, and seasonal clothing rotation - more hanging space without adding a single rod.",https://nestfinds.com/products/magic-hanger-storage-rack-space-saving-multi-hanger-closet-organizer?variant=47338729406498,https://nestfinds.com/products/magic-hanger-storage-rack-space-saving-multi-hanger-closet-organizer,https://cdn.shopify.com/s/files/1/0906/9972/6882/files/15_72805f7c-75bf-4781-bbde-f16dbe9f9e6e.png?v=1788849508,"https://cdn.shopify.com/s/files/1/0906/9972/6882/files/11_19e1a475-a0cd-41da-9023-ff608ce6fce9.png?v=1788849497,https://cdn.shopify.com/s/files/1/0906/9972/6882/files/12_a8619d6d-124a-4896-b6c5-0061d970ebbf.png?v=1788849499,https://cdn.shopify.com/s/files/1/0906/9972/6882/files/14_e728c571-07b2-4491-acb6-53b955be8b20.png?v=1788849503,https://cdn.shopify.com/s/files/1/0906/9972/6882/files/13_2c212d81-5aff-433a-a5b8-8fefc1ce8ea5.png?v=1788849506",12.99 USD,in stock,new,Nest Finds,Hangers,631,Black,
shopify_US_8634682015778_47337812820002,8634682015778,Magic Mop and Broom Combo with Scraper - 2-in-1 Sweep & Mop Tool,"Sweep and mop in one motion - this all-in-one combo tool switches between sweeping and mopping without swapping equipment, with a built-in scraper that keeps the mop surface clean between passes. 2-in-1 sweep and mop design - combines two cleaning steps into one tool Flexible head - reaches corners, edges, and tight spaces Built-in scraper - removes dust, hair, and debris from the mop surface Lightweight yet durable - works on tile, hardwood, and laminate floors Available in Style A or Style B A practical everyday tool for modern homes that want fewer cleaning tools cluttering the closet.",https://nestfinds.com/products/magic-mop-and-broom-combo-with-scraper-2-in-1-sweep-mop-tool?variant=47337812820002,https://nestfinds.com/products/magic-mop-and-broom-combo-with-scraper-2-in-1-sweep-mop-tool,https://cdn.shopify.com/s/files/1/0906/9972/6882/files/A_1_82258995-05bc-44c4-aece-8a203f4c0831.png?v=1788831208,"https://cdn.shopify.com/s/files/1/0906/9972/6882/files/A_5.png?v=1788831212,https://cdn.shopify.com/s/files/1/0906/9972/6882/files/A_6.png?v=1788831215,https://cdn.shopify.com/s/files/1/0906/9972/6882/files/A_2_202936dd-73de-4df7-b569-191ff8d0eb22.png?v=1788831217,https://cdn.shopify.com/s/files/1/0906/9972/6882/files/A_4.png?v=1788831222,https://cdn.shopify.com/s/files/1/0906/9972/6882/files/A_3_1b3bd23d-28c4-40bb-89c9-fd1f2e89148b.png?v=1788831225",24.99 USD,in stock,new,Nest Finds,Brooms,2857,,Style A
shopify_US_8634682015778_47337812852770,8634682015778,Magic Mop and Broom Combo with Scraper - 2-in-1 Sweep & Mop Tool,"Sweep and mop in one motion - this all-in-one combo tool switches between sweeping and mopping without swapping equipment, with a built-in scraper that keeps the mop surface clean between passes. 2-in-1 sweep and mop design - combines two cleaning steps into one tool Flexible head - reaches corners, edges, and tight spaces Built-in scraper - removes dust, hair, and debris from the mop surface Lightweight yet durable - works on tile, hardwood, and laminate floors Available in Style A or Style B A practical everyday tool for modern homes that want fewer cleaning tools cluttering the closet.",https://nestfinds.com/products/magic-mop-and-broom-combo-with-scraper-2-in-1-sweep-mop-tool?variant=47337812852770,https://nestfinds.com/products/magic-mop-and-broom-combo-with-scraper-2-in-1-sweep-mop-tool,https://cdn.shopify.com/s/files/1/0906/9972/6882/files/A_1_82258995-05bc-44c4-aece-8a203f4c0831.png?v=1788831208,"https://cdn.shopify.com/s/files/1/0906/9972/6882/files/A_5.png?v=1788831212,https://cdn.shopify.com/s/files/1/0906/9972/6882/files/A_6.png?v=1788831215,https://cdn.shopify.com/s/files/1/0906/9972/6882/files/A_2_202936dd-73de-4df7-b569-191ff8d0eb22.png?v=1788831217,https://cdn.shopify.com/s/files/1/0906/9972/6882/files/A_4.png?v=1788831222,https://cdn.shopify.com/s/files/1/0906/9972/6882/files/A_3_1b3bd23d-28c4-40bb-89c9-fd1f2e89148b.png?v=1788831225",24.99 USD,in stock,new,Nest Finds,Brooms,2857,,Style B
shopify_US_8635315322914_47338717806626,8635315322914,Magnetic Window Cleaner - Double-Sided Glass Cleaning Brush for Both Sides at Once,"Clean both sides of a window at the same time - strong magnets link an inside and outside pad so one pass cleans the whole pane, no ladder required. Strong dual magnets - secures both pads through the glass for simultaneous cleaning Ergonomic handle - comfortable control for streak-free wiping No ladder needed - clean upper-floor or hard-to-reach windows from inside Available in Red, Blue, or Light Blue Perfect for home windows, glass doors, and storefronts - professional-level streak-free results in half the time.",https://nestfinds.com/products/magnetic-window-cleaner-double-sided-glass-cleaning-brush-for-both-sides-at-once?variant=47338717806626,https://nestfinds.com/products/magnetic-window-cleaner-double-sided-glass-cleaning-brush-for-both-sides-at-once,https://cdn.shopify.com/s/files/1/0906/9972/6882/files/Sc4944b3467c7476cb3e32d17fb16264e2.jpg?v=1788849269,"https://cdn.shopify.com/s/files/1/0906/9972/6882/files/Sa72a4c98cb784d05a0764d2fa5c693f5x.jpg?v=1788849267,https://cdn.shopify.com/s/files/1/0906/9972/6882/files/S1859cae7f6ab43b38c245f661a41e626r.jpg?v=1788849272,https://cdn.shopify.com/s/files/1/0906/9972/6882/files/Sc3446dee4cdc4e6696a88bbed29972ec3.jpg?v=1788849275,https://cdn.shopify.com/s/files/1/0906/9972/6882/files/S0e047eee77f746e0ba6c665bcfa95e0e7.jpg?v=1788849278,https://cdn.shopify.com/s/files/1/0906/9972/6882/files/Sb45a8aa5cfef4f37877ce16f1881fc0f2.jpg?v=1788849280,https://cdn.shopify.com/s/files/1/0906/9972/6882/files/Sdf21be2a4e424233a0f5c05fcdef579cz.jpg?v=1788849283,https://cdn.shopify.com/s/files/1/0906/9972/6882/files/Sd91dffc09c7845f9bd30495f1fb802caD.jpg?v=1788849286,https://cdn.shopify.com/s/files/1/0906/9972/6882/files/S2cf97859ac37436ea8c3cfb8202c29736.jpg?v=1788849289",19.00 USD,in stock,new,Nest Finds,Glass Cleaners,543649,Red,
shopify_US_8635315322914_47338717839394,8635315322914,Magnetic Window Cleaner - Double-Sided Glass Cleaning Brush for Both Sides at Once,"Clean both sides of a window at the same time - strong magnets link an inside and outside pad so one pass cleans the whole pane, no ladder required. Strong dual magnets - secures both pads through the glass for simultaneous cleaning Ergonomic handle - comfortable control for streak-free wiping No ladder needed - clean upper-floor or hard-to-reach windows from inside Available in Red, Blue, or Light Blue Perfect for home windows, glass doors, and storefronts - professional-level streak-free results in half the time.",https://nestfinds.com/products/magnetic-window-cleaner-double-sided-glass-cleaning-brush-for-both-sides-at-once?variant=47338717839394,https://nestfinds.com/products/magnetic-window-cleaner-double-sided-glass-cleaning-brush-for-both-sides-at-once,https://cdn.shopify.com/s/files/1/0906/9972/6882/files/Sc3446dee4cdc4e6696a88bbed29972ec3.jpg?v=1788849275,"https://cdn.shopify.com/s/files/1/0906/9972/6882/files/Sa72a4c98cb784d05a0764d2fa5c693f5x.jpg?v=1788849267,https://cdn.shopify.com/s/files/1/0906/9972/6882/files/Sc4944b3467c7476cb3e32d17fb16264e2.jpg?v=1788849269,https://cdn.shopify.com/s/files/1/0906/9972/6882/files/S1859cae7f6ab43b38c245f661a41e626r.jpg?v=1788849272,https://cdn.shopify.com/s/files/1/0906/9972/6882/files/S0e047eee77f746e0ba6c665bcfa95e0e7.jpg?v=1788849278,https://cdn.shopify.com/s/files/1/0906/9972/6882/files/Sb45a8aa5cfef4f37877ce16f1881fc0f2.jpg?v=1788849280,https://cdn.shopify.com/s/files/1/0906/9972/6882/files/Sdf21be2a4e424233a0f5c05fcdef579cz.jpg?v=1788849283,https://cdn.shopify.com/s/files/1/0906/9972/6882/files/Sd91dffc09c7845f9bd30495f1fb802caD.jpg?v=1788849286,https://cdn.shopify.com/s/files/1/0906/9972/6882/files/S2cf97859ac37436ea8c3cfb8202c29736.jpg?v=1788849289",19.00 USD,in stock,new,Nest Finds,Glass Cleaners,543649,Blue,
shopify_US_8635315322914_47338717872162,8635315322914,Magnetic Window Cleaner - Double-Sided Glass Cleaning Brush for Both Sides at Once,"Clean both sides of a window at the same time - strong magnets link an inside and outside pad so one pass cleans the whole pane, no ladder required. Strong dual magnets - secures both pads through the glass for simultaneous cleaning Ergonomic handle - comfortable control for streak-free wiping No ladder needed - clean upper-floor or hard-to-reach windows from inside Available in Red, Blue, or Light Blue Perfect for home windows, glass doors, and storefronts - professional-level streak-free results in half the time.",https://nestfinds.com/products/magnetic-window-cleaner-double-sided-glass-cleaning-brush-for-both-sides-at-once?variant=47338717872162,https://nestfinds.com/products/magnetic-window-cleaner-double-sided-glass-cleaning-brush-for-both-sides-at-once,https://cdn.shopify.com/s/files/1/0906/9972/6882/files/Sb45a8aa5cfef4f37877ce16f1881fc0f2.jpg?v=1788849280,"https://cdn.shopify.com/s/files/1/0906/9972/6882/files/Sa72a4c98cb784d05a0764d2fa5c693f5x.jpg?v=1788849267,https://cdn.shopify.com/s/files/1/0906/9972/6882/files/Sc4944b3467c7476cb3e32d17fb16264e2.jpg?v=1788849269,https://cdn.shopify.com/s/files/1/0906/9972/6882/files/S1859cae7f6ab43b38c245f661a41e626r.jpg?v=1788849272,https://cdn.shopify.com/s/files/1/0906/9972/6882/files/Sc3446dee4cdc4e6696a88bbed29972ec3.jpg?v=1788849275,https://cdn.shopify.com/s/files/1/0906/9972/6882/files/S0e047eee77f746e0ba6c665bcfa95e0e7.jpg?v=1788849278,https://cdn.shopify.com/s/files/1/0906/9972/6882/files/Sdf21be2a4e424233a0f5c05fcdef579cz.jpg?v=1788849283,https://cdn.shopify.com/s/files/1/0906/9972/6882/files/Sd91dffc09c7845f9bd30495f1fb802caD.jpg?v=1788849286,https://cdn.shopify.com/s/files/1/0906/9972/6882/files/S2cf97859ac37436ea8c3cfb8202c29736.jpg?v=1788849289",19.00 USD,in stock,new,Nest Finds,Glass Cleaners,543649,Light Blue,
shopify_US_8634685423650_47337817964578,8634685423650,Magnetic Window Cleaner - Double-Sided Glass Cleaning Tool for Indoor & Outdoor,"Clean both sides of your window glass at once without stepping outside - this magnetic cleaner grips through the glass so one swipe cleans in and out together. Strong double-sided magnets - inner and outer pads move in sync Built-in water reservoir sponge - cleans longer between refills Safety tether cord - keeps the outer pad secured if magnets separate Fits windows of most thicknesses Ideal for second-story windows, glass doors, and shower glass where reaching the outside safely is a hassle.",https://nestfinds.com/products/magnetic-window-cleaner-double-sided-glass-cleaning-tool-for-indoor-outdoor,https://nestfinds.com/products/magnetic-window-cleaner-double-sided-glass-cleaning-tool-for-indoor-outdoor,https://cdn.shopify.com/s/files/1/0906/9972/6882/files/Sef20dd51340d4c38991eddf383e383f4y.jpg?v=1788831457,"https://cdn.shopify.com/s/files/1/0906/9972/6882/files/S9c102cb1a6c947339d45a9b0c83360eav.jpg?v=1788831461,https://cdn.shopify.com/s/files/1/0906/9972/6882/files/S556812e475b940209f66279ad4692d3f6.jpg?v=1788831466,https://cdn.shopify.com/s/files/1/0906/9972/6882/files/S0dac144d05b8403a93f65897ea9d5487S.jpg?v=1788831469,https://cdn.shopify.com/s/files/1/0906/9972/6882/files/Sa78cc870dab9472fbacfbdb618398984i.jpg?v=1788831472,https://cdn.shopify.com/s/files/1/0906/9972/6882/files/Sa6c6ef8c1903443ab8cda0752f7d53f0D.jpg?v=1788831474",39.95 USD,in stock,new,Nest Finds,Glass Cleaners,543649,,
shopify_US_8634680705058_47337808658466,8634680705058,Mattress Corner Lifter & Bed Sheet Organizer - Easy Sheet-Changing Tool,"Make bed-making effortless - this mattress corner lifter raises the mattress edge so you can tuck or pull sheets without bending, straining, or wrestling with a heavy mattress. Corner-lifting mechanism - raises the mattress edge for hands-free sheet changes Built-in storage compartments - keep spare linens or small items within reach Reduces bending and strain - helpful for limited mobility or back discomfort Available in Rose Gold or Green - a subtle accent on any bed frame Ideal for daily bed-making, hospital-style beds, and anyone who wants a faster, easier sheet-changing routine.",https://nestfinds.com/products/mattress-corner-lifter-bed-sheet-organizer-easy-sheet-changing-tool?variant=47337808658466,https://nestfinds.com/products/mattress-corner-lifter-bed-sheet-organizer-easy-sheet-changing-tool,https://cdn.shopify.com/s/files/1/0906/9972/6882/files/O1CN01bbPWnn1eOqZJ58PRh__2216608943862-0-cib.jpg?v=1788830963,"https://cdn.shopify.com/s/files/1/0906/9972/6882/files/O1CN01O5B9Zv1Bs33F9zoRn__0-0-cib.jpg?v=1788830961,https://cdn.shopify.com/s/files/1/0906/9972/6882/files/1_bcaf3838-d4f0-4937-bc0c-4ffd8987c07d.png?v=1788830967,https://cdn.shopify.com/s/files/1/0906/9972/6882/files/2_c0f0ae1e-9cce-4ab3-9f80-63f96c6ad6eb.png?v=1788830972",14.99 USD,in stock,new,Nest Finds,Mattress Pads,2991,Rose gold,
shopify_US_8634680705058_47337808691234,8634680705058,Mattress Corner Lifter & Bed Sheet Organizer - Easy Sheet-Changing Tool,"Make bed-making effortless - this mattress corner lifter raises the mattress edge so you can tuck or pull sheets without bending, straining, or wrestling with a heavy mattress. Corner-lifting mechanism - raises the mattress edge for hands-free sheet changes Built-in storage compartments - keep spare linens or small items within reach Reduces bending and strain - helpful for limited mobility or back discomfort Available in Rose Gold or Green - a subtle accent on any bed frame Ideal for daily bed-making, hospital-style beds, and anyone who wants a faster, easier sheet-changing routine.",https://nestfinds.com/products/mattress-corner-lifter-bed-sheet-organizer-easy-sheet-changing-tool?variant=47337808691234,https://nestfinds.com/products/mattress-corner-lifter-bed-sheet-organizer-easy-sheet-changing-tool,https://cdn.shopify.com/s/files/1/0906/9972/6882/files/O1CN01O5B9Zv1Bs33F9zoRn__0-0-cib.jpg?v=1788830961,"https://cdn.shopify.com/s/files/1/0906/9972/6882/files/O1CN01bbPWnn1eOqZJ58PRh__2216608943862-0-cib.jpg?v=1788830963,https://cdn.shopify.com/s/files/1/0906/9972/6882/files/1_bcaf3838-d4f0-4937-bc0c-4ffd8987c07d.png?v=1788830967,https://cdn.shopify.com/s/files/1/0906/9972/6882/files/2_c0f0ae1e-9cce-4ab3-9f80-63f96c6ad6eb.png?v=1788830972",14.99 USD,in stock,new,Nest Finds,Mattress Pads,2991,Green,
shopify_US_8634669400098_47337754951714,8634669400098,Mini Handheld Mop for Tight Spaces - Compact Corner & Baseboard Cleaner,"Get into the corners a full-size mop can't reach - this mini handheld mop is built for quick spot-cleaning on baseboards, tight corners, and small spills without dragging out the big mop. Compact handheld size - fits into corners and under low furniture standard mops skip Absorbent mop head - captures dust and moisture in one swipe Lightweight build - easy one-handed control for quick touch-ups Works on hardwood, tile, and laminate - safe for most hard flooring Perfect for apartments, small kitchens, bathrooms, and between-deep-clean touch-ups where a full-size mop is overkill.",https://nestfinds.com/products/mini-handheld-mop-for-tight-spaces-compact-corner-baseboard-cleaner,https://nestfinds.com/products/mini-handheld-mop-for-tight-spaces-compact-corner-baseboard-cleaner,https://cdn.shopify.com/s/files/1/0906/9972/6882/files/3_8de53fac-f130-4584-a299-fce48eae0896.png?v=1788830761,"https://cdn.shopify.com/s/files/1/0906/9972/6882/files/2_1fbb3010-90d6-40c2-a070-2691f3391380.png?v=1788830766,https://cdn.shopify.com/s/files/1/0906/9972/6882/files/1_928f8fb5-0537-40fe-b6c1-5584b870dc6f.png?v=1788830770,https://cdn.shopify.com/s/files/1/0906/9972/6882/files/4_5730edc6-fc37-43f2-9552-3f2d3608e087.png?v=1788830775",12.99 USD,in stock,new,Nest Finds,Mops,2713,,
shopify_US_8635314405410_47338714890274,8635314405410,Mini Kitchen Cleaning Brush - Detail Scrub Brush for Tight Corners & Crevices,"Reach the gaps a regular sponge can't - this compact detail brush scrubs tight corners, seams, and crevices clean without the elbow grease. Compact, precision design - fits into narrow corners and crevices Durable bristles - tackles stubborn stains and built-up grime Ergonomic handle - comfortable grip for extended scrubbing Versatile use - works on sinks, faucets, stovetops, and small appliances Ideal for kitchen sinks, stovetop seams, and appliance gaps - the detail tool your cleaning kit is missing.",https://nestfinds.com/products/mini-kitchen-cleaning-brush-detail-scrub-brush-for-tight-corners-crevices,https://nestfinds.com/products/mini-kitchen-cleaning-brush-detail-scrub-brush-for-tight-corners-crevices,https://cdn.shopify.com/s/files/1/0906/9972/6882/files/6_d4c59e34-5afe-4646-892f-eadf0d986495.png?v=1788849245,"https://cdn.shopify.com/s/files/1/0906/9972/6882/files/7_219617e0-221a-4bb8-b30f-fc85a20cffc1.png?v=1788849248,https://cdn.shopify.com/s/files/1/0906/9972/6882/files/8_64d98943-cd91-4ea1-a45b-3bfc00b4665f.png?v=1788849251",14.94 USD,in stock,new,Nest Finds,Scrub Brushes,4670,,
shopify_US_8634682736674_47337814229026,8634682736674,Mini Self-Wringing Sponge Mop - Compact Spill Cleaner for Sinks & Counters,"Handle small spills fast with this portable mini mop that wrings itself out with a simple hand press - no manual squeezing needed. Compact, portable size - ideal for sinks, tables, mirrors, and counters Fast water absorption - captures spills and moisture in seconds Hand-press wringing - releases water hygienically, no hand contact Available as 1-piece or 2-piece sets - keep one in the kitchen and one in the bathroom A practical everyday tool for quick cleanups around sinks, countertops, and small spills.",https://nestfinds.com/products/mini-self-wringing-sponge-mop-compact-spill-cleaner-for-sinks-counters?variant=47337814229026,https://nestfinds.com/products/mini-self-wringing-sponge-mop-compact-spill-cleaner-for-sinks-counters,https://cdn.shopify.com/s/files/1/0906/9972/6882/files/A_2_b5c021df-105c-47d3-a0a2-6a077f7a9bb3.png?v=1788831322,"https://cdn.shopify.com/s/files/1/0906/9972/6882/files/A_3_1cdfe5f8-30b0-4b36-addd-83b5570cfca3.png?v=1788831325,https://cdn.shopify.com/s/files/1/0906/9972/6882/files/A_1_e5315a3d-da90-49af-91ea-1449ac049b51.png?v=1788831328,https://cdn.shopify.com/s/files/1/0906/9972/6882/files/MINI_MOP_1.png?v=1788831331,https://cdn.shopify.com/s/files/1/0906/9972/6882/files/MINI_MOP_2.png?v=1788831334",18.99 USD,in stock,new,Nest Finds,Mops,2713,,1 PCS
shopify_US_8634682736674_47337814261794,8634682736674,Mini Self-Wringing Sponge Mop - Compact Spill Cleaner for Sinks & Counters,"Handle small spills fast with this portable mini mop that wrings itself out with a simple hand press - no manual squeezing needed. Compact, portable size - ideal for sinks, tables, mirrors, and counters Fast water absorption - captures spills and moisture in seconds Hand-press wringing - releases water hygienically, no hand contact Available as 1-piece or 2-piece sets - keep one in the kitchen and one in the bathroom A practical everyday tool for quick cleanups around sinks, countertops, and small spills.",https://nestfinds.com/products/mini-self-wringing-sponge-mop-compact-spill-cleaner-for-sinks-counters?variant=47337814261794,https://nestfinds.com/products/mini-self-wringing-sponge-mop-compact-spill-cleaner-for-sinks-counters,https://cdn.shopify.com/s/files/1/0906/9972/6882/files/A_2_b5c021df-105c-47d3-a0a2-6a077f7a9bb3.png?v=1788831322,"https://cdn.shopify.com/s/files/1/0906/9972/6882/files/A_3_1cdfe5f8-30b0-4b36-addd-83b5570cfca3.png?v=1788831325,https://cdn.shopify.com/s/files/1/0906/9972/6882/files/A_1_e5315a3d-da90-49af-91ea-1449ac049b51.png?v=1788831328,https://cdn.shopify.com/s/files/1/0906/9972/6882/files/MINI_MOP_1.png?v=1788831331,https://cdn.shopify.com/s/files/1/0906/9972/6882/files/MINI_MOP_2.png?v=1788831334",26.99 USD,in stock,new,Nest Finds,Mops,2713,,2 PCS
shopify_US_8635328299042_47338737172514,8635328299042,Motorized Rotating Cleaning Brush - Multifunctional Power Scrub Tool,"Let the motor do the scrubbing - this rotating cleaning brush spins to lift grime from tile, upholstery, and more, cutting manual scrubbing time way down. Motorized rotating head - delivers consistent scrubbing power automatically Multi-surface versatility - adapts to tile, grout, upholstery, and more Ergonomic grip - comfortable control during extended cleaning sessions Available in White or Beige Great for bathrooms, kitchens, and upholstery - a power-assist scrub brush for anyone who wants faster, easier cleaning.",https://nestfinds.com/products/motorized-rotating-cleaning-brush-multifunctional-power-scrub-tool?variant=47338737172514,https://nestfinds.com/products/motorized-rotating-cleaning-brush-multifunctional-power-scrub-tool,https://cdn.shopify.com/s/files/1/0906/9972/6882/files/3_335ce01b-7f5f-446f-826f-53e84510438f.png?v=1788849693,"https://cdn.shopify.com/s/files/1/0906/9972/6882/files/6_c01a3b3b-342a-43cf-bdd5-0093607c5680.png?v=1788849685,https://cdn.shopify.com/s/files/1/0906/9972/6882/files/5_c9025146-3860-4333-b463-40569b163d66.png?v=1788849688,https://cdn.shopify.com/s/files/1/0906/9972/6882/files/7_d7279d8c-06d5-46c8-ace8-0fb4a428d500.png?v=1788849691,https://cdn.shopify.com/s/files/1/0906/9972/6882/files/4_2e78ccb2-b6aa-410f-b32f-4a4ca478ccb4.png?v=1788849696",12.99 USD,in stock,new,Nest Finds,Scrub Brushes,4670,White,
shopify_US_8635328299042_47338737205282,8635328299042,Motorized Rotating Cleaning Brush - Multifunctional Power Scrub Tool,"Let the motor do the scrubbing - this rotating cleaning brush spins to lift grime from tile, upholstery, and more, cutting manual scrubbing time way down. Motorized rotating head - delivers consistent scrubbing power automatically Multi-surface versatility - adapts to tile, grout, upholstery, and more Ergonomic grip - comfortable control during extended cleaning sessions Available in White or Beige Great for bathrooms, kitchens, and upholstery - a power-assist scrub brush for anyone who wants faster, easier cleaning.",https://nestfinds.com/products/motorized-rotating-cleaning-brush-multifunctional-power-scrub-tool?variant=47338737205282,https://nestfinds.com/products/motorized-rotating-cleaning-brush-multifunctional-power-scrub-tool,https://cdn.shopify.com/s/files/1/0906/9972/6882/files/4_2e78ccb2-b6aa-410f-b32f-4a4ca478ccb4.png?v=1788849696,"https://cdn.shopify.com/s/files/1/0906/9972/6882/files/6_c01a3b3b-342a-43cf-bdd5-0093607c5680.png?v=1788849685,https://cdn.shopify.com/s/files/1/0906/9972/6882/files/5_c9025146-3860-4333-b463-40569b163d66.png?v=1788849688,https://cdn.shopify.com/s/files/1/0906/9972/6882/files/7_d7279d8c-06d5-46c8-ace8-0fb4a428d500.png?v=1788849691,https://cdn.shopify.com/s/files/1/0906/9972/6882/files/3_335ce01b-7f5f-446f-826f-53e84510438f.png?v=1788849693",12.99 USD,in stock,new,Nest Finds,Scrub Brushes,4670,Beige,
shopify_US_8634639843362_47337711075362,8634639843362,Multi-Functional Pants Hanger Rack - Space-Saving Closet Organizer for Trousers & Scarves,"Stop digging through a tangled pile of pants - this multi-bar pants rack hangs multiple trousers, scarves, or towels side by side without wrinkling, freeing up serious closet space. Multi-bar swing design - hangs several pairs of pants wrinkle-free in one spot Sturdy build - supports everyday use without bending or sagging Available in White or Black , in 1, 2, or 4-piece sets Space-saving footprint - fits standard closet rods and rails Great for closets, laundry rooms, or bathrooms doubling as a towel rack - keep trousers, scarves, and linens organized and ready to grab.",https://nestfinds.com/products/multi-functional-pants-hanger-rack-space-saving-closet-organizer-for-trousers-scarves?variant=47337711075362,https://nestfinds.com/products/multi-functional-pants-hanger-rack-space-saving-closet-organizer-for-trousers-scarves,https://cdn.shopify.com/s/files/1/0906/9972/6882/files/image_6c1c1c53-41ff-476c-819b-e63b3f25161f.jpg?v=1788829866,"https://cdn.shopify.com/s/files/1/0906/9972/6882/files/image_beb0cddb-323f-4f55-b2fe-d9a5babc6d0c.jpg?v=1788829856,https://cdn.shopify.com/s/files/1/0906/9972/6882/files/image_43d09818-6c28-4b2f-ba5e-396b5fe44bfc.jpg?v=1788829858,https://cdn.shopify.com/s/files/1/0906/9972/6882/files/image_b2647d29-5413-4d23-95ad-b4fc5ced8078.jpg?v=1788829861,https://cdn.shopify.com/s/files/1/0906/9972/6882/files/image_f6c18c7e-9258-4d9c-b737-e1940edfb1cf.jpg?v=1788829863,https://cdn.shopify.com/s/files/1/0906/9972/6882/files/image_051f03b9-de7a-47bb-a3c6-c8531613e4d7.jpg?v=1788829868,https://cdn.shopify.com/s/files/1/0906/9972/6882/files/image_fb6278c8-4b56-4afb-bb22-d527b4aa983d.jpg?v=1788829870,https://cdn.shopify.com/s/files/1/0906/9972/6882/files/image.gif?v=1788829873,https://cdn.shopify.com/s/files/1/0906/9972/6882/files/image_36927e37-c8d2-4505-ac9e-7612353a6c41.jpg?v=1788829875",14.98 USD,in stock,new,Nest Finds,Towel Racks & Holders,586,White,
shopify_US_8634639843362_47337711108130,8634639843362,Multi-Functional Pants Hanger Rack - Space-Saving Closet Organizer for Trousers & Scarves,"Stop digging through a tangled pile of pants - this multi-bar pants rack hangs multiple trousers, scarves, or towels side by side without wrinkling, freeing up serious closet space. Multi-bar swing design - hangs several pairs of pants wrinkle-free in one spot Sturdy build - supports everyday use without bending or sagging Available in White or Black , in 1, 2, or 4-piece sets Space-saving footprint - fits standard closet rods and rails Great for closets, laundry rooms, or bathrooms doubling as a towel rack - keep trousers, scarves, and linens organized and ready to grab.",https://nestfinds.com/products/multi-functional-pants-hanger-rack-space-saving-closet-organizer-for-trousers-scarves?variant=47337711108130,https://nestfinds.com/products/multi-functional-pants-hanger-rack-space-saving-closet-organizer-for-trousers-scarves,https://cdn.shopify.com/s/files/1/0906/9972/6882/files/image_6c1c1c53-41ff-476c-819b-e63b3f25161f.jpg?v=1788829866,"https://cdn.shopify.com/s/files/1/0906/9972/6882/files/image_beb0cddb-323f-4f55-b2fe-d9a5babc6d0c.jpg?v=1788829856,https://cdn.shopify.com/s/files/1/0906/9972/6882/files/image_43d09818-6c28-4b2f-ba5e-396b5fe44bfc.jpg?v=1788829858,https://cdn.shopify.com/s/files/1/0906/9972/6882/files/image_b2647d29-5413-4d23-95ad-b4fc5ced8078.jpg?v=1788829861,https://cdn.shopify.com/s/files/1/0906/9972/6882/files/image_f6c18c7e-9258-4d9c-b737-e1940edfb1cf.jpg?v=1788829863,https://cdn.shopify.com/s/files/1/0906/9972/6882/files/image_051f03b9-de7a-47bb-a3c6-c8531613e4d7.jpg?v=1788829868,https://cdn.shopify.com/s/files/1/0906/9972/6882/files/image_fb6278c8-4b56-4afb-bb22-d527b4aa983d.jpg?v=1788829870,https://cdn.shopify.com/s/files/1/0906/9972/6882/files/image.gif?v=1788829873,https://cdn.shopify.com/s/files/1/0906/9972/6882/files/image_36927e37-c8d2-4505-ac9e-7612353a6c41.jpg?v=1788829875",21.98 USD,in stock,new,Nest Finds,Towel Racks & Holders,586,White,
shopify_US_8634639843362_47337711140898,8634639843362,Multi-Functional Pants Hanger Rack - Space-Saving Closet Organizer for Trousers & Scarves,"Stop digging through a tangled pile of pants - this multi-bar pants rack hangs multiple trousers, scarves, or towels side by side without wrinkling, freeing up serious closet space. Multi-bar swing design - hangs several pairs of pants wrinkle-free in one spot Sturdy build - supports everyday use without bending or sagging Available in White or Black , in 1, 2, or 4-piece sets Space-saving footprint - fits standard closet rods and rails Great for closets, laundry rooms, or bathrooms doubling as a towel rack - keep trousers, scarves, and linens organized and ready to grab.",https://nestfinds.com/products/multi-functional-pants-hanger-rack-space-saving-closet-organizer-for-trousers-scarves?variant=47337711140898,https://nestfinds.com/products/multi-functional-pants-hanger-rack-space-saving-closet-organizer-for-trousers-scarves,https://cdn.shopify.com/s/files/1/0906/9972/6882/files/image_6c1c1c53-41ff-476c-819b-e63b3f25161f.jpg?v=1788829866,"https://cdn.shopify.com/s/files/1/0906/9972/6882/files/image_beb0cddb-323f-4f55-b2fe-d9a5babc6d0c.jpg?v=1788829856,https://cdn.shopify.com/s/files/1/0906/9972/6882/files/image_43d09818-6c28-4b2f-ba5e-396b5fe44bfc.jpg?v=1788829858,https://cdn.shopify.com/s/files/1/0906/9972/6882/files/image_b2647d29-5413-4d23-95ad-b4fc5ced8078.jpg?v=1788829861,https://cdn.shopify.com/s/files/1/0906/9972/6882/files/image_f6c18c7e-9258-4d9c-b737-e1940edfb1cf.jpg?v=1788829863,https://cdn.shopify.com/s/files/1/0906/9972/6882/files/image_051f03b9-de7a-47bb-a3c6-c8531613e4d7.jpg?v=1788829868,https://cdn.shopify.com/s/files/1/0906/9972/6882/files/image_fb6278c8-4b56-4afb-bb22-d527b4aa983d.jpg?v=1788829870,https://cdn.shopify.com/s/files/1/0906/9972/6882/files/image.gif?v=1788829873,https://cdn.shopify.com/s/files/1/0906/9972/6882/files/image_36927e37-c8d2-4505-ac9e-7612353a6c41.jpg?v=1788829875",29.98 USD,in stock,new,Nest Finds,Towel Racks & Holders,586,White,
shopify_US_8634639843362_47337711173666,8634639843362,Multi-Functional Pants Hanger Rack - Space-Saving Closet Organizer for Trousers & Scarves,"Stop digging through a tangled pile of pants - this multi-bar pants rack hangs multiple trousers, scarves, or towels side by side without wrinkling, freeing up serious closet space. Multi-bar swing design - hangs several pairs of pants wrinkle-free in one spot Sturdy build - supports everyday use without bending or sagging Available in White or Black , in 1, 2, or 4-piece sets Space-saving footprint - fits standard closet rods and rails Great for closets, laundry rooms, or bathrooms doubling as a towel rack - keep trousers, scarves, and linens organized and ready to grab.",https://nestfinds.com/products/multi-functional-pants-hanger-rack-space-saving-closet-organizer-for-trousers-scarves?variant=47337711173666,https://nestfinds.com/products/multi-functional-pants-hanger-rack-space-saving-closet-organizer-for-trousers-scarves,https://cdn.shopify.com/s/files/1/0906/9972/6882/files/image_051f03b9-de7a-47bb-a3c6-c8531613e4d7.jpg?v=1788829868,"https://cdn.shopify.com/s/files/1/0906/9972/6882/files/image_beb0cddb-323f-4f55-b2fe-d9a5babc6d0c.jpg?v=1788829856,https://cdn.shopify.com/s/files/1/0906/9972/6882/files/image_43d09818-6c28-4b2f-ba5e-396b5fe44bfc.jpg?v=1788829858,https://cdn.shopify.com/s/files/1/0906/9972/6882/files/image_b2647d29-5413-4d23-95ad-b4fc5ced8078.jpg?v=1788829861,https://cdn.shopify.com/s/files/1/0906/9972/6882/files/image_f6c18c7e-9258-4d9c-b737-e1940edfb1cf.jpg?v=1788829863,https://cdn.shopify.com/s/files/1/0906/9972/6882/files/image_6c1c1c53-41ff-476c-819b-e63b3f25161f.jpg?v=1788829866,https://cdn.shopify.com/s/files/1/0906/9972/6882/files/image_fb6278c8-4b56-4afb-bb22-d527b4aa983d.jpg?v=1788829870,https://cdn.shopify.com/s/files/1/0906/9972/6882/files/image.gif?v=1788829873,https://cdn.shopify.com/s/files/1/0906/9972/6882/files/image_36927e37-c8d2-4505-ac9e-7612353a6c41.jpg?v=1788829875",14.98 USD,in stock,new,Nest Finds,Towel Racks & Holders,586,Black,
shopify_US_8634639843362_47337711206434,8634639843362,Multi-Functional Pants Hanger Rack - Space-Saving Closet Organizer for Trousers & Scarves,"Stop digging through a tangled pile of pants - this multi-bar pants rack hangs multiple trousers, scarves, or towels side by side without wrinkling, freeing up serious closet space. Multi-bar swing design - hangs several pairs of pants wrinkle-free in one spot Sturdy build - supports everyday use without bending or sagging Available in White or Black , in 1, 2, or 4-piece sets Space-saving footprint - fits standard closet rods and rails Great for closets, laundry rooms, or bathrooms doubling as a towel rack - keep trousers, scarves, and linens organized and ready to grab.",https://nestfinds.com/products/multi-functional-pants-hanger-rack-space-saving-closet-organizer-for-trousers-scarves?variant=47337711206434,https://nestfinds.com/products/multi-functional-pants-hanger-rack-space-saving-closet-organizer-for-trousers-scarves,https://cdn.shopify.com/s/files/1/0906/9972/6882/files/image_051f03b9-de7a-47bb-a3c6-c8531613e4d7.jpg?v=1788829868,"https://cdn.shopify.com/s/files/1/0906/9972/6882/files/image_beb0cddb-323f-4f55-b2fe-d9a5babc6d0c.jpg?v=1788829856,https://cdn.shopify.com/s/files/1/0906/9972/6882/files/image_43d09818-6c28-4b2f-ba5e-396b5fe44bfc.jpg?v=1788829858,https://cdn.shopify.com/s/files/1/0906/9972/6882/files/image_b2647d29-5413-4d23-95ad-b4fc5ced8078.jpg?v=1788829861,https://cdn.shopify.com/s/files/1/0906/9972/6882/files/image_f6c18c7e-9258-4d9c-b737-e1940edfb1cf.jpg?v=1788829863,https://cdn.shopify.com/s/files/1/0906/9972/6882/files/image_6c1c1c53-41ff-476c-819b-e63b3f25161f.jpg?v=1788829866,https://cdn.shopify.com/s/files/1/0906/9972/6882/files/image_fb6278c8-4b56-4afb-bb22-d527b4aa983d.jpg?v=1788829870,https://cdn.shopify.com/s/files/1/0906/9972/6882/files/image.gif?v=1788829873,https://cdn.shopify.com/s/files/1/0906/9972/6882/files/image_36927e37-c8d2-4505-ac9e-7612353a6c41.jpg?v=1788829875",21.98 USD,in stock,new,Nest Finds,Towel Racks & Holders,586,Black,
shopify_US_8634639843362_47337711239202,8634639843362,Multi-Functional Pants Hanger Rack - Space-Saving Closet Organizer for Trousers & Scarves,"Stop digging through a tangled pile of pants - this multi-bar pants rack hangs multiple trousers, scarves, or towels side by side without wrinkling, freeing up serious closet space. Multi-bar swing design - hangs several pairs of pants wrinkle-free in one spot Sturdy build - supports everyday use without bending or sagging Available in White or Black , in 1, 2, or 4-piece sets Space-saving footprint - fits standard closet rods and rails Great for closets, laundry rooms, or bathrooms doubling as a towel rack - keep trousers, scarves, and linens organized and ready to grab.",https://nestfinds.com/products/multi-functional-pants-hanger-rack-space-saving-closet-organizer-for-trousers-scarves?variant=47337711239202,https://nestfinds.com/products/multi-functional-pants-hanger-rack-space-saving-closet-organizer-for-trousers-scarves,https://cdn.shopify.com/s/files/1/0906/9972/6882/files/image_051f03b9-de7a-47bb-a3c6-c8531613e4d7.jpg?v=1788829868,"https://cdn.shopify.com/s/files/1/0906/9972/6882/files/image_beb0cddb-323f-4f55-b2fe-d9a5babc6d0c.jpg?v=1788829856,https://cdn.shopify.com/s/files/1/0906/9972/6882/files/image_43d09818-6c28-4b2f-ba5e-396b5fe44bfc.jpg?v=1788829858,https://cdn.shopify.com/s/files/1/0906/9972/6882/files/image_b2647d29-5413-4d23-95ad-b4fc5ced8078.jpg?v=1788829861,https://cdn.shopify.com/s/files/1/0906/9972/6882/files/image_f6c18c7e-9258-4d9c-b737-e1940edfb1cf.jpg?v=1788829863,https://cdn.shopify.com/s/files/1/0906/9972/6882/files/image_6c1c1c53-41ff-476c-819b-e63b3f25161f.jpg?v=1788829866,https://cdn.shopify.com/s/files/1/0906/9972/6882/files/image_fb6278c8-4b56-4afb-bb22-d527b4aa983d.jpg?v=1788829870,https://cdn.shopify.com/s/files/1/0906/9972/6882/files/image.gif?v=1788829873,https://cdn.shopify.com/s/files/1/0906/9972/6882/files/image_36927e37-c8d2-4505-ac9e-7612353a6c41.jpg?v=1788829875",29.98 USD,in stock,new,Nest Finds,Towel Racks & Holders,586,Black,
shopify_US_8634671693858_47337757966370,8634671693858,Multi-Layer Hanger Hook Rack - Space-Saving Closet Storage for Multiple Garments,"Hang more in less space - this multi-tier hook rack lets you layer several garments, bags, or accessories on one hanger instead of hogging multiple slots on your closet rod. Multi-tiered hook structure - hang several items stacked on a single hanger point Durable hooks - support everyday garments and bags without bending Space-saving design - frees up closet rod space for other clothing Available in Black or Gray - matches most closet hardware and decor Great for small closets, dorm rooms, and entryways - keep scarves, bags, and layered outfits organized in one spot.",https://nestfinds.com/products/multi-layer-hanger-hook-rack-space-saving-closet-storage-for-multiple-garments?variant=47337757966370,https://nestfinds.com/products/multi-layer-hanger-hook-rack-space-saving-closet-storage-for-multiple-garments,https://cdn.shopify.com/s/files/1/0906/9972/6882/files/2_11d82bf6-712b-4aca-a479-0b1fd108f0a2.png?v=1788830832,"https://cdn.shopify.com/s/files/1/0906/9972/6882/files/3_5e811ebc-3eb7-49a8-b81f-30d10440bffc.png?v=1788830817,https://cdn.shopify.com/s/files/1/0906/9972/6882/files/5_d8f74f52-b597-4d72-a4ea-e695b5f6e1b5.png?v=1788830821,https://cdn.shopify.com/s/files/1/0906/9972/6882/files/4_d90ad511-4f9d-4d91-96fd-07e38d61b0c7.png?v=1788830824,https://cdn.shopify.com/s/files/1/0906/9972/6882/files/6_fbfc99de-c44b-4587-9df5-4723b78f666f.png?v=1788830828,https://cdn.shopify.com/s/files/1/0906/9972/6882/files/1_b8435019-8714-4d69-abde-1a3699913c50.png?v=1788830835",24.99 USD,in stock,new,Nest Finds,Closet Organizers,5714,Black,
shopify_US_8634671693858_47337757999138,8634671693858,Multi-Layer Hanger Hook Rack - Space-Saving Closet Storage for Multiple Garments,"Hang more in less space - this multi-tier hook rack lets you layer several garments, bags, or accessories on one hanger instead of hogging multiple slots on your closet rod. Multi-tiered hook structure - hang several items stacked on a single hanger point Durable hooks - support everyday garments and bags without bending Space-saving design - frees up closet rod space for other clothing Available in Black or Gray - matches most closet hardware and decor Great for small closets, dorm rooms, and entryways - keep scarves, bags, and layered outfits organized in one spot.",https://nestfinds.com/products/multi-layer-hanger-hook-rack-space-saving-closet-storage-for-multiple-garments?variant=47337757999138,https://nestfinds.com/products/multi-layer-hanger-hook-rack-space-saving-closet-storage-for-multiple-garments,https://cdn.shopify.com/s/files/1/0906/9972/6882/files/1_b8435019-8714-4d69-abde-1a3699913c50.png?v=1788830835,"https://cdn.shopify.com/s/files/1/0906/9972/6882/files/3_5e811ebc-3eb7-49a8-b81f-30d10440bffc.png?v=1788830817,https://cdn.shopify.com/s/files/1/0906/9972/6882/files/5_d8f74f52-b597-4d72-a4ea-e695b5f6e1b5.png?v=1788830821,https://cdn.shopify.com/s/files/1/0906/9972/6882/files/4_d90ad511-4f9d-4d91-96fd-07e38d61b0c7.png?v=1788830824,https://cdn.shopify.com/s/files/1/0906/9972/6882/files/6_fbfc99de-c44b-4587-9df5-4723b78f666f.png?v=1788830828,https://cdn.shopify.com/s/files/1/0906/9972/6882/files/2_11d82bf6-712b-4aca-a479-0b1fd108f0a2.png?v=1788830832",24.99 USD,in stock,new,Nest Finds,Closet Organizers,5714,Gray,
shopify_US_8635323514914_47338730324002,8635323514914,Multi-Layer Rolling Storage Trolley - Mobile Kitchen & Bathroom Organizer Rack,"Move your storage wherever you need it - this multi-tier trolley rolls between kitchen, bathroom, or laundry room, keeping supplies organized across several sturdy shelves. Multiple storage tiers - separates and organizes items by shelf Mobile, rolling design - relocate it instantly between rooms Sturdy construction - supports everyday kitchen and bathroom items Available in Black or White Ideal for small kitchens, bathrooms, laundry rooms, or anywhere extra mobile storage is needed.",https://nestfinds.com/products/multi-layer-rolling-storage-trolley-mobile-kitchen-bathroom-organizer-rack?variant=47338730324002,https://nestfinds.com/products/multi-layer-rolling-storage-trolley-mobile-kitchen-bathroom-organizer-rack,https://cdn.shopify.com/s/files/1/0906/9972/6882/files/O1CN01uVV0hu1Lbh4fao9Wb__2219702031318-0-cib.jpg?v=1788849524,"https://cdn.shopify.com/s/files/1/0906/9972/6882/files/2_2c8dfa03-43b7-40c5-b8cf-c7eed15ab9af.png?v=1788849527,https://cdn.shopify.com/s/files/1/0906/9972/6882/files/1_79e08fab-fd33-4986-9180-4c2fa8098b5b.png?v=1788849530",69.00 USD,in stock,new,Nest Finds,Household Storage Caddies,6986,Black,
shopify_US_8635323514914_47338730356770,8635323514914,Multi-Layer Rolling Storage Trolley - Mobile Kitchen & Bathroom Organizer Rack,"Move your storage wherever you need it - this multi-tier trolley rolls between kitchen, bathroom, or laundry room, keeping supplies organized across several sturdy shelves. Multiple storage tiers - separates and organizes items by shelf Mobile, rolling design - relocate it instantly between rooms Sturdy construction - supports everyday kitchen and bathroom items Available in Black or White Ideal for small kitchens, bathrooms, laundry rooms, or anywhere extra mobile storage is needed.",https://nestfinds.com/products/multi-layer-rolling-storage-trolley-mobile-kitchen-bathroom-organizer-rack?variant=47338730356770,https://nestfinds.com/products/multi-layer-rolling-storage-trolley-mobile-kitchen-bathroom-organizer-rack,https://cdn.shopify.com/s/files/1/0906/9972/6882/files/2_2c8dfa03-43b7-40c5-b8cf-c7eed15ab9af.png?v=1788849527,"https://cdn.shopify.com/s/files/1/0906/9972/6882/files/O1CN01uVV0hu1Lbh4fao9Wb__2219702031318-0-cib.jpg?v=1788849524,https://cdn.shopify.com/s/files/1/0906/9972/6882/files/1_79e08fab-fd33-4986-9180-4c2fa8098b5b.png?v=1788849530",69.00 USD,in stock,new,Nest Finds,Household Storage Caddies,6986,White,
shopify_US_8635318730786_47338721968162,8635318730786,Narrow Gap Storage Cabinet - Slim Rolling Multi-Layer Drawer Organizer,"Turn the dead space beside your fridge or washer into real storage - this narrow gap cabinet slides into tight spots and stacks multiple drawers for organized, accessible storage. Slim profile - fits narrow gaps between appliances, cabinets, or furniture 3, 4, or 5-layer options - choose the storage depth you need Multi-layer drawers - keep items sorted and easy to identify Durable build - supports daily use without sagging Ideal for kitchens, bathrooms, and laundry rooms - claim unused gap space next to the fridge, stove, or washing machine.",https://nestfinds.com/products/narrow-gap-storage-cabinet-slim-rolling-multi-layer-drawer-organizer?variant=47338721968162,https://nestfinds.com/products/narrow-gap-storage-cabinet-slim-rolling-multi-layer-drawer-organizer,https://cdn.shopify.com/s/files/1/0906/9972/6882/files/5_cbdb13e0-2457-4371-b32c-46a3002f9130.png?v=1788849387,"https://cdn.shopify.com/s/files/1/0906/9972/6882/files/6_8385b556-2f35-40b3-be5c-40b26dae59e9.png?v=1788849390,https://cdn.shopify.com/s/files/1/0906/9972/6882/files/7_0940ca3f-30fe-4d47-bf53-569e5b6a7c4c.png?v=1788849393,https://cdn.shopify.com/s/files/1/0906/9972/6882/files/8_07595269-6513-4761-a530-11adcf1b711a.png?v=1788849396,https://cdn.shopify.com/s/files/1/0906/9972/6882/files/9_d3c430c9-0897-495e-9ae2-16fa7f477835.png?v=1788849399,https://cdn.shopify.com/s/files/1/0906/9972/6882/files/1_94c3358a-23d3-4d9b-9e85-3f775de81f6c.png?v=1788849403,https://cdn.shopify.com/s/files/1/0906/9972/6882/files/3_2a140e65-9b4e-4164-b583-0b33fc104e23.png?v=1788849406,https://cdn.shopify.com/s/files/1/0906/9972/6882/files/4_f7d72a09-e316-497b-9ac9-e581256cf2c1.png?v=1788849409,https://cdn.shopify.com/s/files/1/0906/9972/6882/files/2_5307b51b-6a6c-4d60-b4e9-5f1b15658dc3.png?v=1788849411",79.00 USD,in stock,new,Nest Finds,Household Storage Caddies,6986,,3 Layers Small
shopify_US_8635318730786_47338722000930,8635318730786,Narrow Gap Storage Cabinet - Slim Rolling Multi-Layer Drawer Organizer,"Turn the dead space beside your fridge or washer into real storage - this narrow gap cabinet slides into tight spots and stacks multiple drawers for organized, accessible storage. Slim profile - fits narrow gaps between appliances, cabinets, or furniture 3, 4, or 5-layer options - choose the storage depth you need Multi-layer drawers - keep items sorted and easy to identify Durable build - supports daily use without sagging Ideal for kitchens, bathrooms, and laundry rooms - claim unused gap space next to the fridge, stove, or washing machine.",https://nestfinds.com/products/narrow-gap-storage-cabinet-slim-rolling-multi-layer-drawer-organizer?variant=47338722000930,https://nestfinds.com/products/narrow-gap-storage-cabinet-slim-rolling-multi-layer-drawer-organizer,https://cdn.shopify.com/s/files/1/0906/9972/6882/files/5_cbdb13e0-2457-4371-b32c-46a3002f9130.png?v=1788849387,"https://cdn.shopify.com/s/files/1/0906/9972/6882/files/6_8385b556-2f35-40b3-be5c-40b26dae59e9.png?v=1788849390,https://cdn.shopify.com/s/files/1/0906/9972/6882/files/7_0940ca3f-30fe-4d47-bf53-569e5b6a7c4c.png?v=1788849393,https://cdn.shopify.com/s/files/1/0906/9972/6882/files/8_07595269-6513-4761-a530-11adcf1b711a.png?v=1788849396,https://cdn.shopify.com/s/files/1/0906/9972/6882/files/9_d3c430c9-0897-495e-9ae2-16fa7f477835.png?v=1788849399,https://cdn.shopify.com/s/files/1/0906/9972/6882/files/1_94c3358a-23d3-4d9b-9e85-3f775de81f6c.png?v=1788849403,https://cdn.shopify.com/s/files/1/0906/9972/6882/files/3_2a140e65-9b4e-4164-b583-0b33fc104e23.png?v=1788849406,https://cdn.shopify.com/s/files/1/0906/9972/6882/files/4_f7d72a09-e316-497b-9ac9-e581256cf2c1.png?v=1788849409,https://cdn.shopify.com/s/files/1/0906/9972/6882/files/2_5307b51b-6a6c-4d60-b4e9-5f1b15658dc3.png?v=1788849411",89.00 USD,in stock,new,Nest Finds,Household Storage Caddies,6986,,3 Layers Large
shopify_US_8635318730786_47338722033698,8635318730786,Narrow Gap Storage Cabinet - Slim Rolling Multi-Layer Drawer Organizer,"Turn the dead space beside your fridge or washer into real storage - this narrow gap cabinet slides into tight spots and stacks multiple drawers for organized, accessible storage. Slim profile - fits narrow gaps between appliances, cabinets, or furniture 3, 4, or 5-layer options - choose the storage depth you need Multi-layer drawers - keep items sorted and easy to identify Durable build - supports daily use without sagging Ideal for kitchens, bathrooms, and laundry rooms - claim unused gap space next to the fridge, stove, or washing machine.",https://nestfinds.com/products/narrow-gap-storage-cabinet-slim-rolling-multi-layer-drawer-organizer?variant=47338722033698,https://nestfinds.com/products/narrow-gap-storage-cabinet-slim-rolling-multi-layer-drawer-organizer,https://cdn.shopify.com/s/files/1/0906/9972/6882/files/5_cbdb13e0-2457-4371-b32c-46a3002f9130.png?v=1788849387,"https://cdn.shopify.com/s/files/1/0906/9972/6882/files/6_8385b556-2f35-40b3-be5c-40b26dae59e9.png?v=1788849390,https://cdn.shopify.com/s/files/1/0906/9972/6882/files/7_0940ca3f-30fe-4d47-bf53-569e5b6a7c4c.png?v=1788849393,https://cdn.shopify.com/s/files/1/0906/9972/6882/files/8_07595269-6513-4761-a530-11adcf1b711a.png?v=1788849396,https://cdn.shopify.com/s/files/1/0906/9972/6882/files/9_d3c430c9-0897-495e-9ae2-16fa7f477835.png?v=1788849399,https://cdn.shopify.com/s/files/1/0906/9972/6882/files/1_94c3358a-23d3-4d9b-9e85-3f775de81f6c.png?v=1788849403,https://cdn.shopify.com/s/files/1/0906/9972/6882/files/3_2a140e65-9b4e-4164-b583-0b33fc104e23.png?v=1788849406,https://cdn.shopify.com/s/files/1/0906/9972/6882/files/4_f7d72a09-e316-497b-9ac9-e581256cf2c1.png?v=1788849409,https://cdn.shopify.com/s/files/1/0906/9972/6882/files/2_5307b51b-6a6c-4d60-b4e9-5f1b15658dc3.png?v=1788849411",119.00 USD,in stock,new,Nest Finds,Household Storage Caddies,6986,,4 Layers
shopify_US_8635318730786_47338722066466,8635318730786,Narrow Gap Storage Cabinet - Slim Rolling Multi-Layer Drawer Organizer,"Turn the dead space beside your fridge or washer into real storage - this narrow gap cabinet slides into tight spots and stacks multiple drawers for organized, accessible storage. Slim profile - fits narrow gaps between appliances, cabinets, or furniture 3, 4, or 5-layer options - choose the storage depth you need Multi-layer drawers - keep items sorted and easy to identify Durable build - supports daily use without sagging Ideal for kitchens, bathrooms, and laundry rooms - claim unused gap space next to the fridge, stove, or washing machine.",https://nestfinds.com/products/narrow-gap-storage-cabinet-slim-rolling-multi-layer-drawer-organizer?variant=47338722066466,https://nestfinds.com/products/narrow-gap-storage-cabinet-slim-rolling-multi-layer-drawer-organizer,https://cdn.shopify.com/s/files/1/0906/9972/6882/files/5_cbdb13e0-2457-4371-b32c-46a3002f9130.png?v=1788849387,"https://cdn.shopify.com/s/files/1/0906/9972/6882/files/6_8385b556-2f35-40b3-be5c-40b26dae59e9.png?v=1788849390,https://cdn.shopify.com/s/files/1/0906/9972/6882/files/7_0940ca3f-30fe-4d47-bf53-569e5b6a7c4c.png?v=1788849393,https://cdn.shopify.com/s/files/1/0906/9972/6882/files/8_07595269-6513-4761-a530-11adcf1b711a.png?v=1788849396,https://cdn.shopify.com/s/files/1/0906/9972/6882/files/9_d3c430c9-0897-495e-9ae2-16fa7f477835.png?v=1788849399,https://cdn.shopify.com/s/files/1/0906/9972/6882/files/1_94c3358a-23d3-4d9b-9e85-3f775de81f6c.png?v=1788849403,https://cdn.shopify.com/s/files/1/0906/9972/6882/files/3_2a140e65-9b4e-4164-b583-0b33fc104e23.png?v=1788849406,https://cdn.shopify.com/s/files/1/0906/9972/6882/files/4_f7d72a09-e316-497b-9ac9-e581256cf2c1.png?v=1788849409,https://cdn.shopify.com/s/files/1/0906/9972/6882/files/2_5307b51b-6a6c-4d60-b4e9-5f1b15658dc3.png?v=1788849411",149.00 USD,in stock,new,Nest Finds,Household Storage Caddies,6986,,5 Layers
shopify_US_8634681196578_47337810722850,8634681196578,No-Drill Corner Sink Organizer Rack - Sponge & Dish Drying Rack,"Stop losing that awkward sink corner to clutter - this no-drill corner organizer rack tucks into the back corner of your sink, giving cups, sponges, and scrub brushes a dedicated spot to drip-dry. No-drill installation - hangs over the sink edge, no screws or adhesive required Quick-drain channels - water runs into the sink instead of pooling on the counter Sturdy, stable build - holds mugs, bowls, and cleaning tools without sagging Space-saving corner fit - turns unused sink corner space into drying storage Available in Black, White, or Grey - matches any kitchen Perfect for kitchen sinks in apartments, rentals, and any home short on counter space.",https://nestfinds.com/products/no-drill-corner-sink-organizer-rack-sponge-dish-drying-rack?variant=47337810722850,https://nestfinds.com/products/no-drill-corner-sink-organizer-rack-sponge-dish-drying-rack,https://cdn.shopify.com/s/files/1/0906/9972/6882/files/final_4.jpg?v=1788831073,"https://cdn.shopify.com/s/files/1/0906/9972/6882/files/final_2.jpg?v=1788831065,https://cdn.shopify.com/s/files/1/0906/9972/6882/files/final_3.jpg?v=1788831068,https://cdn.shopify.com/s/files/1/0906/9972/6882/files/final_5.jpg?v=1788831071",15.99 USD,in stock,new,Nest Finds,Kitchen Organizers,2948,Black,
shopify_US_8634681196578_47337810755618,8634681196578,No-Drill Corner Sink Organizer Rack - Sponge & Dish Drying Rack,"Stop losing that awkward sink corner to clutter - this no-drill corner organizer rack tucks into the back corner of your sink, giving cups, sponges, and scrub brushes a dedicated spot to drip-dry. No-drill installation - hangs over the sink edge, no screws or adhesive required Quick-drain channels - water runs into the sink instead of pooling on the counter Sturdy, stable build - holds mugs, bowls, and cleaning tools without sagging Space-saving corner fit - turns unused sink corner space into drying storage Available in Black, White, or Grey - matches any kitchen Perfect for kitchen sinks in apartments, rentals, and any home short on counter space.",https://nestfinds.com/products/no-drill-corner-sink-organizer-rack-sponge-dish-drying-rack?variant=47337810755618,https://nestfinds.com/products/no-drill-corner-sink-organizer-rack-sponge-dish-drying-rack,https://cdn.shopify.com/s/files/1/0906/9972/6882/files/final_5.jpg?v=1788831071,"https://cdn.shopify.com/s/files/1/0906/9972/6882/files/final_2.jpg?v=1788831065,https://cdn.shopify.com/s/files/1/0906/9972/6882/files/final_3.jpg?v=1788831068,https://cdn.shopify.com/s/files/1/0906/9972/6882/files/final_4.jpg?v=1788831073",15.99 USD,in stock,new,Nest Finds,Kitchen Organizers,2948,White,
shopify_US_8634681196578_47337810788386,8634681196578,No-Drill Corner Sink Organizer Rack - Sponge & Dish Drying Rack,"Stop losing that awkward sink corner to clutter - this no-drill corner organizer rack tucks into the back corner of your sink, giving cups, sponges, and scrub brushes a dedicated spot to drip-dry. No-drill installation - hangs over the sink edge, no screws or adhesive required Quick-drain channels - water runs into the sink instead of pooling on the counter Sturdy, stable build - holds mugs, bowls, and cleaning tools without sagging Space-saving corner fit - turns unused sink corner space into drying storage Available in Black, White, or Grey - matches any kitchen Perfect for kitchen sinks in apartments, rentals, and any home short on counter space.",https://nestfinds.com/products/no-drill-corner-sink-organizer-rack-sponge-dish-drying-rack?variant=47337810788386,https://nestfinds.com/products/no-drill-corner-sink-organizer-rack-sponge-dish-drying-rack,https://cdn.shopify.com/s/files/1/0906/9972/6882/files/final_5.jpg?v=1788831071,"https://cdn.shopify.com/s/files/1/0906/9972/6882/files/final_2.jpg?v=1788831065,https://cdn.shopify.com/s/files/1/0906/9972/6882/files/final_3.jpg?v=1788831068,https://cdn.shopify.com/s/files/1/0906/9972/6882/files/final_4.jpg?v=1788831073",15.99 USD,in stock,new,Nest Finds,Kitchen Organizers,2948,Grey,
shopify_US_8634674872354_47337762521122,8634674872354,Non-Slip Trouser Clip Hangers - Stackable Space-Saving Pants Storage,"Keep pants from slipping off the hanger and stack more into less closet rod space with these non-slip trouser clip hangers. Non-slip clip grip - holds trousers, skirts, and shorts firmly in place Stackable hanger design - multiplies hanging capacity on a single rod section Set of 5 per color - available in Pink, Blue, Green, Black, and Grey Quick-access storage - grab a single pair without unstacking the rest Great for closets with limited rod space, dorm rooms, and shared wardrobes - keep pants organized and wrinkle-free.",https://nestfinds.com/products/non-slip-trouser-clip-hangers-stackable-space-saving-pants-storage?variant=47337762521122,https://nestfinds.com/products/non-slip-trouser-clip-hangers-stackable-space-saving-pants-storage,https://cdn.shopify.com/s/files/1/0906/9972/6882/files/O1CN01OEKfhe1X1Ima1kSDb__2201410452863-0-cib.jpg?v=1788830945,"https://cdn.shopify.com/s/files/1/0906/9972/6882/files/3098a41993a2c7e4b99ae8ffc53db8e21d9cc71dwww800-800_tplv-5mmsx3fupr-resize_q_1080_1080_q90.png?v=1788830912,https://cdn.shopify.com/s/files/1/0906/9972/6882/files/O1CN011hH9FM1X1ImVL6YXM__2201410452863-0-cib.jpg?v=1788830916,https://cdn.shopify.com/s/files/1/0906/9972/6882/files/O1CN01YLyhac1X1ImScdEbq__2201410452863-0-cib.jpg?v=1788830924,https://cdn.shopify.com/s/files/1/0906/9972/6882/files/O1CN012FRNgl1X1Ima2586A__2201410452863-0-cib.jpg?v=1788830930,https://cdn.shopify.com/s/files/1/0906/9972/6882/files/O1CN01AOtmzl1X1ImPpb5EQ__2201410452863-0-cib.jpg?v=1788830937,https://cdn.shopify.com/s/files/1/0906/9972/6882/files/O1CN01ts58TO1X1ImSasGuF__2201410452863-0-cib.jpg?v=1788830942",14.95 USD,in stock,new,Nest Finds,Hangers,631,Pink (5 Pieces),
shopify_US_8634674872354_47337762553890,8634674872354,Non-Slip Trouser Clip Hangers - Stackable Space-Saving Pants Storage,"Keep pants from slipping off the hanger and stack more into less closet rod space with these non-slip trouser clip hangers. Non-slip clip grip - holds trousers, skirts, and shorts firmly in place Stackable hanger design - multiplies hanging capacity on a single rod section Set of 5 per color - available in Pink, Blue, Green, Black, and Grey Quick-access storage - grab a single pair without unstacking the rest Great for closets with limited rod space, dorm rooms, and shared wardrobes - keep pants organized and wrinkle-free.",https://nestfinds.com/products/non-slip-trouser-clip-hangers-stackable-space-saving-pants-storage?variant=47337762553890,https://nestfinds.com/products/non-slip-trouser-clip-hangers-stackable-space-saving-pants-storage,https://cdn.shopify.com/s/files/1/0906/9972/6882/files/O1CN01YLyhac1X1ImScdEbq__2201410452863-0-cib.jpg?v=1788830924,"https://cdn.shopify.com/s/files/1/0906/9972/6882/files/3098a41993a2c7e4b99ae8ffc53db8e21d9cc71dwww800-800_tplv-5mmsx3fupr-resize_q_1080_1080_q90.png?v=1788830912,https://cdn.shopify.com/s/files/1/0906/9972/6882/files/O1CN011hH9FM1X1ImVL6YXM__2201410452863-0-cib.jpg?v=1788830916,https://cdn.shopify.com/s/files/1/0906/9972/6882/files/O1CN012FRNgl1X1Ima2586A__2201410452863-0-cib.jpg?v=1788830930,https://cdn.shopify.com/s/files/1/0906/9972/6882/files/O1CN01AOtmzl1X1ImPpb5EQ__2201410452863-0-cib.jpg?v=1788830937,https://cdn.shopify.com/s/files/1/0906/9972/6882/files/O1CN01ts58TO1X1ImSasGuF__2201410452863-0-cib.jpg?v=1788830942,https://cdn.shopify.com/s/files/1/0906/9972/6882/files/O1CN01OEKfhe1X1Ima1kSDb__2201410452863-0-cib.jpg?v=1788830945",14.95 USD,in stock,new,Nest Finds,Hangers,631,Blue (5 Pieces),
shopify_US_8634674872354_47337762586658,8634674872354,Non-Slip Trouser Clip Hangers - Stackable Space-Saving Pants Storage,"Keep pants from slipping off the hanger and stack more into less closet rod space with these non-slip trouser clip hangers. Non-slip clip grip - holds trousers, skirts, and shorts firmly in place Stackable hanger design - multiplies hanging capacity on a single rod section Set of 5 per color - available in Pink, Blue, Green, Black, and Grey Quick-access storage - grab a single pair without unstacking the rest Great for closets with limited rod space, dorm rooms, and shared wardrobes - keep pants organized and wrinkle-free.",https://nestfinds.com/products/non-slip-trouser-clip-hangers-stackable-space-saving-pants-storage?variant=47337762586658,https://nestfinds.com/products/non-slip-trouser-clip-hangers-stackable-space-saving-pants-storage,https://cdn.shopify.com/s/files/1/0906/9972/6882/files/O1CN012FRNgl1X1Ima2586A__2201410452863-0-cib.jpg?v=1788830930,"https://cdn.shopify.com/s/files/1/0906/9972/6882/files/3098a41993a2c7e4b99ae8ffc53db8e21d9cc71dwww800-800_tplv-5mmsx3fupr-resize_q_1080_1080_q90.png?v=1788830912,https://cdn.shopify.com/s/files/1/0906/9972/6882/files/O1CN011hH9FM1X1ImVL6YXM__2201410452863-0-cib.jpg?v=1788830916,https://cdn.shopify.com/s/files/1/0906/9972/6882/files/O1CN01YLyhac1X1ImScdEbq__2201410452863-0-cib.jpg?v=1788830924,https://cdn.shopify.com/s/files/1/0906/9972/6882/files/O1CN01AOtmzl1X1ImPpb5EQ__2201410452863-0-cib.jpg?v=1788830937,https://cdn.shopify.com/s/files/1/0906/9972/6882/files/O1CN01ts58TO1X1ImSasGuF__2201410452863-0-cib.jpg?v=1788830942,https://cdn.shopify.com/s/files/1/0906/9972/6882/files/O1CN01OEKfhe1X1Ima1kSDb__2201410452863-0-cib.jpg?v=1788830945",14.95 USD,in stock,new,Nest Finds,Hangers,631,Green (5 Pieces),
shopify_US_8634674872354_47337762619426,8634674872354,Non-Slip Trouser Clip Hangers - Stackable Space-Saving Pants Storage,"Keep pants from slipping off the hanger and stack more into less closet rod space with these non-slip trouser clip hangers. Non-slip clip grip - holds trousers, skirts, and shorts firmly in place Stackable hanger design - multiplies hanging capacity on a single rod section Set of 5 per color - available in Pink, Blue, Green, Black, and Grey Quick-access storage - grab a single pair without unstacking the rest Great for closets with limited rod space, dorm rooms, and shared wardrobes - keep pants organized and wrinkle-free.",https://nestfinds.com/products/non-slip-trouser-clip-hangers-stackable-space-saving-pants-storage?variant=47337762619426,https://nestfinds.com/products/non-slip-trouser-clip-hangers-stackable-space-saving-pants-storage,https://cdn.shopify.com/s/files/1/0906/9972/6882/files/O1CN01AOtmzl1X1ImPpb5EQ__2201410452863-0-cib.jpg?v=1788830937,"https://cdn.shopify.com/s/files/1/0906/9972/6882/files/3098a41993a2c7e4b99ae8ffc53db8e21d9cc71dwww800-800_tplv-5mmsx3fupr-resize_q_1080_1080_q90.png?v=1788830912,https://cdn.shopify.com/s/files/1/0906/9972/6882/files/O1CN011hH9FM1X1ImVL6YXM__2201410452863-0-cib.jpg?v=1788830916,https://cdn.shopify.com/s/files/1/0906/9972/6882/files/O1CN01YLyhac1X1ImScdEbq__2201410452863-0-cib.jpg?v=1788830924,https://cdn.shopify.com/s/files/1/0906/9972/6882/files/O1CN012FRNgl1X1Ima2586A__2201410452863-0-cib.jpg?v=1788830930,https://cdn.shopify.com/s/files/1/0906/9972/6882/files/O1CN01ts58TO1X1ImSasGuF__2201410452863-0-cib.jpg?v=1788830942,https://cdn.shopify.com/s/files/1/0906/9972/6882/files/O1CN01OEKfhe1X1Ima1kSDb__2201410452863-0-cib.jpg?v=1788830945",14.95 USD,in stock,new,Nest Finds,Hangers,631,Black (5 Pieces),
shopify_US_8634674872354_47337762652194,8634674872354,Non-Slip Trouser Clip Hangers - Stackable Space-Saving Pants Storage,"Keep pants from slipping off the hanger and stack more into less closet rod space with these non-slip trouser clip hangers. Non-slip clip grip - holds trousers, skirts, and shorts firmly in place Stackable hanger design - multiplies hanging capacity on a single rod section Set of 5 per color - available in Pink, Blue, Green, Black, and Grey Quick-access storage - grab a single pair without unstacking the rest Great for closets with limited rod space, dorm rooms, and shared wardrobes - keep pants organized and wrinkle-free.",https://nestfinds.com/products/non-slip-trouser-clip-hangers-stackable-space-saving-pants-storage?variant=47337762652194,https://nestfinds.com/products/non-slip-trouser-clip-hangers-stackable-space-saving-pants-storage,https://cdn.shopify.com/s/files/1/0906/9972/6882/files/O1CN01ts58TO1X1ImSasGuF__2201410452863-0-cib.jpg?v=1788830942,"https://cdn.shopify.com/s/files/1/0906/9972/6882/files/3098a41993a2c7e4b99ae8ffc53db8e21d9cc71dwww800-800_tplv-5mmsx3fupr-resize_q_1080_1080_q90.png?v=1788830912,https://cdn.shopify.com/s/files/1/0906/9972/6882/files/O1CN011hH9FM1X1ImVL6YXM__2201410452863-0-cib.jpg?v=1788830916,https://cdn.shopify.com/s/files/1/0906/9972/6882/files/O1CN01YLyhac1X1ImScdEbq__2201410452863-0-cib.jpg?v=1788830924,https://cdn.shopify.com/s/files/1/0906/9972/6882/files/O1CN012FRNgl1X1Ima2586A__2201410452863-0-cib.jpg?v=1788830930,https://cdn.shopify.com/s/files/1/0906/9972/6882/files/O1CN01AOtmzl1X1ImPpb5EQ__2201410452863-0-cib.jpg?v=1788830937,https://cdn.shopify.com/s/files/1/0906/9972/6882/files/O1CN01OEKfhe1X1Ima1kSDb__2201410452863-0-cib.jpg?v=1788830945",14.95 USD,in stock,new,Nest Finds,Hangers,631,Grey (5 Pieces),
shopify_US_8635325808674_47338733928482,8635325808674,Oxford Cloth Foldable Storage Box - Collapsible Fabric Organizer Bin,"Store more without permanent clutter - this Oxford cloth storage box holds its shape while in use, then folds flat in seconds when you need the space back. Durable Oxford cloth construction - resists wear while staying lightweight Foldable, collapsible design - stores flat when empty Easy to clean - wipes down without special care Available in Gray, Black, or Beige Great for closets, offices, or living rooms - organize clothing, toys, or miscellaneous items without a bulky permanent bin.",https://nestfinds.com/products/oxford-cloth-foldable-storage-box-collapsible-fabric-organizer-bin?variant=47338733928482,https://nestfinds.com/products/oxford-cloth-foldable-storage-box-collapsible-fabric-organizer-bin,https://cdn.shopify.com/s/files/1/0906/9972/6882/files/9_9384613f-68cc-448b-9ca2-268cdf0390f8.png?v=1788849598,"https://cdn.shopify.com/s/files/1/0906/9972/6882/files/10_8aa60241-251d-4a69-beca-eb726e01ad20.png?v=1788849601,https://cdn.shopify.com/s/files/1/0906/9972/6882/files/8_37c504c9-72e0-4a75-9c36-361467c99b41.png?v=1788849604,https://cdn.shopify.com/s/files/1/0906/9972/6882/files/1_2d4ce9e0-8b8b-41a5-90ec-78802f55ca0f.png?v=1788849607,https://cdn.shopify.com/s/files/1/0906/9972/6882/files/6_96da869b-a67f-42d1-b83e-607182d7408a.png?v=1788849611,https://cdn.shopify.com/s/files/1/0906/9972/6882/files/2_a4161e6e-1dd0-462b-829a-fc5335fb1952.png?v=1788849614,https://cdn.shopify.com/s/files/1/0906/9972/6882/files/3_b586788e-c749-412e-81cf-f9db87e74193.png?v=1788849617,https://cdn.shopify.com/s/files/1/0906/9972/6882/files/7_12517cc2-c547-45cd-bf70-4a89443132ed.png?v=1788849620,https://cdn.shopify.com/s/files/1/0906/9972/6882/files/11_695f794c-3fce-4292-8e76-f9138b55c66d.png?v=1788849623,https://cdn.shopify.com/s/files/1/0906/9972/6882/files/4_b074b1e0-7a3f-4dd4-8d01-642b4189146e.png?v=1788849626,https://cdn.shopify.com/s/files/1/0906/9972/6882/files/5_ab2838cb-8398-4c50-bd04-5ad70c3673c1.png?v=1788849629",14.99 USD,in stock,new,Nest Finds,Household Storage Containers,5631,Gray,
shopify_US_8635325808674_47338733961250,8635325808674,Oxford Cloth Foldable Storage Box - Collapsible Fabric Organizer Bin,"Store more without permanent clutter - this Oxford cloth storage box holds its shape while in use, then folds flat in seconds when you need the space back. Durable Oxford cloth construction - resists wear while staying lightweight Foldable, collapsible design - stores flat when empty Easy to clean - wipes down without special care Available in Gray, Black, or Beige Great for closets, offices, or living rooms - organize clothing, toys, or miscellaneous items without a bulky permanent bin.",https://nestfinds.com/products/oxford-cloth-foldable-storage-box-collapsible-fabric-organizer-bin?variant=47338733961250,https://nestfinds.com/products/oxford-cloth-foldable-storage-box-collapsible-fabric-organizer-bin,https://cdn.shopify.com/s/files/1/0906/9972/6882/files/10_8aa60241-251d-4a69-beca-eb726e01ad20.png?v=1788849601,"https://cdn.shopify.com/s/files/1/0906/9972/6882/files/9_9384613f-68cc-448b-9ca2-268cdf0390f8.png?v=1788849598,https://cdn.shopify.com/s/files/1/0906/9972/6882/files/8_37c504c9-72e0-4a75-9c36-361467c99b41.png?v=1788849604,https://cdn.shopify.com/s/files/1/0906/9972/6882/files/1_2d4ce9e0-8b8b-41a5-90ec-78802f55ca0f.png?v=1788849607,https://cdn.shopify.com/s/files/1/0906/9972/6882/files/6_96da869b-a67f-42d1-b83e-607182d7408a.png?v=1788849611,https://cdn.shopify.com/s/files/1/0906/9972/6882/files/2_a4161e6e-1dd0-462b-829a-fc5335fb1952.png?v=1788849614,https://cdn.shopify.com/s/files/1/0906/9972/6882/files/3_b586788e-c749-412e-81cf-f9db87e74193.png?v=1788849617,https://cdn.shopify.com/s/files/1/0906/9972/6882/files/7_12517cc2-c547-45cd-bf70-4a89443132ed.png?v=1788849620,https://cdn.shopify.com/s/files/1/0906/9972/6882/files/11_695f794c-3fce-4292-8e76-f9138b55c66d.png?v=1788849623,https://cdn.shopify.com/s/files/1/0906/9972/6882/files/4_b074b1e0-7a3f-4dd4-8d01-642b4189146e.png?v=1788849626,https://cdn.shopify.com/s/files/1/0906/9972/6882/files/5_ab2838cb-8398-4c50-bd04-5ad70c3673c1.png?v=1788849629",14.99 USD,in stock,new,Nest Finds,Household Storage Containers,5631,Black,
shopify_US_8635325808674_47338733994018,8635325808674,Oxford Cloth Foldable Storage Box - Collapsible Fabric Organizer Bin,"Store more without permanent clutter - this Oxford cloth storage box holds its shape while in use, then folds flat in seconds when you need the space back. Durable Oxford cloth construction - resists wear while staying lightweight Foldable, collapsible design - stores flat when empty Easy to clean - wipes down without special care Available in Gray, Black, or Beige Great for closets, offices, or living rooms - organize clothing, toys, or miscellaneous items without a bulky permanent bin.",https://nestfinds.com/products/oxford-cloth-foldable-storage-box-collapsible-fabric-organizer-bin?variant=47338733994018,https://nestfinds.com/products/oxford-cloth-foldable-storage-box-collapsible-fabric-organizer-bin,https://cdn.shopify.com/s/files/1/0906/9972/6882/files/8_37c504c9-72e0-4a75-9c36-361467c99b41.png?v=1788849604,"https://cdn.shopify.com/s/files/1/0906/9972/6882/files/9_9384613f-68cc-448b-9ca2-268cdf0390f8.png?v=1788849598,https://cdn.shopify.com/s/files/1/0906/9972/6882/files/10_8aa60241-251d-4a69-beca-eb726e01ad20.png?v=1788849601,https://cdn.shopify.com/s/files/1/0906/9972/6882/files/1_2d4ce9e0-8b8b-41a5-90ec-78802f55ca0f.png?v=1788849607,https://cdn.shopify.com/s/files/1/0906/9972/6882/files/6_96da869b-a67f-42d1-b83e-607182d7408a.png?v=1788849611,https://cdn.shopify.com/s/files/1/0906/9972/6882/files/2_a4161e6e-1dd0-462b-829a-fc5335fb1952.png?v=1788849614,https://cdn.shopify.com/s/files/1/0906/9972/6882/files/3_b586788e-c749-412e-81cf-f9db87e74193.png?v=1788849617,https://cdn.shopify.com/s/files/1/0906/9972/6882/files/7_12517cc2-c547-45cd-bf70-4a89443132ed.png?v=1788849620,https://cdn.shopify.com/s/files/1/0906/9972/6882/files/11_695f794c-3fce-4292-8e76-f9138b55c66d.png?v=1788849623,https://cdn.shopify.com/s/files/1/0906/9972/6882/files/4_b074b1e0-7a3f-4dd4-8d01-642b4189146e.png?v=1788849626,https://cdn.shopify.com/s/files/1/0906/9972/6882/files/5_ab2838cb-8398-4c50-bd04-5ad70c3673c1.png?v=1788849629",14.99 USD,in stock,new,Nest Finds,Household Storage Containers,5631,Beige,
shopify_US_8634684735522_47337817014306,8634684735522,Pan Bottom Cleaning Gel Film - Peel-Off Grease & Burnt Stain Remover for Cookware,"Strip away burnt-on grease and black carbon stains from pan bottoms without scrubbing - just apply this cleaning film, let it work, and peel it off. Peel-off application - apply, wait, and peel for mess-free cleaning Heavy grease removal - breaks down baked-on oil and carbon buildup Multi-surface safe - works on stainless steel, iron pans, woks, and pots No scrubbing required - restores shine without scratching cookware Available in 1-pack or 3-pack bundles A fast fix for busy kitchens dealing with stubborn, years-old pan stains.",https://nestfinds.com/products/pan-bottom-cleaning-gel-film-peel-off-grease-burnt-stain-remover-for-cookware?variant=47337817014306,https://nestfinds.com/products/pan-bottom-cleaning-gel-film-peel-off-grease-burnt-stain-remover-for-cookware,https://cdn.shopify.com/s/files/1/0906/9972/6882/files/6_3c150e73-8c72-49a6-8c78-cfa622b987ba.png?v=1788831433,"https://cdn.shopify.com/s/files/1/0906/9972/6882/files/2_46ed4152-e86d-4d2c-a859-318b3640f95a.png?v=1788831436,https://cdn.shopify.com/s/files/1/0906/9972/6882/files/5_92e833e4-5257-451c-a132-03c2f05e4205.png?v=1788831440,https://cdn.shopify.com/s/files/1/0906/9972/6882/files/1_83050bd6-4785-4365-9b2e-41373154d7b4.png?v=1788831443,https://cdn.shopify.com/s/files/1/0906/9972/6882/files/3_83d35b86-226e-4400-9dba-6eebde7682a2.png?v=1788831448,https://cdn.shopify.com/s/files/1/0906/9972/6882/files/4_247ce2d1-1f4d-44a6-acbc-a65dce88a357.png?v=1788831451",12.99 USD,in stock,new,Nest Finds,Cleaning Gloves,5113,,1 Pack
shopify_US_8634684735522_47337817047074,8634684735522,Pan Bottom Cleaning Gel Film - Peel-Off Grease & Burnt Stain Remover for Cookware,"Strip away burnt-on grease and black carbon stains from pan bottoms without scrubbing - just apply this cleaning film, let it work, and peel it off. Peel-off application - apply, wait, and peel for mess-free cleaning Heavy grease removal - breaks down baked-on oil and carbon buildup Multi-surface safe - works on stainless steel, iron pans, woks, and pots No scrubbing required - restores shine without scratching cookware Available in 1-pack or 3-pack bundles A fast fix for busy kitchens dealing with stubborn, years-old pan stains.",https://nestfinds.com/products/pan-bottom-cleaning-gel-film-peel-off-grease-burnt-stain-remover-for-cookware?variant=47337817047074,https://nestfinds.com/products/pan-bottom-cleaning-gel-film-peel-off-grease-burnt-stain-remover-for-cookware,https://cdn.shopify.com/s/files/1/0906/9972/6882/files/6_3c150e73-8c72-49a6-8c78-cfa622b987ba.png?v=1788831433,"https://cdn.shopify.com/s/files/1/0906/9972/6882/files/2_46ed4152-e86d-4d2c-a859-318b3640f95a.png?v=1788831436,https://cdn.shopify.com/s/files/1/0906/9972/6882/files/5_92e833e4-5257-451c-a132-03c2f05e4205.png?v=1788831440,https://cdn.shopify.com/s/files/1/0906/9972/6882/files/1_83050bd6-4785-4365-9b2e-41373154d7b4.png?v=1788831443,https://cdn.shopify.com/s/files/1/0906/9972/6882/files/3_83d35b86-226e-4400-9dba-6eebde7682a2.png?v=1788831448,https://cdn.shopify.com/s/files/1/0906/9972/6882/files/4_247ce2d1-1f4d-44a6-acbc-a65dce88a357.png?v=1788831451",19.99 USD,in stock,new,Nest Finds,Cleaning Gloves,5113,,3 Packs
shopify_US_8635314012194_47338714497058,8635314012194,Portable Electric Juicer Cup - Rechargeable Personal Blender for Smoothies On the Go,"Blend a fresh smoothie anywhere with this cordless, cup-sized electric juicer - just add fruit, press one button, and drink straight from the same cup you blended in. Powerful compact motor - purees fruits and vegetables into smooth juice in seconds Cordless, rechargeable design - blend at your desk, in the car, or while traveling Drink-from-the-cup build - no extra pouring or cleanup, one vessel for blending and drinking Compact, lightweight size - fits in a bag or cup holder Ideal for gym bags, office desks, dorm rooms, or travel - a quick way to get a fresh juice or smoothie without a full-size blender.",https://nestfinds.com/products/portable-electric-juicer-cup-rechargeable-personal-blender-for-smoothies-on-the-go,https://nestfinds.com/products/portable-electric-juicer-cup-rechargeable-personal-blender-for-smoothies-on-the-go,https://cdn.shopify.com/s/files/1/0906/9972/6882/files/3_12d3d89a-d47e-461b-bf29-6ce32b6cfe9e.png?v=1788849232,"https://cdn.shopify.com/s/files/1/0906/9972/6882/files/1_25727cae-ff36-4ff7-a570-d5b542fac4ec.png?v=1788849236,https://cdn.shopify.com/s/files/1/0906/9972/6882/files/4_690a9772-0ba4-4151-81f6-41233e321403.png?v=1788849239,https://cdn.shopify.com/s/files/1/0906/9972/6882/files/2_0058837b-f42e-41f3-a1f4-23b7334fbc4e.png?v=1788849242",34.99 USD,in stock,new,Nest Finds,Food Blenders,505666,,
shopify_US_8635312472098_47338712825890,8635312472098,Portable USB Rechargeable Citrus Juicer - Cordless Electric Fruit Squeezer,"Get fresh-squeezed juice anywhere with a cordless, USB-rechargeable juicer built for oranges, lemons, pomegranates, apples, and more. USB-C rechargeable battery - cordless operation, no outlet needed Slow-press extraction - preserves natural flavor with a gentle squeeze One-size-fits-all design - works with citrus, grapes, watermelon, and more Easy to disassemble and rinse - includes cleaning brush, wipes clean in minutes Perfect for desks, dorm rooms, picnics, and travel - fresh juice on demand without a bulky countertop machine.",https://nestfinds.com/products/portable-usb-rechargeable-citrus-juicer-cordless-electric-fruit-squeezer,https://nestfinds.com/products/portable-usb-rechargeable-citrus-juicer-cordless-electric-fruit-squeezer,https://cdn.shopify.com/s/files/1/0906/9972/6882/files/c1758f1d-4189-46a3-b59a-ac99fdc31ff3.978fadcf401eb29481fb6df5cffa1fd1.jpg?v=1788849183,"https://cdn.shopify.com/s/files/1/0906/9972/6882/files/product-image-1998979780.jpg?v=1788849186,https://cdn.shopify.com/s/files/1/0906/9972/6882/files/1b444188-ed37-4415-b3e6-2946dd750770.590a9a06d9c76039c7beefc853ba737e.jpg?v=1788849188,https://cdn.shopify.com/s/files/1/0906/9972/6882/files/product-image-1998979768.jpg?v=1788849191,https://cdn.shopify.com/s/files/1/0906/9972/6882/files/1497b0cd-c18b-4b4f-94f1-321731b622b3.eeb1f25dfec88223af6103edf3dd969a.jpg?v=1788849195,https://cdn.shopify.com/s/files/1/0906/9972/6882/files/935341ad-b1ff-4206-84bf-d0c2ca5a92d5.2a74c10ed96afbdae19a254ad007a6fd.jpg?v=1788849197,https://cdn.shopify.com/s/files/1/0906/9972/6882/files/a94d00e6-4fa4-4764-ae5d-046dbb0bf219.d36aae6cbb3c5cdf71d534bbf2d31944.jpg?v=1788849201",34.98 USD,in stock,new,Nest Finds,Juicers,750,,
shopify_US_8634668646434_47337753968674,8634668646434,Premium Bathroom Floor Scrub Brush - Ergonomic Handle Tile & Shower Cleaner,"Get bathroom tile and shower floors clean fast with a scrub brush built for grip and control - stiff enough to cut grime, gentle enough to protect your tile finish. Ergonomic handle - comfortable grip reduces hand fatigue during scrubbing Effective bristles - stiff enough to remove grime, gentle enough for bathroom floors Versatile use - works on tile, shower floors, and other bathroom surfaces Quick to rinse and store - low-maintenance upkeep between uses A daily-use essential for bathroom floors, shower stalls, and tile grout lines.",https://nestfinds.com/products/premium-bathroom-floor-scrub-brush-ergonomic-handle-tile-shower-cleaner,https://nestfinds.com/products/premium-bathroom-floor-scrub-brush-ergonomic-handle-tile-shower-cleaner,https://cdn.shopify.com/s/files/1/0906/9972/6882/files/1_d3cd53a6-5dde-4d30-9f55-1377f0f33b48.png?v=1788830740,"https://cdn.shopify.com/s/files/1/0906/9972/6882/files/6_8d54f78d-5613-4346-87ec-2ea7e1578af9.png?v=1788830744,https://cdn.shopify.com/s/files/1/0906/9972/6882/files/5_94e288ad-730e-45b3-8820-8d9de5bf8d12.png?v=1788830748,https://cdn.shopify.com/s/files/1/0906/9972/6882/files/2_e04223c3-bc31-4492-b9f1-50b3da8a47bf.png?v=1788830752,https://cdn.shopify.com/s/files/1/0906/9972/6882/files/4_f9fa9830-348f-4e94-93e8-f218516ce8d3.png?v=1788830758",24.99 USD,in stock,new,Nest Finds,Scrub Brushes,4670,,
shopify_US_8635330691106_47338740678690,8635330691106,Quick-Dry Sink Mat - Water Absorbing Kitchen & Bathroom Drying Pad,"Keep the area around your sink dry and sanitary - this absorbent pad soaks up splashes and spills fast, then dries quickly instead of staying damp and inviting mildew. Highly absorbent material - soaks up spills and splashes on contact Fast-drying design - limits moisture buildup that encourages bacteria and mold Kitchen and bathroom compatible - protects any sink surround Available in Gray, Beige, or Black A simple upgrade for keeping sink areas dry, clean, and protected from everyday water damage.",https://nestfinds.com/products/quick-dry-sink-mat-water-absorbing-kitchen-bathroom-drying-pad?variant=47338740678690,https://nestfinds.com/products/quick-dry-sink-mat-water-absorbing-kitchen-bathroom-drying-pad,https://cdn.shopify.com/s/files/1/0906/9972/6882/files/O1CN01Gew0CE2I9LsJBOd2V__2219491149243-0-cib.jpg?v=1788849752,"https://cdn.shopify.com/s/files/1/0906/9972/6882/files/O1CN01xe3oxU2I9LsHNQlwG__2219491149243-0-cib.jpg?v=1788849754,https://cdn.shopify.com/s/files/1/0906/9972/6882/files/O1CN01pUVbPm2I9LsJQYr0O__2219491149243-0-cib.jpg?v=1788849757,https://cdn.shopify.com/s/files/1/0906/9972/6882/files/O1CN01tO6U442I9LsSJyjqQ__2219491149243-0-cib.jpg?v=1788849759",16.99 USD,in stock,new,Nest Finds,Sink Mats,5080,Gray,
shopify_US_8635330691106_47338740711458,8635330691106,Quick-Dry Sink Mat - Water Absorbing Kitchen & Bathroom Drying Pad,"Keep the area around your sink dry and sanitary - this absorbent pad soaks up splashes and spills fast, then dries quickly instead of staying damp and inviting mildew. Highly absorbent material - soaks up spills and splashes on contact Fast-drying design - limits moisture buildup that encourages bacteria and mold Kitchen and bathroom compatible - protects any sink surround Available in Gray, Beige, or Black A simple upgrade for keeping sink areas dry, clean, and protected from everyday water damage.",https://nestfinds.com/products/quick-dry-sink-mat-water-absorbing-kitchen-bathroom-drying-pad?variant=47338740711458,https://nestfinds.com/products/quick-dry-sink-mat-water-absorbing-kitchen-bathroom-drying-pad,https://cdn.shopify.com/s/files/1/0906/9972/6882/files/O1CN01xe3oxU2I9LsHNQlwG__2219491149243-0-cib.jpg?v=1788849754,"https://cdn.shopify.com/s/files/1/0906/9972/6882/files/O1CN01Gew0CE2I9LsJBOd2V__2219491149243-0-cib.jpg?v=1788849752,https://cdn.shopify.com/s/files/1/0906/9972/6882/files/O1CN01pUVbPm2I9LsJQYr0O__2219491149243-0-cib.jpg?v=1788849757,https://cdn.shopify.com/s/files/1/0906/9972/6882/files/O1CN01tO6U442I9LsSJyjqQ__2219491149243-0-cib.jpg?v=1788849759",16.99 USD,in stock,new,Nest Finds,Sink Mats,5080,Beige,
shopify_US_8635330691106_47338740744226,8635330691106,Quick-Dry Sink Mat - Water Absorbing Kitchen & Bathroom Drying Pad,"Keep the area around your sink dry and sanitary - this absorbent pad soaks up splashes and spills fast, then dries quickly instead of staying damp and inviting mildew. Highly absorbent material - soaks up spills and splashes on contact Fast-drying design - limits moisture buildup that encourages bacteria and mold Kitchen and bathroom compatible - protects any sink surround Available in Gray, Beige, or Black A simple upgrade for keeping sink areas dry, clean, and protected from everyday water damage.",https://nestfinds.com/products/quick-dry-sink-mat-water-absorbing-kitchen-bathroom-drying-pad?variant=47338740744226,https://nestfinds.com/products/quick-dry-sink-mat-water-absorbing-kitchen-bathroom-drying-pad,https://cdn.shopify.com/s/files/1/0906/9972/6882/files/O1CN01pUVbPm2I9LsJQYr0O__2219491149243-0-cib.jpg?v=1788849757,"https://cdn.shopify.com/s/files/1/0906/9972/6882/files/O1CN01Gew0CE2I9LsJBOd2V__2219491149243-0-cib.jpg?v=1788849752,https://cdn.shopify.com/s/files/1/0906/9972/6882/files/O1CN01xe3oxU2I9LsHNQlwG__2219491149243-0-cib.jpg?v=1788849754,https://cdn.shopify.com/s/files/1/0906/9972/6882/files/O1CN01tO6U442I9LsSJyjqQ__2219491149243-0-cib.jpg?v=1788849759",16.99 USD,in stock,new,Nest Finds,Sink Mats,5080,Black,
shopify_US_8635332132898_47338742448162,8635332132898,Raindrop Humidifier with Plant Landscape Ambient Light,"Bring a miniature rainy garden scene to your desk - this humidifier pairs a plant landscape design with soft ambient lighting and a fine mist that raises humidity for both your skin and your plants. Plant landscape design - decorative miniature scene doubles as a night light Fine mist humidification - adds moisture to dry indoor air Ambient LED lighting - soft glow for a calming atmosphere Great for desks, bedrooms, and living rooms - especially useful in dry climates or heated rooms during winter.",https://nestfinds.com/products/raindrop-humidifier-with-plant-landscape-ambient-light,https://nestfinds.com/products/raindrop-humidifier-with-plant-landscape-ambient-light,https://cdn.shopify.com/s/files/1/0906/9972/6882/files/6_f3decf34-b906-4c21-bfe9-28659e52f603.png?v=1788849799,"https://cdn.shopify.com/s/files/1/0906/9972/6882/files/7_80d87402-7c06-4667-a902-5cd68119ac2d.png?v=1788849802,https://cdn.shopify.com/s/files/1/0906/9972/6882/files/8_4fce69fd-5fe3-4863-8392-7fb756d65764.png?v=1788849805,https://cdn.shopify.com/s/files/1/0906/9972/6882/files/1_e9178184-61bd-4615-a10d-7babc24d5357.png?v=1788849809,https://cdn.shopify.com/s/files/1/0906/9972/6882/files/2_22322ec6-c40c-48c6-bf54-291b05f25a90.png?v=1788849811,https://cdn.shopify.com/s/files/1/0906/9972/6882/files/3_10df666c-6961-4cbe-88dd-00756d9cc2b6.png?v=1788849814,https://cdn.shopify.com/s/files/1/0906/9972/6882/files/4_c9ff2002-743d-4cd8-ae50-25c7ac95ab34.png?v=1788849817,https://cdn.shopify.com/s/files/1/0906/9972/6882/files/5_78b395ec-3609-4f36-9c0e-9428da7c3711.png?v=1788849820",52.99 USD,in stock,new,Nest Finds,Humidifiers,613,,
shopify_US_8635323056162_47338729832482,8635323056162,Rechargeable Portable Folding Fan - Cordless Desk & Travel Fan,"Stay cool without hunting for an outlet - this rechargeable fan folds flat for travel and runs cordless anywhere you need airflow, from your desk to the backseat of a car. Rechargeable battery - cordless operation for hours of use per charge Foldable design - collapses flat for easy packing and storage Lightweight and compact - fits in a bag, backpack, or desk drawer Efficient airflow - delivers real cooling in a small package Great for the office, travel, outdoor events, or anywhere a wall outlet isn't within reach.",https://nestfinds.com/products/rechargeable-portable-folding-fan-cordless-desk-travel-fan,https://nestfinds.com/products/rechargeable-portable-folding-fan-cordless-desk-travel-fan,https://cdn.shopify.com/s/files/1/0906/9972/6882/files/17_35d56283-f48a-4345-acb8-287bfe9ef04f.png?v=1788849510,https://cdn.shopify.com/s/files/1/0906/9972/6882/files/16_b21a2d42-bc26-4341-a5d5-f81d69234b25.png?v=1788849513,49.99 USD,in stock,new,Nest Finds,Desk & Pedestal Fans,2535,,
shopify_US_8634674020386_47337761177634,8634674020386,Retractable Sink Draining Basket - Expandable Kitchen Fruit and Vegetable Strainer,"Rinse fruit, wash dishes, or drain pasta over the sink without a bulky rack in the way - this basket expands to fit, then folds flat when you're done. Retractable, expandable frame - adjusts to fit almost any sink width Hollow draining design - lets water pass through instantly, no pooling Available in White, Gray, Beige, or Yellow - matches any kitchen color scheme Great for washing produce, draining dishes, or drying utensils without permanent counter clutter.",https://nestfinds.com/products/retractable-sink-draining-basket-expandable-kitchen-fruit-and-vegetable-strainer?variant=47337761177634,https://nestfinds.com/products/retractable-sink-draining-basket-expandable-kitchen-fruit-and-vegetable-strainer,https://cdn.shopify.com/s/files/1/0906/9972/6882/files/S7e7fcf8c67984d4d87dc1ac2acde2bc6z.webp?v=1788830894,"https://cdn.shopify.com/s/files/1/0906/9972/6882/files/S95bdf662f6094c6abc2e7f714444a08dy.webp?v=1788830881,https://cdn.shopify.com/s/files/1/0906/9972/6882/files/S85fa6283a89246c88f4df310171a7c8c3.webp?v=1788830884,https://cdn.shopify.com/s/files/1/0906/9972/6882/files/S615b9dee465d4afcb44ab104f891a7b4Z.webp?v=1788830889,https://cdn.shopify.com/s/files/1/0906/9972/6882/files/Sba09dce5539c4681ab7f8141446f53610.webp?v=1788830898,https://cdn.shopify.com/s/files/1/0906/9972/6882/files/S7f974dc5ea0143f9bfb5304b3a3bc78aZ.webp?v=1788830901,https://cdn.shopify.com/s/files/1/0906/9972/6882/files/S39c76df5145e43b8b3f113dac2f8fea6R.webp?v=1788830905",12.99 USD,in stock,new,Nest Finds,Kitchen Utensil Holders & Racks,8012,White,
shopify_US_8634674020386_47337761210402,8634674020386,Retractable Sink Draining Basket - Expandable Kitchen Fruit and Vegetable Strainer,"Rinse fruit, wash dishes, or drain pasta over the sink without a bulky rack in the way - this basket expands to fit, then folds flat when you're done. Retractable, expandable frame - adjusts to fit almost any sink width Hollow draining design - lets water pass through instantly, no pooling Available in White, Gray, Beige, or Yellow - matches any kitchen color scheme Great for washing produce, draining dishes, or drying utensils without permanent counter clutter.",https://nestfinds.com/products/retractable-sink-draining-basket-expandable-kitchen-fruit-and-vegetable-strainer?variant=47337761210402,https://nestfinds.com/products/retractable-sink-draining-basket-expandable-kitchen-fruit-and-vegetable-strainer,https://cdn.shopify.com/s/files/1/0906/9972/6882/files/Sba09dce5539c4681ab7f8141446f53610.webp?v=1788830898,"https://cdn.shopify.com/s/files/1/0906/9972/6882/files/S95bdf662f6094c6abc2e7f714444a08dy.webp?v=1788830881,https://cdn.shopify.com/s/files/1/0906/9972/6882/files/S85fa6283a89246c88f4df310171a7c8c3.webp?v=1788830884,https://cdn.shopify.com/s/files/1/0906/9972/6882/files/S615b9dee465d4afcb44ab104f891a7b4Z.webp?v=1788830889,https://cdn.shopify.com/s/files/1/0906/9972/6882/files/S7e7fcf8c67984d4d87dc1ac2acde2bc6z.webp?v=1788830894,https://cdn.shopify.com/s/files/1/0906/9972/6882/files/S7f974dc5ea0143f9bfb5304b3a3bc78aZ.webp?v=1788830901,https://cdn.shopify.com/s/files/1/0906/9972/6882/files/S39c76df5145e43b8b3f113dac2f8fea6R.webp?v=1788830905",12.99 USD,in stock,new,Nest Finds,Kitchen Utensil Holders & Racks,8012,Gray,
shopify_US_8634674020386_47337761243170,8634674020386,Retractable Sink Draining Basket - Expandable Kitchen Fruit and Vegetable Strainer,"Rinse fruit, wash dishes, or drain pasta over the sink without a bulky rack in the way - this basket expands to fit, then folds flat when you're done. Retractable, expandable frame - adjusts to fit almost any sink width Hollow draining design - lets water pass through instantly, no pooling Available in White, Gray, Beige, or Yellow - matches any kitchen color scheme Great for washing produce, draining dishes, or drying utensils without permanent counter clutter.",https://nestfinds.com/products/retractable-sink-draining-basket-expandable-kitchen-fruit-and-vegetable-strainer?variant=47337761243170,https://nestfinds.com/products/retractable-sink-draining-basket-expandable-kitchen-fruit-and-vegetable-strainer,https://cdn.shopify.com/s/files/1/0906/9972/6882/files/S7f974dc5ea0143f9bfb5304b3a3bc78aZ.webp?v=1788830901,"https://cdn.shopify.com/s/files/1/0906/9972/6882/files/S95bdf662f6094c6abc2e7f714444a08dy.webp?v=1788830881,https://cdn.shopify.com/s/files/1/0906/9972/6882/files/S85fa6283a89246c88f4df310171a7c8c3.webp?v=1788830884,https://cdn.shopify.com/s/files/1/0906/9972/6882/files/S615b9dee465d4afcb44ab104f891a7b4Z.webp?v=1788830889,https://cdn.shopify.com/s/files/1/0906/9972/6882/files/S7e7fcf8c67984d4d87dc1ac2acde2bc6z.webp?v=1788830894,https://cdn.shopify.com/s/files/1/0906/9972/6882/files/Sba09dce5539c4681ab7f8141446f53610.webp?v=1788830898,https://cdn.shopify.com/s/files/1/0906/9972/6882/files/S39c76df5145e43b8b3f113dac2f8fea6R.webp?v=1788830905",12.99 USD,in stock,new,Nest Finds,Kitchen Utensil Holders & Racks,8012,Beige,
shopify_US_8634674020386_47337761275938,8634674020386,Retractable Sink Draining Basket - Expandable Kitchen Fruit and Vegetable Strainer,"Rinse fruit, wash dishes, or drain pasta over the sink without a bulky rack in the way - this basket expands to fit, then folds flat when you're done. Retractable, expandable frame - adjusts to fit almost any sink width Hollow draining design - lets water pass through instantly, no pooling Available in White, Gray, Beige, or Yellow - matches any kitchen color scheme Great for washing produce, draining dishes, or drying utensils without permanent counter clutter.",https://nestfinds.com/products/retractable-sink-draining-basket-expandable-kitchen-fruit-and-vegetable-strainer?variant=47337761275938,https://nestfinds.com/products/retractable-sink-draining-basket-expandable-kitchen-fruit-and-vegetable-strainer,https://cdn.shopify.com/s/files/1/0906/9972/6882/files/S39c76df5145e43b8b3f113dac2f8fea6R.webp?v=1788830905,"https://cdn.shopify.com/s/files/1/0906/9972/6882/files/S95bdf662f6094c6abc2e7f714444a08dy.webp?v=1788830881,https://cdn.shopify.com/s/files/1/0906/9972/6882/files/S85fa6283a89246c88f4df310171a7c8c3.webp?v=1788830884,https://cdn.shopify.com/s/files/1/0906/9972/6882/files/S615b9dee465d4afcb44ab104f891a7b4Z.webp?v=1788830889,https://cdn.shopify.com/s/files/1/0906/9972/6882/files/S7e7fcf8c67984d4d87dc1ac2acde2bc6z.webp?v=1788830894,https://cdn.shopify.com/s/files/1/0906/9972/6882/files/Sba09dce5539c4681ab7f8141446f53610.webp?v=1788830898,https://cdn.shopify.com/s/files/1/0906/9972/6882/files/S7f974dc5ea0143f9bfb5304b3a3bc78aZ.webp?v=1788830901",12.99 USD,in stock,new,Nest Finds,Kitchen Utensil Holders & Racks,8012,Yellow,
shopify_US_8634689552418_47337833431074,8634689552418,Retractable Wall Mount Clothes Drying Rack - Stainless Steel Foldaway Rack,"Add drying space without giving up floor space - this wall-mounted rack extends when you need it and retracts flat against the wall when you don't. Retractable rod design - pulls out to dry clothes, pushes back flat to save space Stainless steel construction - rust and corrosion resistant Secure wall mounting - holds wet laundry without sagging Available in Black or White, with 1, 2, or 3 rods Perfect for laundry rooms, balconies, and bathrooms where a full drying rack won't fit.",https://nestfinds.com/products/retractable-wall-mount-clothes-drying-rack-stainless-steel-foldaway-rack?variant=47337833431074,https://nestfinds.com/products/retractable-wall-mount-clothes-drying-rack-stainless-steel-foldaway-rack,https://cdn.shopify.com/s/files/1/0906/9972/6882/files/S065c19184de3453a9b8499fb4dd607cd6.jpg?v=1788831554,"https://cdn.shopify.com/s/files/1/0906/9972/6882/files/Sb6f9e6745b744c50b9eec9136279f7ebN.jpg?v=1788831526,https://cdn.shopify.com/s/files/1/0906/9972/6882/files/S2f801cf305bd475ba8feac9cc753432eZ.jpg?v=1788831529,https://cdn.shopify.com/s/files/1/0906/9972/6882/files/S24c5a725ebfe48d685249279aeb6c9f4W.jpg?v=1788831531,https://cdn.shopify.com/s/files/1/0906/9972/6882/files/Sbfed053ede14468b8c943a19ff3bd8b6Y.jpg?v=1788831534,https://cdn.shopify.com/s/files/1/0906/9972/6882/files/S371bbe34b5114506968190080d84fcf8J.jpg?v=1788831536,https://cdn.shopify.com/s/files/1/0906/9972/6882/files/Seb5ef3974d6649899c8aa807ee17e6dbV.jpg?v=1788831539,https://cdn.shopify.com/s/files/1/0906/9972/6882/files/S9fb41bde629c44379f733940a07dda877.jpg?v=1788831542,https://cdn.shopify.com/s/files/1/0906/9972/6882/files/S6ac09cc2b9464c18a72204bb437004f4X.jpg?v=1788831544,https://cdn.shopify.com/s/files/1/0906/9972/6882/files/Sf178710a62d0467d8b4c0b4091d3f0292.jpg?v=1788831547,https://cdn.shopify.com/s/files/1/0906/9972/6882/files/S9ac34d63d9f04d678327208c4c2ed3dfy.jpg?v=1788831549",25.97 USD,in stock,new,Nest Finds,Drying Racks & Hangers,2677,Black,
shopify_US_8634689552418_47337833463842,8634689552418,Retractable Wall Mount Clothes Drying Rack - Stainless Steel Foldaway Rack,"Add drying space without giving up floor space - this wall-mounted rack extends when you need it and retracts flat against the wall when you don't. Retractable rod design - pulls out to dry clothes, pushes back flat to save space Stainless steel construction - rust and corrosion resistant Secure wall mounting - holds wet laundry without sagging Available in Black or White, with 1, 2, or 3 rods Perfect for laundry rooms, balconies, and bathrooms where a full drying rack won't fit.",https://nestfinds.com/products/retractable-wall-mount-clothes-drying-rack-stainless-steel-foldaway-rack?variant=47337833463842,https://nestfinds.com/products/retractable-wall-mount-clothes-drying-rack-stainless-steel-foldaway-rack,https://cdn.shopify.com/s/files/1/0906/9972/6882/files/S065c19184de3453a9b8499fb4dd607cd6.jpg?v=1788831554,"https://cdn.shopify.com/s/files/1/0906/9972/6882/files/Sb6f9e6745b744c50b9eec9136279f7ebN.jpg?v=1788831526,https://cdn.shopify.com/s/files/1/0906/9972/6882/files/S2f801cf305bd475ba8feac9cc753432eZ.jpg?v=1788831529,https://cdn.shopify.com/s/files/1/0906/9972/6882/files/S24c5a725ebfe48d685249279aeb6c9f4W.jpg?v=1788831531,https://cdn.shopify.com/s/files/1/0906/9972/6882/files/Sbfed053ede14468b8c943a19ff3bd8b6Y.jpg?v=1788831534,https://cdn.shopify.com/s/files/1/0906/9972/6882/files/S371bbe34b5114506968190080d84fcf8J.jpg?v=1788831536,https://cdn.shopify.com/s/files/1/0906/9972/6882/files/Seb5ef3974d6649899c8aa807ee17e6dbV.jpg?v=1788831539,https://cdn.shopify.com/s/files/1/0906/9972/6882/files/S9fb41bde629c44379f733940a07dda877.jpg?v=1788831542,https://cdn.shopify.com/s/files/1/0906/9972/6882/files/S6ac09cc2b9464c18a72204bb437004f4X.jpg?v=1788831544,https://cdn.shopify.com/s/files/1/0906/9972/6882/files/Sf178710a62d0467d8b4c0b4091d3f0292.jpg?v=1788831547,https://cdn.shopify.com/s/files/1/0906/9972/6882/files/S9ac34d63d9f04d678327208c4c2ed3dfy.jpg?v=1788831549",39.97 USD,in stock,new,Nest Finds,Drying Racks & Hangers,2677,Black,
shopify_US_8634689552418_47337833496610,8634689552418,Retractable Wall Mount Clothes Drying Rack - Stainless Steel Foldaway Rack,"Add drying space without giving up floor space - this wall-mounted rack extends when you need it and retracts flat against the wall when you don't. Retractable rod design - pulls out to dry clothes, pushes back flat to save space Stainless steel construction - rust and corrosion resistant Secure wall mounting - holds wet laundry without sagging Available in Black or White, with 1, 2, or 3 rods Perfect for laundry rooms, balconies, and bathrooms where a full drying rack won't fit.",https://nestfinds.com/products/retractable-wall-mount-clothes-drying-rack-stainless-steel-foldaway-rack?variant=47337833496610,https://nestfinds.com/products/retractable-wall-mount-clothes-drying-rack-stainless-steel-foldaway-rack,https://cdn.shopify.com/s/files/1/0906/9972/6882/files/S065c19184de3453a9b8499fb4dd607cd6.jpg?v=1788831554,"https://cdn.shopify.com/s/files/1/0906/9972/6882/files/Sb6f9e6745b744c50b9eec9136279f7ebN.jpg?v=1788831526,https://cdn.shopify.com/s/files/1/0906/9972/6882/files/S2f801cf305bd475ba8feac9cc753432eZ.jpg?v=1788831529,https://cdn.shopify.com/s/files/1/0906/9972/6882/files/S24c5a725ebfe48d685249279aeb6c9f4W.jpg?v=1788831531,https://cdn.shopify.com/s/files/1/0906/9972/6882/files/Sbfed053ede14468b8c943a19ff3bd8b6Y.jpg?v=1788831534,https://cdn.shopify.com/s/files/1/0906/9972/6882/files/S371bbe34b5114506968190080d84fcf8J.jpg?v=1788831536,https://cdn.shopify.com/s/files/1/0906/9972/6882/files/Seb5ef3974d6649899c8aa807ee17e6dbV.jpg?v=1788831539,https://cdn.shopify.com/s/files/1/0906/9972/6882/files/S9fb41bde629c44379f733940a07dda877.jpg?v=1788831542,https://cdn.shopify.com/s/files/1/0906/9972/6882/files/S6ac09cc2b9464c18a72204bb437004f4X.jpg?v=1788831544,https://cdn.shopify.com/s/files/1/0906/9972/6882/files/Sf178710a62d0467d8b4c0b4091d3f0292.jpg?v=1788831547,https://cdn.shopify.com/s/files/1/0906/9972/6882/files/S9ac34d63d9f04d678327208c4c2ed3dfy.jpg?v=1788831549",49.90 USD,in stock,new,Nest Finds,Drying Racks & Hangers,2677,Black,
shopify_US_8634689552418_47337833529378,8634689552418,Retractable Wall Mount Clothes Drying Rack - Stainless Steel Foldaway Rack,"Add drying space without giving up floor space - this wall-mounted rack extends when you need it and retracts flat against the wall when you don't. Retractable rod design - pulls out to dry clothes, pushes back flat to save space Stainless steel construction - rust and corrosion resistant Secure wall mounting - holds wet laundry without sagging Available in Black or White, with 1, 2, or 3 rods Perfect for laundry rooms, balconies, and bathrooms where a full drying rack won't fit.",https://nestfinds.com/products/retractable-wall-mount-clothes-drying-rack-stainless-steel-foldaway-rack?variant=47337833529378,https://nestfinds.com/products/retractable-wall-mount-clothes-drying-rack-stainless-steel-foldaway-rack,https://cdn.shopify.com/s/files/1/0906/9972/6882/files/S371bbe34b5114506968190080d84fcf8J.jpg?v=1788831536,"https://cdn.shopify.com/s/files/1/0906/9972/6882/files/Sb6f9e6745b744c50b9eec9136279f7ebN.jpg?v=1788831526,https://cdn.shopify.com/s/files/1/0906/9972/6882/files/S2f801cf305bd475ba8feac9cc753432eZ.jpg?v=1788831529,https://cdn.shopify.com/s/files/1/0906/9972/6882/files/S24c5a725ebfe48d685249279aeb6c9f4W.jpg?v=1788831531,https://cdn.shopify.com/s/files/1/0906/9972/6882/files/Sbfed053ede14468b8c943a19ff3bd8b6Y.jpg?v=1788831534,https://cdn.shopify.com/s/files/1/0906/9972/6882/files/Seb5ef3974d6649899c8aa807ee17e6dbV.jpg?v=1788831539,https://cdn.shopify.com/s/files/1/0906/9972/6882/files/S9fb41bde629c44379f733940a07dda877.jpg?v=1788831542,https://cdn.shopify.com/s/files/1/0906/9972/6882/files/S6ac09cc2b9464c18a72204bb437004f4X.jpg?v=1788831544,https://cdn.shopify.com/s/files/1/0906/9972/6882/files/Sf178710a62d0467d8b4c0b4091d3f0292.jpg?v=1788831547,https://cdn.shopify.com/s/files/1/0906/9972/6882/files/S9ac34d63d9f04d678327208c4c2ed3dfy.jpg?v=1788831549,https://cdn.shopify.com/s/files/1/0906/9972/6882/files/S407ffe1d260543029d74e8dc223f9331U.jpg?v=1788831552",25.97 USD,in stock,new,Nest Finds,Drying Racks & Hangers,2677,White,
shopify_US_8634689552418_47337833562146,8634689552418,Retractable Wall Mount Clothes Drying Rack - Stainless Steel Foldaway Rack,"Add drying space without giving up floor space - this wall-mounted rack extends when you need it and retracts flat against the wall when you don't. Retractable rod design - pulls out to dry clothes, pushes back flat to save space Stainless steel construction - rust and corrosion resistant Secure wall mounting - holds wet laundry without sagging Available in Black or White, with 1, 2, or 3 rods Perfect for laundry rooms, balconies, and bathrooms where a full drying rack won't fit.",https://nestfinds.com/products/retractable-wall-mount-clothes-drying-rack-stainless-steel-foldaway-rack?variant=47337833562146,https://nestfinds.com/products/retractable-wall-mount-clothes-drying-rack-stainless-steel-foldaway-rack,https://cdn.shopify.com/s/files/1/0906/9972/6882/files/S371bbe34b5114506968190080d84fcf8J.jpg?v=1788831536,"https://cdn.shopify.com/s/files/1/0906/9972/6882/files/Sb6f9e6745b744c50b9eec9136279f7ebN.jpg?v=1788831526,https://cdn.shopify.com/s/files/1/0906/9972/6882/files/S2f801cf305bd475ba8feac9cc753432eZ.jpg?v=1788831529,https://cdn.shopify.com/s/files/1/0906/9972/6882/files/S24c5a725ebfe48d685249279aeb6c9f4W.jpg?v=1788831531,https://cdn.shopify.com/s/files/1/0906/9972/6882/files/Sbfed053ede14468b8c943a19ff3bd8b6Y.jpg?v=1788831534,https://cdn.shopify.com/s/files/1/0906/9972/6882/files/Seb5ef3974d6649899c8aa807ee17e6dbV.jpg?v=1788831539,https://cdn.shopify.com/s/files/1/0906/9972/6882/files/S9fb41bde629c44379f733940a07dda877.jpg?v=1788831542,https://cdn.shopify.com/s/files/1/0906/9972/6882/files/S6ac09cc2b9464c18a72204bb437004f4X.jpg?v=1788831544,https://cdn.shopify.com/s/files/1/0906/9972/6882/files/Sf178710a62d0467d8b4c0b4091d3f0292.jpg?v=1788831547,https://cdn.shopify.com/s/files/1/0906/9972/6882/files/S9ac34d63d9f04d678327208c4c2ed3dfy.jpg?v=1788831549,https://cdn.shopify.com/s/files/1/0906/9972/6882/files/S407ffe1d260543029d74e8dc223f9331U.jpg?v=1788831552",39.97 USD,in stock,new,Nest Finds,Drying Racks & Hangers,2677,White,
shopify_US_8634689552418_47337833594914,8634689552418,Retractable Wall Mount Clothes Drying Rack - Stainless Steel Foldaway Rack,"Add drying space without giving up floor space - this wall-mounted rack extends when you need it and retracts flat against the wall when you don't. Retractable rod design - pulls out to dry clothes, pushes back flat to save space Stainless steel construction - rust and corrosion resistant Secure wall mounting - holds wet laundry without sagging Available in Black or White, with 1, 2, or 3 rods Perfect for laundry rooms, balconies, and bathrooms where a full drying rack won't fit.",https://nestfinds.com/products/retractable-wall-mount-clothes-drying-rack-stainless-steel-foldaway-rack?variant=47337833594914,https://nestfinds.com/products/retractable-wall-mount-clothes-drying-rack-stainless-steel-foldaway-rack,https://cdn.shopify.com/s/files/1/0906/9972/6882/files/S371bbe34b5114506968190080d84fcf8J.jpg?v=1788831536,"https://cdn.shopify.com/s/files/1/0906/9972/6882/files/Sb6f9e6745b744c50b9eec9136279f7ebN.jpg?v=1788831526,https://cdn.shopify.com/s/files/1/0906/9972/6882/files/S2f801cf305bd475ba8feac9cc753432eZ.jpg?v=1788831529,https://cdn.shopify.com/s/files/1/0906/9972/6882/files/S24c5a725ebfe48d685249279aeb6c9f4W.jpg?v=1788831531,https://cdn.shopify.com/s/files/1/0906/9972/6882/files/Sbfed053ede14468b8c943a19ff3bd8b6Y.jpg?v=1788831534,https://cdn.shopify.com/s/files/1/0906/9972/6882/files/Seb5ef3974d6649899c8aa807ee17e6dbV.jpg?v=1788831539,https://cdn.shopify.com/s/files/1/0906/9972/6882/files/S9fb41bde629c44379f733940a07dda877.jpg?v=1788831542,https://cdn.shopify.com/s/files/1/0906/9972/6882/files/S6ac09cc2b9464c18a72204bb437004f4X.jpg?v=1788831544,https://cdn.shopify.com/s/files/1/0906/9972/6882/files/Sf178710a62d0467d8b4c0b4091d3f0292.jpg?v=1788831547,https://cdn.shopify.com/s/files/1/0906/9972/6882/files/S9ac34d63d9f04d678327208c4c2ed3dfy.jpg?v=1788831549,https://cdn.shopify.com/s/files/1/0906/9972/6882/files/S407ffe1d260543029d74e8dc223f9331U.jpg?v=1788831552",49.90 USD,in stock,new,Nest Finds,Drying Racks & Hangers,2677,White,
shopify_US_8635314536482_47338715021346,8635314536482,Rolling Egg Storage Box - Slide-Access Refrigerator Egg Organizer,"Never crack an egg reaching to the back of the fridge again - this rolling egg storage box slides new eggs to the back and rolls the oldest ones forward, so you always grab the one that's been in longest. Auto-rolling design - gravity feeds eggs forward for first-in-first-out use Secure individual slots - keeps eggs from cracking or rolling loose Slide-out access - grab an egg without unstacking the whole carton Space-saving shape - fits neatly on refrigerator shelves and door bins Keeps eggs fresher longer and your fridge shelf tidy - a simple upgrade over stacking loose cartons.",https://nestfinds.com/products/rolling-egg-storage-box-slide-access-refrigerator-egg-organizer,https://nestfinds.com/products/rolling-egg-storage-box-slide-access-refrigerator-egg-organizer,https://cdn.shopify.com/s/files/1/0906/9972/6882/files/O1CN01LYs0gE1Y2VYAzl9VL__2215648353001-0-cib.jpg?v=1788849247,"https://cdn.shopify.com/s/files/1/0906/9972/6882/files/O1CN01lNfPqd1XXp1Ogr6q8_2024-07-28T07_40_14.969Z.png?v=1788849250,https://cdn.shopify.com/s/files/1/0906/9972/6882/files/O1CN015Q06es1XXp1Kqwyvk_2024-07-28T07_40_44.739Z.png?v=1788849253,https://cdn.shopify.com/s/files/1/0906/9972/6882/files/O1CN01QdqiXc1XXp1VMnubw__2218068872934-0-cib.jpg?v=1788849256",24.99 USD,in stock,new,Nest Finds,Food Storage Containers,667,,
shopify_US_8634686930978_47337819537442,8634686930978,Rotating Desktop Organizer with Drawer - Pen Holder & Makeup Storage Box,"Keep pens, makeup, and small desk essentials within arm's reach with this 360-degree rotating organizer that combines a pen holder, storage compartments, and a pull-out drawer in one compact unit. 360-degree rotating base - spin to access every compartment without moving the unit Built-in drawer - hide away smaller items like clips, cotton swabs, or jewelry Multi-compartment design - separates pens, brushes, and cosmetics Available in Beige, Pink, or White to match any desk or vanity Perfect for a home office desk, makeup vanity, or study space - keeps everyday essentials organized and easy to reach.",https://nestfinds.com/products/rotating-desktop-organizer-with-drawer-pen-holder-makeup-storage-box?variant=47337819537442,https://nestfinds.com/products/rotating-desktop-organizer-with-drawer-pen-holder-makeup-storage-box,https://cdn.shopify.com/s/files/1/0906/9972/6882/files/3_3af285ea-c556-49b7-a7b2-4dcde8504ee2.png?v=1788831534,"https://cdn.shopify.com/s/files/1/0906/9972/6882/files/2_fe74ba77-fa84-4113-ba2e-c58940e959f0.png?v=1788831503,https://cdn.shopify.com/s/files/1/0906/9972/6882/files/O1CN012FsXKQ1flZmHqACVM__2207980864047-0-cib.jpg?v=1788831510,https://cdn.shopify.com/s/files/1/0906/9972/6882/files/O1CN01vmT7cU1flZmJuEGzC__2207980864047-0-cib.jpg?v=1788831514,https://cdn.shopify.com/s/files/1/0906/9972/6882/files/O1CN012NpjpR1flZmHrMS1q__2207980864047-0-cib.jpg?v=1788831517,https://cdn.shopify.com/s/files/1/0906/9972/6882/files/O1CN01n1maM91flZmHrItcz__2207980864047-0-cib.jpg?v=1788831520,https://cdn.shopify.com/s/files/1/0906/9972/6882/files/O1CN01mA1YAf1flZmHrMaNx__2207980864047-0-cib.jpg?v=1788831523,https://cdn.shopify.com/s/files/1/0906/9972/6882/files/O1CN01Ug074s1flZmKmRlZ4__2207980864047-0-cib.jpg?v=1788831525,https://cdn.shopify.com/s/files/1/0906/9972/6882/files/O1CN016cHUjI1flZmKmSVLA__2207980864047-0-cib.jpg?v=1788831528,https://cdn.shopify.com/s/files/1/0906/9972/6882/files/1_83303e64-0803-422c-b2fe-3f9ae0241dfa.png?v=1788831531,https://cdn.shopify.com/s/files/1/0906/9972/6882/files/4_0f12e589-e5e6-4b85-a9ff-6aaf91d1b725.png?v=1788831536",19.99 USD,in stock,new,Nest Finds,Desk Organizers,939,Beige,
shopify_US_8634686930978_47337819570210,8634686930978,Rotating Desktop Organizer with Drawer - Pen Holder & Makeup Storage Box,"Keep pens, makeup, and small desk essentials within arm's reach with this 360-degree rotating organizer that combines a pen holder, storage compartments, and a pull-out drawer in one compact unit. 360-degree rotating base - spin to access every compartment without moving the unit Built-in drawer - hide away smaller items like clips, cotton swabs, or jewelry Multi-compartment design - separates pens, brushes, and cosmetics Available in Beige, Pink, or White to match any desk or vanity Perfect for a home office desk, makeup vanity, or study space - keeps everyday essentials organized and easy to reach.",https://nestfinds.com/products/rotating-desktop-organizer-with-drawer-pen-holder-makeup-storage-box?variant=47337819570210,https://nestfinds.com/products/rotating-desktop-organizer-with-drawer-pen-holder-makeup-storage-box,https://cdn.shopify.com/s/files/1/0906/9972/6882/files/O1CN016cHUjI1flZmKmSVLA__2207980864047-0-cib.jpg?v=1788831528,"https://cdn.shopify.com/s/files/1/0906/9972/6882/files/2_fe74ba77-fa84-4113-ba2e-c58940e959f0.png?v=1788831503,https://cdn.shopify.com/s/files/1/0906/9972/6882/files/O1CN012FsXKQ1flZmHqACVM__2207980864047-0-cib.jpg?v=1788831510,https://cdn.shopify.com/s/files/1/0906/9972/6882/files/O1CN01vmT7cU1flZmJuEGzC__2207980864047-0-cib.jpg?v=1788831514,https://cdn.shopify.com/s/files/1/0906/9972/6882/files/O1CN012NpjpR1flZmHrMS1q__2207980864047-0-cib.jpg?v=1788831517,https://cdn.shopify.com/s/files/1/0906/9972/6882/files/O1CN01n1maM91flZmHrItcz__2207980864047-0-cib.jpg?v=1788831520,https://cdn.shopify.com/s/files/1/0906/9972/6882/files/O1CN01mA1YAf1flZmHrMaNx__2207980864047-0-cib.jpg?v=1788831523,https://cdn.shopify.com/s/files/1/0906/9972/6882/files/O1CN01Ug074s1flZmKmRlZ4__2207980864047-0-cib.jpg?v=1788831525,https://cdn.shopify.com/s/files/1/0906/9972/6882/files/1_83303e64-0803-422c-b2fe-3f9ae0241dfa.png?v=1788831531,https://cdn.shopify.com/s/files/1/0906/9972/6882/files/3_3af285ea-c556-49b7-a7b2-4dcde8504ee2.png?v=1788831534,https://cdn.shopify.com/s/files/1/0906/9972/6882/files/4_0f12e589-e5e6-4b85-a9ff-6aaf91d1b725.png?v=1788831536",19.99 USD,in stock,new,Nest Finds,Desk Organizers,939,Pink,
shopify_US_8634686930978_47337819602978,8634686930978,Rotating Desktop Organizer with Drawer - Pen Holder & Makeup Storage Box,"Keep pens, makeup, and small desk essentials within arm's reach with this 360-degree rotating organizer that combines a pen holder, storage compartments, and a pull-out drawer in one compact unit. 360-degree rotating base - spin to access every compartment without moving the unit Built-in drawer - hide away smaller items like clips, cotton swabs, or jewelry Multi-compartment design - separates pens, brushes, and cosmetics Available in Beige, Pink, or White to match any desk or vanity Perfect for a home office desk, makeup vanity, or study space - keeps everyday essentials organized and easy to reach.",https://nestfinds.com/products/rotating-desktop-organizer-with-drawer-pen-holder-makeup-storage-box?variant=47337819602978,https://nestfinds.com/products/rotating-desktop-organizer-with-drawer-pen-holder-makeup-storage-box,https://cdn.shopify.com/s/files/1/0906/9972/6882/files/4_0f12e589-e5e6-4b85-a9ff-6aaf91d1b725.png?v=1788831536,"https://cdn.shopify.com/s/files/1/0906/9972/6882/files/2_fe74ba77-fa84-4113-ba2e-c58940e959f0.png?v=1788831503,https://cdn.shopify.com/s/files/1/0906/9972/6882/files/O1CN012FsXKQ1flZmHqACVM__2207980864047-0-cib.jpg?v=1788831510,https://cdn.shopify.com/s/files/1/0906/9972/6882/files/O1CN01vmT7cU1flZmJuEGzC__2207980864047-0-cib.jpg?v=1788831514,https://cdn.shopify.com/s/files/1/0906/9972/6882/files/O1CN012NpjpR1flZmHrMS1q__2207980864047-0-cib.jpg?v=1788831517,https://cdn.shopify.com/s/files/1/0906/9972/6882/files/O1CN01n1maM91flZmHrItcz__2207980864047-0-cib.jpg?v=1788831520,https://cdn.shopify.com/s/files/1/0906/9972/6882/files/O1CN01mA1YAf1flZmHrMaNx__2207980864047-0-cib.jpg?v=1788831523,https://cdn.shopify.com/s/files/1/0906/9972/6882/files/O1CN01Ug074s1flZmKmRlZ4__2207980864047-0-cib.jpg?v=1788831525,https://cdn.shopify.com/s/files/1/0906/9972/6882/files/O1CN016cHUjI1flZmKmSVLA__2207980864047-0-cib.jpg?v=1788831528,https://cdn.shopify.com/s/files/1/0906/9972/6882/files/1_83303e64-0803-422c-b2fe-3f9ae0241dfa.png?v=1788831531,https://cdn.shopify.com/s/files/1/0906/9972/6882/files/3_3af285ea-c556-49b7-a7b2-4dcde8504ee2.png?v=1788831534",19.99 USD,in stock,new,Nest Finds,Desk Organizers,939,White,
shopify_US_8635326857250_47338735632418,8635326857250,Rotating Umbrella Aromatherapy Humidifier - Water Drop Essential Oil Diffuser,"An aromatherapy diffuser that doubles as a conversation piece - this humidifier's rotating umbrella design mists water droplets in a slow spin while distributing your favorite essential oil throughout the room. Rotating umbrella mechanism - visually distinct water-drop misting effect Aromatherapy diffuser function - disperses essential oils evenly through the room Available in White or Black Great for bedrooms, living rooms, and offices - adds ambiance and light humidity along with your favorite scent.",https://nestfinds.com/products/rotating-umbrella-aromatherapy-humidifier-water-drop-essential-oil-diffuser?variant=47338735632418,https://nestfinds.com/products/rotating-umbrella-aromatherapy-humidifier-water-drop-essential-oil-diffuser,https://cdn.shopify.com/s/files/1/0906/9972/6882/files/3_d5f66a3c-d523-4dd8-a6b1-64470772d421.png?v=1788849650,"https://cdn.shopify.com/s/files/1/0906/9972/6882/files/5_954cbba4-acc5-4c68-8ba5-370a7c441838.png?v=1788849632,https://cdn.shopify.com/s/files/1/0906/9972/6882/files/1_caf35a99-ec3d-4838-a6a9-31944b2a436d.png?v=1788849635,https://cdn.shopify.com/s/files/1/0906/9972/6882/files/4_7c3e306f-c8f5-41c5-91b5-6be19404c19b.png?v=1788849638,https://cdn.shopify.com/s/files/1/0906/9972/6882/files/6_8ce78dcf-3d13-497c-925b-993d3890df12.png?v=1788849641,https://cdn.shopify.com/s/files/1/0906/9972/6882/files/7_b6776b7c-7afe-4063-a91f-07235665047a.png?v=1788849644,https://cdn.shopify.com/s/files/1/0906/9972/6882/files/2_c331fafa-70d0-45d8-8752-caa11001880b.png?v=1788849647",49.00 USD,in stock,new,Nest Finds,Humidifiers,613,White,
shopify_US_8635326857250_47338735665186,8635326857250,Rotating Umbrella Aromatherapy Humidifier - Water Drop Essential Oil Diffuser,"An aromatherapy diffuser that doubles as a conversation piece - this humidifier's rotating umbrella design mists water droplets in a slow spin while distributing your favorite essential oil throughout the room. Rotating umbrella mechanism - visually distinct water-drop misting effect Aromatherapy diffuser function - disperses essential oils evenly through the room Available in White or Black Great for bedrooms, living rooms, and offices - adds ambiance and light humidity along with your favorite scent.",https://nestfinds.com/products/rotating-umbrella-aromatherapy-humidifier-water-drop-essential-oil-diffuser?variant=47338735665186,https://nestfinds.com/products/rotating-umbrella-aromatherapy-humidifier-water-drop-essential-oil-diffuser,https://cdn.shopify.com/s/files/1/0906/9972/6882/files/4_7c3e306f-c8f5-41c5-91b5-6be19404c19b.png?v=1788849638,"https://cdn.shopify.com/s/files/1/0906/9972/6882/files/5_954cbba4-acc5-4c68-8ba5-370a7c441838.png?v=1788849632,https://cdn.shopify.com/s/files/1/0906/9972/6882/files/1_caf35a99-ec3d-4838-a6a9-31944b2a436d.png?v=1788849635,https://cdn.shopify.com/s/files/1/0906/9972/6882/files/6_8ce78dcf-3d13-497c-925b-993d3890df12.png?v=1788849641,https://cdn.shopify.com/s/files/1/0906/9972/6882/files/7_b6776b7c-7afe-4063-a91f-07235665047a.png?v=1788849644,https://cdn.shopify.com/s/files/1/0906/9972/6882/files/2_c331fafa-70d0-45d8-8752-caa11001880b.png?v=1788849647,https://cdn.shopify.com/s/files/1/0906/9972/6882/files/3_d5f66a3c-d523-4dd8-a6b1-64470772d421.png?v=1788849650",49.00 USD,in stock,new,Nest Finds,Humidifiers,613,Black,
shopify_US_8635310440482_47338710499362,8635310440482,"Salad Spinner with Drain Basket - Fast Spin Dryer for Crisp, Dry Greens","Get restaurant-crisp salad greens in seconds - this spin dryer whips excess water off lettuce and vegetables so dressing sticks instead of sliding off. Rapid spinning action - removes moisture in just a few pulls or turns Spacious basket - dries a full head of lettuce or a large batch of herbs at once Built-in drain basket - doubles as a rinse-and-drain colander Durable, high-quality materials - holds up to daily kitchen use Perfect for salads, fresh herbs, berries, and pasta - dry produce fast without soggy paper towels.",https://nestfinds.com/products/salad-spinner-with-drain-basket-fast-spin-dryer-for-crisp-dry-greens,https://nestfinds.com/products/salad-spinner-with-drain-basket-fast-spin-dryer-for-crisp-dry-greens,https://cdn.shopify.com/s/files/1/0906/9972/6882/files/O1CN01dNE8FL1Pkcy1EOqwK__3325181879-0-cib.jpg?v=1788849129,"https://cdn.shopify.com/s/files/1/0906/9972/6882/files/O1CN013IVAYL1clAYy7MFHM__2215809753640-0-cib.jpg?v=1788849132,https://cdn.shopify.com/s/files/1/0906/9972/6882/files/O1CN01qFwjc31Pkcxn6k7bE__3325181879-0-cib.jpg?v=1788849135,https://cdn.shopify.com/s/files/1/0906/9972/6882/files/O1CN01ei1Ave1Pkcy66awBw__3325181879-0-cib.jpg?v=1788849138,https://cdn.shopify.com/s/files/1/0906/9972/6882/files/O1CN01bvIHeb1Pkcy0He8jR__3325181879-0-cib.jpg?v=1788849141,https://cdn.shopify.com/s/files/1/0906/9972/6882/files/O1CN01ZbD1nA1Pkcy66dLs7__3325181879-0-cib.jpg?v=1788849143,https://cdn.shopify.com/s/files/1/0906/9972/6882/files/O1CN01Q8f2qK1Pkd9ElWvef__3325181879-0-cib.jpg?v=1788849146,https://cdn.shopify.com/s/files/1/0906/9972/6882/files/O1CN01Jgwpaz1Pkd9ElWzq6__3325181879-0-cib.jpg?v=1788849149",16.99 USD,in stock,new,Nest Finds,Kitchen Utensil Racks,8012,,
shopify_US_8635316207650_47338718756898,8635316207650,Silicone Countertop Drying Mat - Heat-Resistant Dish Drain Pad,"Protect your counters while dishes dry - this silicone drain pad absorbs drips, resists heat, and lets water run off through raised ridges instead of pooling under your dishware. Heat-resistant silicone - safe under hot pots, pans, and bakeware Raised ridge design - promotes airflow and faster drying, discourages mold Non-slip base - stays put on countertops during use Easy-clean surface - rinses off or wipes down in seconds Great under dish racks, as a trivet, or as a standalone drying mat for glassware, utensils, and cookware.",https://nestfinds.com/products/silicone-countertop-drying-mat-heat-resistant-dish-drain-pad,https://nestfinds.com/products/silicone-countertop-drying-mat-heat-resistant-dish-drain-pad,https://cdn.shopify.com/s/files/1/0906/9972/6882/files/1_8e7874a6-45dd-4619-b2a8-c4f8d7436967.png?v=1788849300,"https://cdn.shopify.com/s/files/1/0906/9972/6882/files/3_f8409df1-763b-4273-ba73-75e4897d960b.png?v=1788849305,https://cdn.shopify.com/s/files/1/0906/9972/6882/files/2_90b90d3a-0939-4040-b2d4-702ef16e849c.png?v=1788849308,https://cdn.shopify.com/s/files/1/0906/9972/6882/files/4_6259e39a-2a73-49e7-89aa-a0bf987a00c0.png?v=1788849312,https://cdn.shopify.com/s/files/1/0906/9972/6882/files/5_c802ba9c-6e87-4ab0-8048-4cf60ab758ad.png?v=1788849315",14.99 USD,in stock,new,Nest Finds,Drain Boards,3268,,
shopify_US_8634671988770_47337758294050,8634671988770,Silicone Sink Splash Guard - Suction Cup Anti-Splash Water Barrier for Kitchen Sinks,"Keep water off your counters and cabinets with a food-grade silicone splash guard that suction-cups directly onto your sink edge - no drilling, no tools. Suction-cup mount - attaches to any smooth sink surface in seconds Food-grade silicone - heat, stain, and odor resistant Clear, low-profile design - blocks splashback without hiding your sink Available in Yellow, Green, or White Ideal for kitchen sinks, prep sinks, and bar sinks where hand-washing dishes or rinsing produce sends water flying.",https://nestfinds.com/products/silicone-sink-splash-guard-suction-cup-anti-splash-water-barrier-for-kitchen-sinks?variant=47337758294050,https://nestfinds.com/products/silicone-sink-splash-guard-suction-cup-anti-splash-water-barrier-for-kitchen-sinks,https://cdn.shopify.com/s/files/1/0906/9972/6882/files/O1CN013OlEzK1EtpNCf99uu__2215725390410-0-cib.jpg?v=1788830824,"https://cdn.shopify.com/s/files/1/0906/9972/6882/files/O1CN01YROZDV1SNDrki4uzg__2206955762234-0-cib.jpg?v=1788830827,https://cdn.shopify.com/s/files/1/0906/9972/6882/files/O1CN018c6jdC1SNDrjS2jKF__2206955762234-0-cib.jpg?v=1788830830,https://cdn.shopify.com/s/files/1/0906/9972/6882/files/O1CN01ZpyHyH1SNDrkkckuH__2206955762234-0-cib.jpg?v=1788830833,https://cdn.shopify.com/s/files/1/0906/9972/6882/files/O1CN017WIGMl1SNDrjL2IEy__2206955762234-0-cib.jpg?v=1788830836,https://cdn.shopify.com/s/files/1/0906/9972/6882/files/O1CN01iKTP401EtpNDBtrBh__2215725390410-0-cib.jpg?v=1788830840,https://cdn.shopify.com/s/files/1/0906/9972/6882/files/O1CN01NfPctx1SNDrjL2lK3__2206955762234-0-cib.jpg?v=1788830842",14.99 USD,in stock,new,Nest Finds,Sink Mats,5080,Yellow,
shopify_US_8634671988770_47337758326818,8634671988770,Silicone Sink Splash Guard - Suction Cup Anti-Splash Water Barrier for Kitchen Sinks,"Keep water off your counters and cabinets with a food-grade silicone splash guard that suction-cups directly onto your sink edge - no drilling, no tools. Suction-cup mount - attaches to any smooth sink surface in seconds Food-grade silicone - heat, stain, and odor resistant Clear, low-profile design - blocks splashback without hiding your sink Available in Yellow, Green, or White Ideal for kitchen sinks, prep sinks, and bar sinks where hand-washing dishes or rinsing produce sends water flying.",https://nestfinds.com/products/silicone-sink-splash-guard-suction-cup-anti-splash-water-barrier-for-kitchen-sinks?variant=47337758326818,https://nestfinds.com/products/silicone-sink-splash-guard-suction-cup-anti-splash-water-barrier-for-kitchen-sinks,https://cdn.shopify.com/s/files/1/0906/9972/6882/files/O1CN01YROZDV1SNDrki4uzg__2206955762234-0-cib.jpg?v=1788830827,"https://cdn.shopify.com/s/files/1/0906/9972/6882/files/O1CN013OlEzK1EtpNCf99uu__2215725390410-0-cib.jpg?v=1788830824,https://cdn.shopify.com/s/files/1/0906/9972/6882/files/O1CN018c6jdC1SNDrjS2jKF__2206955762234-0-cib.jpg?v=1788830830,https://cdn.shopify.com/s/files/1/0906/9972/6882/files/O1CN01ZpyHyH1SNDrkkckuH__2206955762234-0-cib.jpg?v=1788830833,https://cdn.shopify.com/s/files/1/0906/9972/6882/files/O1CN017WIGMl1SNDrjL2IEy__2206955762234-0-cib.jpg?v=1788830836,https://cdn.shopify.com/s/files/1/0906/9972/6882/files/O1CN01iKTP401EtpNDBtrBh__2215725390410-0-cib.jpg?v=1788830840,https://cdn.shopify.com/s/files/1/0906/9972/6882/files/O1CN01NfPctx1SNDrjL2lK3__2206955762234-0-cib.jpg?v=1788830842",14.99 USD,in stock,new,Nest Finds,Sink Mats,5080,Green,
shopify_US_8634671988770_47337758359586,8634671988770,Silicone Sink Splash Guard - Suction Cup Anti-Splash Water Barrier for Kitchen Sinks,"Keep water off your counters and cabinets with a food-grade silicone splash guard that suction-cups directly onto your sink edge - no drilling, no tools. Suction-cup mount - attaches to any smooth sink surface in seconds Food-grade silicone - heat, stain, and odor resistant Clear, low-profile design - blocks splashback without hiding your sink Available in Yellow, Green, or White Ideal for kitchen sinks, prep sinks, and bar sinks where hand-washing dishes or rinsing produce sends water flying.",https://nestfinds.com/products/silicone-sink-splash-guard-suction-cup-anti-splash-water-barrier-for-kitchen-sinks?variant=47337758359586,https://nestfinds.com/products/silicone-sink-splash-guard-suction-cup-anti-splash-water-barrier-for-kitchen-sinks,https://cdn.shopify.com/s/files/1/0906/9972/6882/files/O1CN018c6jdC1SNDrjS2jKF__2206955762234-0-cib.jpg?v=1788830830,"https://cdn.shopify.com/s/files/1/0906/9972/6882/files/O1CN013OlEzK1EtpNCf99uu__2215725390410-0-cib.jpg?v=1788830824,https://cdn.shopify.com/s/files/1/0906/9972/6882/files/O1CN01YROZDV1SNDrki4uzg__2206955762234-0-cib.jpg?v=1788830827,https://cdn.shopify.com/s/files/1/0906/9972/6882/files/O1CN01ZpyHyH1SNDrkkckuH__2206955762234-0-cib.jpg?v=1788830833,https://cdn.shopify.com/s/files/1/0906/9972/6882/files/O1CN017WIGMl1SNDrjL2IEy__2206955762234-0-cib.jpg?v=1788830836,https://cdn.shopify.com/s/files/1/0906/9972/6882/files/O1CN01iKTP401EtpNDBtrBh__2215725390410-0-cib.jpg?v=1788830840,https://cdn.shopify.com/s/files/1/0906/9972/6882/files/O1CN01NfPctx1SNDrjL2lK3__2206955762234-0-cib.jpg?v=1788830842",14.99 USD,in stock,new,Nest Finds,Sink Mats,5080,White,
shopify_US_8634682245154_47337813639202,8634682245154,Silicone Window Squeegee - Streak-Free Glass & Shower Door Cleaner,"Get a streak-free finish on glass and mirrors with this soft silicone squeegee that glides smoothly without scratching delicate surfaces. Soft silicone blade - removes water, soap residue, and dust without scratching Works wet or dry - suited for daily use on multiple surfaces Lightweight, ergonomic design - comfortable grip for extended cleaning Multi-surface use - windows, shower doors, mirrors, and tabletops Ideal for bathrooms, kitchens, and glass surfaces around the home - reduce water spots with minimal effort.",https://nestfinds.com/products/silicone-window-squeegee-streak-free-glass-shower-door-cleaner,https://nestfinds.com/products/silicone-window-squeegee-streak-free-glass-shower-door-cleaner,https://cdn.shopify.com/s/files/1/0906/9972/6882/files/A_1_ef1ad94d-1092-4f00-a466-65d717843a7e.png?v=1788831253,"https://cdn.shopify.com/s/files/1/0906/9972/6882/files/A_6_4d1219ca-0644-4b50-85ae-19a1b49dd9b9.png?v=1788831256,https://cdn.shopify.com/s/files/1/0906/9972/6882/files/A_2_a0c67f6c-689a-43cd-a52f-45258637246d.png?v=1788831259,https://cdn.shopify.com/s/files/1/0906/9972/6882/files/A_3_d0819006-1833-4dff-9f5f-898ea1ddab35.png?v=1788831262,https://cdn.shopify.com/s/files/1/0906/9972/6882/files/A_4_e805276e-021d-4ea0-a072-262f61ea31b9.png?v=1788831265,https://cdn.shopify.com/s/files/1/0906/9972/6882/files/A_5_abb78bb6-4930-4399-8752-41dcd361b8c2.png?v=1788831268",16.99 USD,in stock,new,Nest Finds,Scrub Brushes,4670,,
shopify_US_8635327676450_47338736549922,8635327676450,Snowy Village DIY Night Light Kit - Build-Your-Own Winter Scene Lamp,"Build your own glowing winter village - this DIY night light kit comes with all the pieces to assemble a snowy street scene, then lights it from within for a soft ambient glow. Complete DIY kit - all pieces and instructions included Built-in LED light - illuminates the finished scene with a soft glow Hands-on craft project - suited to kids' rooms, nurseries, or DIY hobbyists A fun weekend project and a functional night light after - great for kids' bedrooms, nurseries, or gifting.",https://nestfinds.com/products/snowy-village-diy-night-light-kit-build-your-own-winter-scene-lamp,https://nestfinds.com/products/snowy-village-diy-night-light-kit-build-your-own-winter-scene-lamp,https://cdn.shopify.com/s/files/1/0906/9972/6882/files/O1CN01QGoRbW1cNoTZrsLM0__2217730503589-0-cib.jpg?v=1788849664,"https://cdn.shopify.com/s/files/1/0906/9972/6882/files/O1CN01t8rD4a1cNoTawdFZi__2217730503589-0-cib.jpg?v=1788849667,https://cdn.shopify.com/s/files/1/0906/9972/6882/files/O1CN01kZkVYQ1cNoTXn65sP__2217730503589-0-cib.jpg?v=1788849669,https://cdn.shopify.com/s/files/1/0906/9972/6882/files/O1CN0118BFQW1cNoTX0hmt5__2217730503589-0-cib.jpg?v=1788849672",17.99 USD,in stock,new,Nest Finds,Night Lights & Ambient Lighting,505826,,
shopify_US_8634681786402_47337812164642,8634681786402,"Soft Bristle Bathroom Cleaning Brush - Gentle Scrub Brush for Tile, Sinks & Toilets","Clean bathroom surfaces without scratching them - this soft, dense-bristle brush lifts dirt and buildup from toilets, sinks, and tile while staying gentle on finishes. Soft, dense bristles - remove dirt and stains without scratching surfaces Ergonomic handle - comfortable grip for hard-to-reach spots Lightweight and durable - built for daily bathroom use Easy to rinse clean - low-maintenance upkeep between scrubs A practical daily essential for toilets, sinks, tile, and other bathroom surfaces.",https://nestfinds.com/products/soft-bristle-bathroom-cleaning-brush-gentle-scrub-brush-for-tile-sinks-toilets,https://nestfinds.com/products/soft-bristle-bathroom-cleaning-brush-gentle-scrub-brush-for-tile-sinks-toilets,https://cdn.shopify.com/s/files/1/0906/9972/6882/files/A_1_5c058fd0-fdf8-46c1-ab41-1f43c673f31c.png?v=1788831175,"https://cdn.shopify.com/s/files/1/0906/9972/6882/files/A_7.png?v=1788831178,https://cdn.shopify.com/s/files/1/0906/9972/6882/files/A_2_64c60235-b988-48a2-9759-58f94df6102a.png?v=1788831181,https://cdn.shopify.com/s/files/1/0906/9972/6882/files/A_3_de3a391a-3d45-468b-bd2f-00a70a5668de.png?v=1788831184,https://cdn.shopify.com/s/files/1/0906/9972/6882/files/A_4_58b480d6-9de4-43c9-bf46-2014b0e1e788.png?v=1788831188,https://cdn.shopify.com/s/files/1/0906/9972/6882/files/A_5_90ff7540-9160-45f1-bbd2-16e456879d09.png?v=1788831191,https://cdn.shopify.com/s/files/1/0906/9972/6882/files/A_6_393f48fa-0699-4fcc-81d8-00115ff764cd.png?v=1788831194",16.99 USD,in stock,new,Nest Finds,Scrub Brushes,4670,,
shopify_US_8634681655330_47337811673122,8634681655330,Stackable Clothes Organizer Boards - Folded Clothing Dividers for Closets & Drawers,"Pull out one shirt without toppling the whole stack - these stackable organizer boards separate folded clothes into individual layers so closets and drawers stay tidy. Individual layer boards - each item gets its own board for mess-free access Stackable design - maximizes vertical storage in closets and on shelves Durable plastic construction - smooth edges won't snag fabric Available in 5-piece or 10-piece sets - scale to fit a shelf or a full closet Great for T-shirts, sweaters, jeans, towels, and baby clothes - fits closets, drawers, dorm rooms, and laundry rooms.",https://nestfinds.com/products/stackable-clothes-organizer-boards-folded-clothing-dividers-for-closets-drawers?variant=47337811673122,https://nestfinds.com/products/stackable-clothes-organizer-boards-folded-clothing-dividers-for-closets-drawers,https://cdn.shopify.com/s/files/1/0906/9972/6882/files/O1CN01TpfDOj225et78hB7V__2220865987069-0-cib.jpg?v=1788831142,"https://cdn.shopify.com/s/files/1/0906/9972/6882/files/4_34d61ce9-4056-4f3f-a914-06cbfe7cbbc3.png?v=1788831145,https://cdn.shopify.com/s/files/1/0906/9972/6882/files/3_65fecb2e-56e1-468e-9ae5-c74d5d5bc5cd.png?v=1788831148,https://cdn.shopify.com/s/files/1/0906/9972/6882/files/2_b75a2c31-c555-4d2b-a737-70f73ed36613.png?v=1788831151,https://cdn.shopify.com/s/files/1/0906/9972/6882/files/5_23fab6fd-e236-4a46-bfdc-127e86d593d6.png?v=1788831154,https://cdn.shopify.com/s/files/1/0906/9972/6882/files/O1CN01FMDmvD225et78k83s__2220865987069-0-cib.jpg?v=1788831157,https://cdn.shopify.com/s/files/1/0906/9972/6882/files/6_4540c231-0931-48e8-8fc5-24177d27023c.png?v=1788831160,https://cdn.shopify.com/s/files/1/0906/9972/6882/files/7_679f5f65-639e-48c1-9b49-cd79c94ed26a.png?v=1788831164,https://cdn.shopify.com/s/files/1/0906/9972/6882/files/1_38bdd5e6-2be4-402b-96de-34a5bf3b1faa.png?v=1788831169,https://cdn.shopify.com/s/files/1/0906/9972/6882/files/O1CN01OvbmC5225et7ZaP3S__2220865987069-0-cib.jpg?v=1788831174",12.99 USD,in stock,new,Nest Finds,Closet Organizers & Garment Racks,5714,,5 PCS
shopify_US_8634681655330_47337811705890,8634681655330,Stackable Clothes Organizer Boards - Folded Clothing Dividers for Closets & Drawers,"Pull out one shirt without toppling the whole stack - these stackable organizer boards separate folded clothes into individual layers so closets and drawers stay tidy. Individual layer boards - each item gets its own board for mess-free access Stackable design - maximizes vertical storage in closets and on shelves Durable plastic construction - smooth edges won't snag fabric Available in 5-piece or 10-piece sets - scale to fit a shelf or a full closet Great for T-shirts, sweaters, jeans, towels, and baby clothes - fits closets, drawers, dorm rooms, and laundry rooms.",https://nestfinds.com/products/stackable-clothes-organizer-boards-folded-clothing-dividers-for-closets-drawers?variant=47337811705890,https://nestfinds.com/products/stackable-clothes-organizer-boards-folded-clothing-dividers-for-closets-drawers,https://cdn.shopify.com/s/files/1/0906/9972/6882/files/O1CN01TpfDOj225et78hB7V__2220865987069-0-cib.jpg?v=1788831142,"https://cdn.shopify.com/s/files/1/0906/9972/6882/files/4_34d61ce9-4056-4f3f-a914-06cbfe7cbbc3.png?v=1788831145,https://cdn.shopify.com/s/files/1/0906/9972/6882/files/3_65fecb2e-56e1-468e-9ae5-c74d5d5bc5cd.png?v=1788831148,https://cdn.shopify.com/s/files/1/0906/9972/6882/files/2_b75a2c31-c555-4d2b-a737-70f73ed36613.png?v=1788831151,https://cdn.shopify.com/s/files/1/0906/9972/6882/files/5_23fab6fd-e236-4a46-bfdc-127e86d593d6.png?v=1788831154,https://cdn.shopify.com/s/files/1/0906/9972/6882/files/O1CN01FMDmvD225et78k83s__2220865987069-0-cib.jpg?v=1788831157,https://cdn.shopify.com/s/files/1/0906/9972/6882/files/6_4540c231-0931-48e8-8fc5-24177d27023c.png?v=1788831160,https://cdn.shopify.com/s/files/1/0906/9972/6882/files/7_679f5f65-639e-48c1-9b49-cd79c94ed26a.png?v=1788831164,https://cdn.shopify.com/s/files/1/0906/9972/6882/files/1_38bdd5e6-2be4-402b-96de-34a5bf3b1faa.png?v=1788831169,https://cdn.shopify.com/s/files/1/0906/9972/6882/files/O1CN01OvbmC5225et7ZaP3S__2220865987069-0-cib.jpg?v=1788831174",19.99 USD,in stock,new,Nest Finds,Closet Organizers & Garment Racks,5714,,10 PCS
shopify_US_8634670874658_47337757048866,8634670874658,Stackable Egg Storage Box for Refrigerator - Fridge Egg Organizer Container,"Keep eggs safe from cracking and easy to count with a stackable egg storage box built to fit neatly in any refrigerator shelf or door. Individual egg compartments - cushion each egg to prevent cracking and cross-contamination Small and large sizes - hold up to 20 or 30 eggs depending on household size Stackable, space-saving shape - fits standard fridge shelves without wasting space Great for weekly grocery hauls, meal preppers, and anyone tired of losing eggs to a flimsy carton.",https://nestfinds.com/products/stackable-egg-storage-box-for-refrigerator-fridge-egg-organizer-container?variant=47337757048866,https://nestfinds.com/products/stackable-egg-storage-box-for-refrigerator-fridge-egg-organizer-container,https://cdn.shopify.com/s/files/1/0906/9972/6882/files/1_c16e5161-69d3-4578-84bd-3c1140509b46.png?v=1788830798,"https://cdn.shopify.com/s/files/1/0906/9972/6882/files/2_0958663f-f788-42f4-b6c1-d4cc77c46f58.png?v=1788830800,https://cdn.shopify.com/s/files/1/0906/9972/6882/files/3_3800b1e7-a8ff-48fa-98ea-d7c7b33dad40.png?v=1788830803",14.99 USD,in stock,new,Nest Finds,Food Storage Containers,667,,Small (Up to 20 Eggs)
shopify_US_8634670874658_47337757147170,8634670874658,Stackable Egg Storage Box for Refrigerator - Fridge Egg Organizer Container,"Keep eggs safe from cracking and easy to count with a stackable egg storage box built to fit neatly in any refrigerator shelf or door. Individual egg compartments - cushion each egg to prevent cracking and cross-contamination Small and large sizes - hold up to 20 or 30 eggs depending on household size Stackable, space-saving shape - fits standard fridge shelves without wasting space Great for weekly grocery hauls, meal preppers, and anyone tired of losing eggs to a flimsy carton.",https://nestfinds.com/products/stackable-egg-storage-box-for-refrigerator-fridge-egg-organizer-container?variant=47337757147170,https://nestfinds.com/products/stackable-egg-storage-box-for-refrigerator-fridge-egg-organizer-container,https://cdn.shopify.com/s/files/1/0906/9972/6882/files/1_c16e5161-69d3-4578-84bd-3c1140509b46.png?v=1788830798,"https://cdn.shopify.com/s/files/1/0906/9972/6882/files/2_0958663f-f788-42f4-b6c1-d4cc77c46f58.png?v=1788830800,https://cdn.shopify.com/s/files/1/0906/9972/6882/files/3_3800b1e7-a8ff-48fa-98ea-d7c7b33dad40.png?v=1788830803",17.99 USD,in stock,new,Nest Finds,Food Storage Containers,667,,Large (Up to 30 Eggs)
shopify_US_8634681393186_47337811116066,8634681393186,Stackable Refrigerator Egg Storage Box - Fridge Egg Holder & Organizer,"Stop losing eggs to cracked cartons - this stackable egg storage box keeps eggs organized, protected, and easy to grab every time you open the fridge. Individual egg compartments - cushions each egg to prevent cracking Stackable, space-saving shape - fits neatly on refrigerator shelves or door bins Clear visibility design - see at a glance how many eggs are left Available in Yellow or White Perfect for daily breakfast prep, baking, or meal-prepping - keep eggs fresher, longer, and free of fridge clutter.",https://nestfinds.com/products/stackable-refrigerator-egg-storage-box-fridge-egg-holder-organizer?variant=47337811116066,https://nestfinds.com/products/stackable-refrigerator-egg-storage-box-fridge-egg-holder-organizer,https://cdn.shopify.com/s/files/1/0906/9972/6882/files/Sb2150a6334e34d8d9460dac35e3bc83cf.webp?v=1788831111,"https://cdn.shopify.com/s/files/1/0906/9972/6882/files/S2107f4f9671346ab9afd4056af8e08162.webp?v=1788831099,https://cdn.shopify.com/s/files/1/0906/9972/6882/files/S70763f8adc57419e92f271fd82f29d63h.webp?v=1788831102,https://cdn.shopify.com/s/files/1/0906/9972/6882/files/S3e6b07e4a56b4af68d6ae3c22c778286z.webp?v=1788831105,https://cdn.shopify.com/s/files/1/0906/9972/6882/files/S3bbe0ec8fd584525adf5cc33f12aa765p.webp?v=1788831108,https://cdn.shopify.com/s/files/1/0906/9972/6882/files/S12048bb13b1543cb96d906c5e0f9f23ew.webp?v=1788831113,https://cdn.shopify.com/s/files/1/0906/9972/6882/files/Sd40165ea62ee40858619047527767130U.webp?v=1788831116,https://cdn.shopify.com/s/files/1/0906/9972/6882/files/S48b3eb85bd1944d2893c765fc9e6ad84L.webp?v=1788831119",12.99 USD,in stock,new,Nest Finds,Refrigerator Accessories,3848,Yellow,
shopify_US_8634681393186_47337811148834,8634681393186,Stackable Refrigerator Egg Storage Box - Fridge Egg Holder & Organizer,"Stop losing eggs to cracked cartons - this stackable egg storage box keeps eggs organized, protected, and easy to grab every time you open the fridge. Individual egg compartments - cushions each egg to prevent cracking Stackable, space-saving shape - fits neatly on refrigerator shelves or door bins Clear visibility design - see at a glance how many eggs are left Available in Yellow or White Perfect for daily breakfast prep, baking, or meal-prepping - keep eggs fresher, longer, and free of fridge clutter.",https://nestfinds.com/products/stackable-refrigerator-egg-storage-box-fridge-egg-holder-organizer?variant=47337811148834,https://nestfinds.com/products/stackable-refrigerator-egg-storage-box-fridge-egg-holder-organizer,https://cdn.shopify.com/s/files/1/0906/9972/6882/files/S3bbe0ec8fd584525adf5cc33f12aa765p.webp?v=1788831108,"https://cdn.shopify.com/s/files/1/0906/9972/6882/files/S2107f4f9671346ab9afd4056af8e08162.webp?v=1788831099,https://cdn.shopify.com/s/files/1/0906/9972/6882/files/S70763f8adc57419e92f271fd82f29d63h.webp?v=1788831102,https://cdn.shopify.com/s/files/1/0906/9972/6882/files/S3e6b07e4a56b4af68d6ae3c22c778286z.webp?v=1788831105,https://cdn.shopify.com/s/files/1/0906/9972/6882/files/Sb2150a6334e34d8d9460dac35e3bc83cf.webp?v=1788831111,https://cdn.shopify.com/s/files/1/0906/9972/6882/files/S12048bb13b1543cb96d906c5e0f9f23ew.webp?v=1788831113,https://cdn.shopify.com/s/files/1/0906/9972/6882/files/Sd40165ea62ee40858619047527767130U.webp?v=1788831116,https://cdn.shopify.com/s/files/1/0906/9972/6882/files/S48b3eb85bd1944d2893c765fc9e6ad84L.webp?v=1788831119",12.99 USD,in stock,new,Nest Finds,Refrigerator Accessories,3848,White,
shopify_US_8634671235106_47337757474850,8634671235106,Steel Stove Scrub Brush - Heavy-Duty Cooktop & Grease Cleaning Brush,"Cut through baked-on grease and burnt food on your stovetop without scratching the surface - this steel-bristle brush is built specifically for demanding kitchen cleanup. Steel bristles - cut through carbonized grease and burnt residue Densely-packed bristle head - delivers strong scrubbing power in fewer passes Reinforced handle - stable grip and control during heavy scrubbing Heat and wear resistant - built for repeated use on hot cooking surfaces An essential tool for stovetops, grill grates, and other tough kitchen cleanup jobs.",https://nestfinds.com/products/steel-stove-scrub-brush-heavy-duty-cooktop-grease-cleaning-brush,https://nestfinds.com/products/steel-stove-scrub-brush-heavy-duty-cooktop-grease-cleaning-brush,https://cdn.shopify.com/s/files/1/0906/9972/6882/files/3_ca32f79d-56dd-4f26-b376-2e541a741421.png?v=1788830805,"https://cdn.shopify.com/s/files/1/0906/9972/6882/files/2_590b52a2-3f00-44ce-8d54-ec620b7c9bd0.png?v=1788830808,https://cdn.shopify.com/s/files/1/0906/9972/6882/files/1_7a8d3051-0e78-444e-96d1-91f127dedcbf.png?v=1788830811",9.99 USD,in stock,new,Nest Finds,Scrub Brushes,4670,,
shopify_US_8634682376226_47337813770274,8634682376226,Sticky Lint Roller - Pet Hair & Dust Remover for Furniture and Clothing,"Lift pet hair, dust, and lint off furniture and fabric in seconds with this reliable sticky lint roller. Strong adhesive sheets - grabs hair and debris without damaging delicate fabrics Multi-surface use - works on sofas, car seats, bedding, and clothing Replaceable sheets - peel away for continuous cleaning power Compact, easy-grip design - quick touch-ups anywhere in the home A must-have for pet owners - keep sofas, car interiors, and closets fresh and hair-free.",https://nestfinds.com/products/sticky-lint-roller-pet-hair-dust-remover-for-furniture-and-clothing,https://nestfinds.com/products/sticky-lint-roller-pet-hair-dust-remover-for-furniture-and-clothing,https://cdn.shopify.com/s/files/1/0906/9972/6882/files/brush_3_218f2962-d264-4c70-bc59-b08c1cc5401b.png?v=1788831278,"https://cdn.shopify.com/s/files/1/0906/9972/6882/files/brush_4_60991688-02c9-492d-82e2-94579b765e3d.png?v=1788831281,https://cdn.shopify.com/s/files/1/0906/9972/6882/files/brush_5_548652d0-28fd-4612-bb3e-eb58ecc29e7f.png?v=1788831284,https://cdn.shopify.com/s/files/1/0906/9972/6882/files/brush_2_07b3bf8a-0afb-4d1d-b474-da5171583dc7.png?v=1788831287,https://cdn.shopify.com/s/files/1/0906/9972/6882/files/brush_1_be90bf97-dc2e-4fae-9ebd-52358462546d.png?v=1788831289",29.99 USD,in stock,new,Nest Finds,Mops,2713,,
shopify_US_8635316535330_47338719084578,8635316535330,Suction Cup Massage Bath Brush - Hands-Free Foaming Exfoliating Body Brush,"Turn your shower into a mini spa - this suction-cup bath brush sticks to the tub or shower wall for hands-free exfoliation and massage. Secure suction cup base - mounts to tub or shower wall for hands-free use Soft massage bristles - exfoliates while soothing skin Foaming action - builds a rich lather with your favorite body wash Available in Purple, Blue, Pink, or Beige Great for daily showers, back exfoliation, and at-home spa routines - smooth, refreshed skin without the awkward reach.",https://nestfinds.com/products/suction-cup-massage-bath-brush-hands-free-foaming-exfoliating-body-brush?variant=47338719084578,https://nestfinds.com/products/suction-cup-massage-bath-brush-hands-free-foaming-exfoliating-body-brush,https://cdn.shopify.com/s/files/1/0906/9972/6882/files/O1CN01oM59aA1yWRQrlJIcH__2216972926586-0-cib.jpg?v=1788849319,"https://cdn.shopify.com/s/files/1/0906/9972/6882/files/O1CN01CqCPmi1yWRQw5xqHy__2216972926586-0-cib.jpg?v=1788849311,https://cdn.shopify.com/s/files/1/0906/9972/6882/files/O1CN014pvAcF1yWRQs9wsVF__2216972926586-0-cib.jpg?v=1788849314,https://cdn.shopify.com/s/files/1/0906/9972/6882/files/O1CN01QBSss81yWRQtyL64P__2216972926586-0-cib.jpg?v=1788849317,https://cdn.shopify.com/s/files/1/0906/9972/6882/files/O1CN01CSa2UU1yWRQtlH3sg__2216972926586-0-cib.jpg?v=1788849322,https://cdn.shopify.com/s/files/1/0906/9972/6882/files/O1CN01EQQaUZ1yWRQxGGgKD__2216972926586-0-cib.jpg?v=1788849325,https://cdn.shopify.com/s/files/1/0906/9972/6882/files/O1CN01N6zO9z1yWRQqkV1vl__2216972926586-0-cib.jpg?v=1788849328,https://cdn.shopify.com/s/files/1/0906/9972/6882/files/O1CN01xScHyF1yWRQyeggXI__2216972926586-0-cib.jpg?v=1788849331,https://cdn.shopify.com/s/files/1/0906/9972/6882/files/O1CN01sZjYr01yWRQmHBAyb__2216972926586-0-cib.jpg?v=1788849334,https://cdn.shopify.com/s/files/1/0906/9972/6882/files/O1CN018agiVJ1yWRQs973Jh__2216972926586-0-cib.jpg?v=1788849336,https://cdn.shopify.com/s/files/1/0906/9972/6882/files/O1CN01rQvD261yWRQtlJkAz__2216972926586-0-cib.jpg?v=1788849340",12.99 USD,in stock,new,Nest Finds,Bath Brushes,2876,Purple,
shopify_US_8635316535330_47338719117346,8635316535330,Suction Cup Massage Bath Brush - Hands-Free Foaming Exfoliating Body Brush,"Turn your shower into a mini spa - this suction-cup bath brush sticks to the tub or shower wall for hands-free exfoliation and massage. Secure suction cup base - mounts to tub or shower wall for hands-free use Soft massage bristles - exfoliates while soothing skin Foaming action - builds a rich lather with your favorite body wash Available in Purple, Blue, Pink, or Beige Great for daily showers, back exfoliation, and at-home spa routines - smooth, refreshed skin without the awkward reach.",https://nestfinds.com/products/suction-cup-massage-bath-brush-hands-free-foaming-exfoliating-body-brush?variant=47338719117346,https://nestfinds.com/products/suction-cup-massage-bath-brush-hands-free-foaming-exfoliating-body-brush,https://cdn.shopify.com/s/files/1/0906/9972/6882/files/O1CN01CSa2UU1yWRQtlH3sg__2216972926586-0-cib.jpg?v=1788849322,"https://cdn.shopify.com/s/files/1/0906/9972/6882/files/O1CN01CqCPmi1yWRQw5xqHy__2216972926586-0-cib.jpg?v=1788849311,https://cdn.shopify.com/s/files/1/0906/9972/6882/files/O1CN014pvAcF1yWRQs9wsVF__2216972926586-0-cib.jpg?v=1788849314,https://cdn.shopify.com/s/files/1/0906/9972/6882/files/O1CN01QBSss81yWRQtyL64P__2216972926586-0-cib.jpg?v=1788849317,https://cdn.shopify.com/s/files/1/0906/9972/6882/files/O1CN01oM59aA1yWRQrlJIcH__2216972926586-0-cib.jpg?v=1788849319,https://cdn.shopify.com/s/files/1/0906/9972/6882/files/O1CN01EQQaUZ1yWRQxGGgKD__2216972926586-0-cib.jpg?v=1788849325,https://cdn.shopify.com/s/files/1/0906/9972/6882/files/O1CN01N6zO9z1yWRQqkV1vl__2216972926586-0-cib.jpg?v=1788849328,https://cdn.shopify.com/s/files/1/0906/9972/6882/files/O1CN01xScHyF1yWRQyeggXI__2216972926586-0-cib.jpg?v=1788849331,https://cdn.shopify.com/s/files/1/0906/9972/6882/files/O1CN01sZjYr01yWRQmHBAyb__2216972926586-0-cib.jpg?v=1788849334,https://cdn.shopify.com/s/files/1/0906/9972/6882/files/O1CN018agiVJ1yWRQs973Jh__2216972926586-0-cib.jpg?v=1788849336,https://cdn.shopify.com/s/files/1/0906/9972/6882/files/O1CN01rQvD261yWRQtlJkAz__2216972926586-0-cib.jpg?v=1788849340",12.99 USD,in stock,new,Nest Finds,Bath Brushes,2876,Blue,
shopify_US_8635316535330_47338719150114,8635316535330,Suction Cup Massage Bath Brush - Hands-Free Foaming Exfoliating Body Brush,"Turn your shower into a mini spa - this suction-cup bath brush sticks to the tub or shower wall for hands-free exfoliation and massage. Secure suction cup base - mounts to tub or shower wall for hands-free use Soft massage bristles - exfoliates while soothing skin Foaming action - builds a rich lather with your favorite body wash Available in Purple, Blue, Pink, or Beige Great for daily showers, back exfoliation, and at-home spa routines - smooth, refreshed skin without the awkward reach.",https://nestfinds.com/products/suction-cup-massage-bath-brush-hands-free-foaming-exfoliating-body-brush?variant=47338719150114,https://nestfinds.com/products/suction-cup-massage-bath-brush-hands-free-foaming-exfoliating-body-brush,https://cdn.shopify.com/s/files/1/0906/9972/6882/files/O1CN01QBSss81yWRQtyL64P__2216972926586-0-cib.jpg?v=1788849317,"https://cdn.shopify.com/s/files/1/0906/9972/6882/files/O1CN01CqCPmi1yWRQw5xqHy__2216972926586-0-cib.jpg?v=1788849311,https://cdn.shopify.com/s/files/1/0906/9972/6882/files/O1CN014pvAcF1yWRQs9wsVF__2216972926586-0-cib.jpg?v=1788849314,https://cdn.shopify.com/s/files/1/0906/9972/6882/files/O1CN01oM59aA1yWRQrlJIcH__2216972926586-0-cib.jpg?v=1788849319,https://cdn.shopify.com/s/files/1/0906/9972/6882/files/O1CN01CSa2UU1yWRQtlH3sg__2216972926586-0-cib.jpg?v=1788849322,https://cdn.shopify.com/s/files/1/0906/9972/6882/files/O1CN01EQQaUZ1yWRQxGGgKD__2216972926586-0-cib.jpg?v=1788849325,https://cdn.shopify.com/s/files/1/0906/9972/6882/files/O1CN01N6zO9z1yWRQqkV1vl__2216972926586-0-cib.jpg?v=1788849328,https://cdn.shopify.com/s/files/1/0906/9972/6882/files/O1CN01xScHyF1yWRQyeggXI__2216972926586-0-cib.jpg?v=1788849331,https://cdn.shopify.com/s/files/1/0906/9972/6882/files/O1CN01sZjYr01yWRQmHBAyb__2216972926586-0-cib.jpg?v=1788849334,https://cdn.shopify.com/s/files/1/0906/9972/6882/files/O1CN018agiVJ1yWRQs973Jh__2216972926586-0-cib.jpg?v=1788849336,https://cdn.shopify.com/s/files/1/0906/9972/6882/files/O1CN01rQvD261yWRQtlJkAz__2216972926586-0-cib.jpg?v=1788849340",12.99 USD,in stock,new,Nest Finds,Bath Brushes,2876,Pink,
shopify_US_8635316535330_47338719182882,8635316535330,Suction Cup Massage Bath Brush - Hands-Free Foaming Exfoliating Body Brush,"Turn your shower into a mini spa - this suction-cup bath brush sticks to the tub or shower wall for hands-free exfoliation and massage. Secure suction cup base - mounts to tub or shower wall for hands-free use Soft massage bristles - exfoliates while soothing skin Foaming action - builds a rich lather with your favorite body wash Available in Purple, Blue, Pink, or Beige Great for daily showers, back exfoliation, and at-home spa routines - smooth, refreshed skin without the awkward reach.",https://nestfinds.com/products/suction-cup-massage-bath-brush-hands-free-foaming-exfoliating-body-brush?variant=47338719182882,https://nestfinds.com/products/suction-cup-massage-bath-brush-hands-free-foaming-exfoliating-body-brush,https://cdn.shopify.com/s/files/1/0906/9972/6882/files/O1CN01N6zO9z1yWRQqkV1vl__2216972926586-0-cib.jpg?v=1788849328,"https://cdn.shopify.com/s/files/1/0906/9972/6882/files/O1CN01CqCPmi1yWRQw5xqHy__2216972926586-0-cib.jpg?v=1788849311,https://cdn.shopify.com/s/files/1/0906/9972/6882/files/O1CN014pvAcF1yWRQs9wsVF__2216972926586-0-cib.jpg?v=1788849314,https://cdn.shopify.com/s/files/1/0906/9972/6882/files/O1CN01QBSss81yWRQtyL64P__2216972926586-0-cib.jpg?v=1788849317,https://cdn.shopify.com/s/files/1/0906/9972/6882/files/O1CN01oM59aA1yWRQrlJIcH__2216972926586-0-cib.jpg?v=1788849319,https://cdn.shopify.com/s/files/1/0906/9972/6882/files/O1CN01CSa2UU1yWRQtlH3sg__2216972926586-0-cib.jpg?v=1788849322,https://cdn.shopify.com/s/files/1/0906/9972/6882/files/O1CN01EQQaUZ1yWRQxGGgKD__2216972926586-0-cib.jpg?v=1788849325,https://cdn.shopify.com/s/files/1/0906/9972/6882/files/O1CN01xScHyF1yWRQyeggXI__2216972926586-0-cib.jpg?v=1788849331,https://cdn.shopify.com/s/files/1/0906/9972/6882/files/O1CN01sZjYr01yWRQmHBAyb__2216972926586-0-cib.jpg?v=1788849334,https://cdn.shopify.com/s/files/1/0906/9972/6882/files/O1CN018agiVJ1yWRQs973Jh__2216972926586-0-cib.jpg?v=1788849336,https://cdn.shopify.com/s/files/1/0906/9972/6882/files/O1CN01rQvD261yWRQtlJkAz__2216972926586-0-cib.jpg?v=1788849340",12.99 USD,in stock,new,Nest Finds,Bath Brushes,2876,Beige,
shopify_US_8635329871906_47338738941986,8635329871906,Suction Cup Paper Towel Holder - No-Drill Kitchen Wall Mount,"Mount a paper towel holder anywhere smooth, no drilling required - strong suction cups grip tile, glass, or stainless steel, keeping towels within reach and your counter clear. High-strength suction mount - no tools, screws, or wall damage Fits smooth surfaces - tile, glass, stainless steel, and more Space-saving design - keeps towels off the counter and easy to reach Durable, moisture-resistant build - holds up to daily kitchen humidity Ideal for kitchens, bathrooms, or RVs - anywhere you want a paper towel holder without permanent hardware.",https://nestfinds.com/products/suction-cup-paper-towel-holder-no-drill-kitchen-wall-mount,https://nestfinds.com/products/suction-cup-paper-towel-holder-no-drill-kitchen-wall-mount,https://cdn.shopify.com/s/files/1/0906/9972/6882/files/4_1ff1c615-4f5d-4f11-a2ac-c19861c6fad3.png?v=1788849731,"https://cdn.shopify.com/s/files/1/0906/9972/6882/files/3_549c0cac-8ca2-479b-bab3-7c52ff8ad51f.png?v=1788849734,https://cdn.shopify.com/s/files/1/0906/9972/6882/files/1_11b98683-34a9-4e6d-bd8e-702a679678a1.png?v=1788849738,https://cdn.shopify.com/s/files/1/0906/9972/6882/files/2_5b487c35-6efb-410d-a226-a8c976811896.png?v=1788849741",12.99 USD,in stock,new,Nest Finds,Paper Towel Holders,3061,,
shopify_US_8635318861858_47338722197538,8635318861858,Tile Corner Cleaning Brush - Flexible Bristle Scrub Brush for Tight Grout Lines,"Get into the corners a standard brush can't reach - flexible bristles and an ergonomic handle make quick work of grout lines and tile edges. Flexible bristle head - bends to reach tight corners and grout lines Ergonomic handle - comfortable grip reduces hand fatigue while scrubbing Durable construction - built to handle tough, stuck-on grime Dual-room use - works equally well in bathrooms and kitchens Ideal for shower tile, kitchen backsplash, and grout lines - sparkling corners without the scrubbing strain.",https://nestfinds.com/products/tile-corner-cleaning-brush-flexible-bristle-scrub-brush-for-tight-grout-lines,https://nestfinds.com/products/tile-corner-cleaning-brush-flexible-bristle-scrub-brush-for-tight-grout-lines,https://cdn.shopify.com/s/files/1/0906/9972/6882/files/1_3da76c23-ec71-49e5-bd34-2f4e7da0474e.png?v=1788849390,"https://cdn.shopify.com/s/files/1/0906/9972/6882/files/3_e0de7647-1ba7-4a7f-b71f-13db89977529.png?v=1788849393,https://cdn.shopify.com/s/files/1/0906/9972/6882/files/2_817a50b8-766b-470e-86ae-56d56a8767b2.png?v=1788849396,https://cdn.shopify.com/s/files/1/0906/9972/6882/files/5_c4500f7d-494f-416e-9ac2-3857438f2a9c.png?v=1788849399,https://cdn.shopify.com/s/files/1/0906/9972/6882/files/4_9a1cf212-c1be-4395-99c3-de5b0fe7a21f.png?v=1788849403,https://cdn.shopify.com/s/files/1/0906/9972/6882/files/6_16851e35-9d62-467e-bdd2-521c67ce412d.png?v=1788849405,https://cdn.shopify.com/s/files/1/0906/9972/6882/files/7_815a1282-ae27-4600-9a3e-c0d0a30c0d64.png?v=1788849408",12.99 USD,in stock,new,Nest Finds,Scrub Brushes,4670,,
shopify_US_8634683260962_47337815179298,8634683260962,Touchless Smart Soap Dispenser - Infrared Automatic Hand Soap Pump,"Skip the germy soap pump - this infrared smart dispenser releases the perfect amount of soap automatically, no touching required. Infrared motion sensor - touchless dispensing reduces cross-contamination Precise soap portions - reduces waste with every use Battery-powered operation - runs for months between changes Compact, modern design - fits kitchen and bathroom counters Available in White or Black - matches most decor Great for kitchens, bathrooms, and high-traffic family homes prioritizing hygiene and convenience.",https://nestfinds.com/products/touchless-smart-soap-dispenser-infrared-automatic-hand-soap-pump?variant=47337815179298,https://nestfinds.com/products/touchless-smart-soap-dispenser-infrared-automatic-hand-soap-pump,https://cdn.shopify.com/s/files/1/0906/9972/6882/files/O1CN01jjZx1g23yRsFujsBu__2220692157324-0-cib.jpg?v=1788831391,https://cdn.shopify.com/s/files/1/0906/9972/6882/files/O1CN01NJjDVm23yRsnjSXM7__2220692157324-0-cib.jpg?v=1788831394,44.95 USD,in stock,new,Nest Finds,Soap & Lotion Dispensers,4971,White,
shopify_US_8634683260962_47337815212066,8634683260962,Touchless Smart Soap Dispenser - Infrared Automatic Hand Soap Pump,"Skip the germy soap pump - this infrared smart dispenser releases the perfect amount of soap automatically, no touching required. Infrared motion sensor - touchless dispensing reduces cross-contamination Precise soap portions - reduces waste with every use Battery-powered operation - runs for months between changes Compact, modern design - fits kitchen and bathroom counters Available in White or Black - matches most decor Great for kitchens, bathrooms, and high-traffic family homes prioritizing hygiene and convenience.",https://nestfinds.com/products/touchless-smart-soap-dispenser-infrared-automatic-hand-soap-pump?variant=47337815212066,https://nestfinds.com/products/touchless-smart-soap-dispenser-infrared-automatic-hand-soap-pump,https://cdn.shopify.com/s/files/1/0906/9972/6882/files/O1CN01NJjDVm23yRsnjSXM7__2220692157324-0-cib.jpg?v=1788831394,https://cdn.shopify.com/s/files/1/0906/9972/6882/files/O1CN01jjZx1g23yRsFujsBu__2220692157324-0-cib.jpg?v=1788831391,44.95 USD,in stock,new,Nest Finds,Soap & Lotion Dispensers,4971,Black,
shopify_US_8635328364578_47338737270818,8635328364578,Train-Shaped Aromatherapy Essential Oil Diffuser Humidifier,"A steam-powered look for your desk - this train-shaped diffuser releases a gentle mist infused with essential oil, adding humidity and fragrance with a design that stands out from typical round diffusers. Essential oil diffuser + humidifier - adds fragrance and moisture together Train-shaped design - a distinctive accent for desks, shelves, or kids' rooms Built for consistent daily use Great for home offices, bedrooms, and kids' rooms - a diffuser that doubles as a decorative piece.",https://nestfinds.com/products/train-shaped-aromatherapy-essential-oil-diffuser-humidifier,https://nestfinds.com/products/train-shaped-aromatherapy-essential-oil-diffuser-humidifier,https://cdn.shopify.com/s/files/1/0906/9972/6882/files/3_9de4c51f-da10-4d75-aaa0-c9adf91400ac.png?v=1788849685,"https://cdn.shopify.com/s/files/1/0906/9972/6882/files/2_b9eeca8f-65e7-44f6-b5f5-7a46edc7e0a6.png?v=1788849688,https://cdn.shopify.com/s/files/1/0906/9972/6882/files/4_7cc26c67-e0c8-4cc7-95ed-0b5612c5e550.png?v=1788849691,https://cdn.shopify.com/s/files/1/0906/9972/6882/files/5_6a0df1dc-d9a8-4402-b182-d664732e4472.png?v=1788849694,https://cdn.shopify.com/s/files/1/0906/9972/6882/files/1_23c77a1a-01f9-4768-96e9-22e2a32753c3.png?v=1788849697",79.00 USD,in stock,new,Nest Finds,Electric Diffusers,613,,
shopify_US_8635317747746_47338720886818,8635317747746,Triangle Sink Corner Drain Rack - Space-Saving Kitchen Dish Organizer,"Turn a wasted sink corner into drying space - this triangular rack tucks neatly into the corner of your sink so dishes, utensils, and produce drain directly into the basin instead of onto your counter. Corner-fit triangular shape - uses sink space other racks can't reach Direct drainage into the sink - no water pooling on your countertop Durable, easy-clean material - holds up to daily kitchen use Compact footprint - keeps countertops clear and organized Great for drying dishes, draining washed produce, or holding sponges and scrub brushes within reach of the sink.",https://nestfinds.com/products/triangle-sink-corner-drain-rack-space-saving-kitchen-dish-organizer,https://nestfinds.com/products/triangle-sink-corner-drain-rack-space-saving-kitchen-dish-organizer,https://cdn.shopify.com/s/files/1/0906/9972/6882/files/5_659003d6-85f9-4e94-b990-6563aa53d560.png?v=1788849349,"https://cdn.shopify.com/s/files/1/0906/9972/6882/files/1_d61109ee-416a-495e-a321-3df1a17050e5.png?v=1788849352,https://cdn.shopify.com/s/files/1/0906/9972/6882/files/4_2446c993-6699-4d7b-9dfe-e5213c1f4615.png?v=1788849356,https://cdn.shopify.com/s/files/1/0906/9972/6882/files/3_757e983d-3a98-4efd-94d8-be367f8178ad.png?v=1788849359,https://cdn.shopify.com/s/files/1/0906/9972/6882/files/2_81d8999a-f60f-44c1-9350-f43ace145ea1.png?v=1788849362",14.99 USD,in stock,new,Nest Finds,Dish Racks,3268,,
shopify_US_8634681884706_47337812394018,8634681884706,Triangular Window Screen Cleaning Brush - No-Disassembly Mesh & Glass Cleaner,"Clean window screens without taking them down - this triangular brush scrubs both mesh screens and glass in place, reaching corners standard rectangular brushes miss. No-disassembly cleaning - scrub screens directly on the frame, no uninstalling required Triangular design - reaches deep into window corners and edges High-density bristles - lift dust, pollen, pet hair, and grime from fine mesh Extended handle - clean upper-floor and high-rise windows from indoors safely Rinse-and-reuse - bristles wash clean under the tap for repeated use Perfect for apartments, high-rise units, and homes with window screens that are a hassle to remove.",https://nestfinds.com/products/triangular-window-screen-cleaning-brush-no-disassembly-mesh-glass-cleaner,https://nestfinds.com/products/triangular-window-screen-cleaning-brush-no-disassembly-mesh-glass-cleaner,https://cdn.shopify.com/s/files/1/0906/9972/6882/files/5_63721a0c-5b30-4c3b-a0c0-5a20d72b7d7c.png?v=1788831189,"https://cdn.shopify.com/s/files/1/0906/9972/6882/files/1_c3a927d4-630b-44bc-880a-06593bda288f.png?v=1788831192,https://cdn.shopify.com/s/files/1/0906/9972/6882/files/2_4fff414e-4e1f-48be-b3f5-627422ec3f0c.png?v=1788831195,https://cdn.shopify.com/s/files/1/0906/9972/6882/files/3_6986eac5-8aa4-44a2-a66e-c490d90272f6.png?v=1788831198,https://cdn.shopify.com/s/files/1/0906/9972/6882/files/4_a212a6d2-cd53-49ad-b5a3-82bf49550a20.png?v=1788831201",14.99 USD,in stock,new,Nest Finds,Cleaning Gloves,5113,,
shopify_US_8634672021538_47337758392354,8634672021538,Ultra-Absorbent Flat Mop - 360&deg; Swivel Microfiber Floor Mop for Hardwood & Tile,"Soak up spills and trap dust in one swipe - this flat mop's ultra-absorbent microfiber pad and 360° swivel head make daily floor cleaning fast on hardwood, tile, laminate, and vinyl. Ultra-absorbent mop head - quickly soaks up spills and traps dust 360° swivel design - reaches corners, under furniture, and tight spaces Washable microfiber pads - reusable for repeated use, no disposable refills needed Adjustable handle - customize length for your comfort Ideal for busy households, pet owners, and anyone who wants professional-level clean floors with less effort.",https://nestfinds.com/products/ultra-absorbent-flat-mop-360-deg-swivel-microfiber-floor-mop-for-hardwood-tile,https://nestfinds.com/products/ultra-absorbent-flat-mop-360-deg-swivel-microfiber-floor-mop-for-hardwood-tile,https://cdn.shopify.com/s/files/1/0906/9972/6882/files/5_ce9b8386-a9b6-4ce9-b117-7ffa27f6244b.png?v=1788830824,"https://cdn.shopify.com/s/files/1/0906/9972/6882/files/3_22fb73e1-ce61-463d-b36e-7b0505ea98a9.png?v=1788830828,https://cdn.shopify.com/s/files/1/0906/9972/6882/files/4_89b7eb0e-70fa-41b0-9aa1-66a5a9b22ee1.png?v=1788830832,https://cdn.shopify.com/s/files/1/0906/9972/6882/files/2_233dd5aa-c865-43ba-818b-55bb75310c14.png?v=1788830835,https://cdn.shopify.com/s/files/1/0906/9972/6882/files/1_907c934e-5fd1-4331-a218-807cc84618b5.png?v=1788830839",39.99 USD,in stock,new,Nest Finds,Mops,2713,,
shopify_US_8634680901666_47337809182754,8634680901666,V-Shape Non-Crush Hanger with 12 Storage Hooks - Space-Saving Closet Organizer,"Make the most of every inch of your closet with this V-shape non-crush hanger - a wide triangular frame keeps shirts and jackets wrinkle-free while 12 side hooks add instant extra storage on a single hanger. Wide V-shape frame - keeps shirts and jackets wrinkle-free, no crush marks 12 built-in side hooks - hang belts, hats, scarves, and bags on the same hanger 360-degree swivel hook - slots onto any closet rod and rotates freely Sturdy, lightweight plastic - holds heavier layered pieces without bending A smart upgrade for small closets, dorm rooms, or anyone who wants wardrobe accessories organized in one place.",https://nestfinds.com/products/v-shape-non-crush-hanger-with-12-storage-hooks-space-saving-closet-organizer,https://nestfinds.com/products/v-shape-non-crush-hanger-with-12-storage-hooks-space-saving-closet-organizer,https://cdn.shopify.com/s/files/1/0906/9972/6882/files/final_01.jpg?v=1788831008,"https://cdn.shopify.com/s/files/1/0906/9972/6882/files/final_02.jpg?v=1788831012,https://cdn.shopify.com/s/files/1/0906/9972/6882/files/final_03.jpg?v=1788831019,https://cdn.shopify.com/s/files/1/0906/9972/6882/files/final_04.jpg?v=1788831027,https://cdn.shopify.com/s/files/1/0906/9972/6882/files/final_05.jpg?v=1788831036",12.99 USD,in stock,new,Nest Finds,Closet Organizer,5714,,
shopify_US_8634681360418_47337811083298,8634681360418,V-Shape Tile & Grout Scrub Brush - 49-Inch Extendable Handle Double-Sided Cleaner,"Grout and tile lines collect grime fast, and a flat mop can't reach into narrow gaps - this double-sided V-shape scrub brush is built for those tight spots, with a 49-inch extendable handle so you can clean floors and showers without bending or kneeling. Double-sided V-shape head - angled bristles fit into grout lines and corners a flat brush misses 49-inch extendable handle - stainless steel pole lets you scrub floors and low corners standing up Stiff, deep-cleaning bristles - cuts through soap scum, grease, and built-up dirt Rust-resistant stainless steel pole - holds up to repeated scrubbing without bending Bonus wall-mount storage clip - keeps the brush off the wet floor between uses Ideal for bathroom tile, shower grout, kitchen floors, and baseboards.",https://nestfinds.com/products/v-shape-tile-grout-scrub-brush-49-inch-extendable-handle-double-sided-cleaner,https://nestfinds.com/products/v-shape-tile-grout-scrub-brush-49-inch-extendable-handle-double-sided-cleaner,https://cdn.shopify.com/s/files/1/0906/9972/6882/files/img_1_clean.jpg?v=1788831089,"https://cdn.shopify.com/s/files/1/0906/9972/6882/files/img_2_clean.jpg?v=1788831093,https://cdn.shopify.com/s/files/1/0906/9972/6882/files/img_4_clean.jpg?v=1788831099,https://cdn.shopify.com/s/files/1/0906/9972/6882/files/img_5.jpg?v=1788831102,https://cdn.shopify.com/s/files/1/0906/9972/6882/files/img_6_clean.jpg?v=1788831105,https://cdn.shopify.com/s/files/1/0906/9972/6882/files/img_7_clean.jpg?v=1788831108",18.99 USD,in stock,new,Nest Finds,Cleaning Brushes,4670,,
shopify_US_8635314831394_47338715316258,8635314831394,Vegetable Washing & Drying Basin - Press-Drain Salad Spinner Bowl,"Skip the soggy salad - this press-and-drain basin washes vegetables, then presses out excess water so greens and produce come out crisp instead of dripping. Press-drain mechanism - forces water out without a separate spinning basket Dual-purpose basin - wash, drain, and serve from the same bowl Available in White or Black Durable, easy-clean material - wipes down fast after every use A must-have for salad prep, rinsing leafy greens, or drying produce fast before cooking or storage.",https://nestfinds.com/products/vegetable-washing-drying-basin-press-drain-salad-spinner-bowl?variant=47338715316258,https://nestfinds.com/products/vegetable-washing-drying-basin-press-drain-salad-spinner-bowl,https://cdn.shopify.com/s/files/1/0906/9972/6882/files/O1CN019uzVE023bXwimGbzl__2218015777274-0-cib.jpg?v=1788849267,"https://cdn.shopify.com/s/files/1/0906/9972/6882/files/O1CN01fCeCFy1rH8tj2Q20d__2213030915605-0-cib.jpg?v=1788849255,https://cdn.shopify.com/s/files/1/0906/9972/6882/files/O1CN01iCgeEv1rH8tmQGE5I__2213030915605-0-cib.jpg?v=1788849259,https://cdn.shopify.com/s/files/1/0906/9972/6882/files/O1CN01S0v0AT23bXwptTqUd__2218015777274-0-cib.jpg?v=1788849262,https://cdn.shopify.com/s/files/1/0906/9972/6882/files/O1CN018JmJ8i1rH8tfLZHmp__2213030915605-0-cib.jpg?v=1788849264",22.99 USD,in stock,new,Nest Finds,Salad Spinners,3914,White,
shopify_US_8635314831394_47338715349026,8635314831394,Vegetable Washing & Drying Basin - Press-Drain Salad Spinner Bowl,"Skip the soggy salad - this press-and-drain basin washes vegetables, then presses out excess water so greens and produce come out crisp instead of dripping. Press-drain mechanism - forces water out without a separate spinning basket Dual-purpose basin - wash, drain, and serve from the same bowl Available in White or Black Durable, easy-clean material - wipes down fast after every use A must-have for salad prep, rinsing leafy greens, or drying produce fast before cooking or storage.",https://nestfinds.com/products/vegetable-washing-drying-basin-press-drain-salad-spinner-bowl?variant=47338715349026,https://nestfinds.com/products/vegetable-washing-drying-basin-press-drain-salad-spinner-bowl,https://cdn.shopify.com/s/files/1/0906/9972/6882/files/O1CN01S0v0AT23bXwptTqUd__2218015777274-0-cib.jpg?v=1788849262,"https://cdn.shopify.com/s/files/1/0906/9972/6882/files/O1CN01fCeCFy1rH8tj2Q20d__2213030915605-0-cib.jpg?v=1788849255,https://cdn.shopify.com/s/files/1/0906/9972/6882/files/O1CN01iCgeEv1rH8tmQGE5I__2213030915605-0-cib.jpg?v=1788849259,https://cdn.shopify.com/s/files/1/0906/9972/6882/files/O1CN018JmJ8i1rH8tfLZHmp__2213030915605-0-cib.jpg?v=1788849264,https://cdn.shopify.com/s/files/1/0906/9972/6882/files/O1CN019uzVE023bXwimGbzl__2218015777274-0-cib.jpg?v=1788849267",22.99 USD,in stock,new,Nest Finds,Salad Spinners,3914,Black,
shopify_US_8634682900514_47337814556706,8634682900514,Wall-Mounted Broom & Dustpan Set - Space-Saving Sweeping Kit,"Keep sweeping tools handy and off the floor with this wall-mounted broom and dustpan set, built for quick daily cleanups. Wall-mounted storage - keeps broom and dustpan upright and out of the way Compact design - saves space in kitchens, bedrooms, and offices Smooth sweeping performance - efficiently gathers dust, crumbs, and debris Easy-access mounting - grab and go for quick spot-cleaning A tidy sweeping solution for kitchens, laundry rooms, garages, and small apartments.",https://nestfinds.com/products/wall-mounted-broom-dustpan-set-space-saving-sweeping-kit,https://nestfinds.com/products/wall-mounted-broom-dustpan-set-space-saving-sweeping-kit,https://cdn.shopify.com/s/files/1/0906/9972/6882/files/A_1_8c16b13f-9ef2-4060-8c80-540dbdf907a6.png?v=1788831345,"https://cdn.shopify.com/s/files/1/0906/9972/6882/files/A_2_bd62b978-09f3-4672-b4c8-ee06d2cc269d.png?v=1788831348,https://cdn.shopify.com/s/files/1/0906/9972/6882/files/A_3_ef9dce7a-c829-49a0-8042-a69659a1699b.png?v=1788831351,https://cdn.shopify.com/s/files/1/0906/9972/6882/files/A_4_c904fab8-66c0-493c-a79e-0603390fc386.png?v=1788831354,https://cdn.shopify.com/s/files/1/0906/9972/6882/files/A_5_ca441b4d-7a32-44b5-bac0-6af2352acc95.png?v=1788831356,https://cdn.shopify.com/s/files/1/0906/9972/6882/files/A_6_11a0e488-6c0b-48ac-89fb-30850a042844.png?v=1788831361",38.99 USD,in stock,new,Nest Finds,Brooms,2857,,
shopify_US_8634681622562_47337811738658,8634681622562,Wall-Mounted Broom and Dustpan Set - Non-Stick Hair Design Compact Sweeping Kit,"Sweep and store in one compact system - this wall-mounted broom and dustpan set keeps your cleaning tools upright, organized, and out of the way between uses. Non-stick bristle design - hair and debris release easily instead of tangling Wall-mounted storage - keeps broom and dustpan upright and accessible Compact footprint - saves space in any room Smooth sweeping performance - efficient pickup for daily cleaning A space-saving pick for kitchens, bedrooms, and offices that need quick, tidy cleanup.",https://nestfinds.com/products/wall-mounted-broom-and-dustpan-set-non-stick-hair-design-compact-sweeping-kit?variant=47337811738658,https://nestfinds.com/products/wall-mounted-broom-and-dustpan-set-non-stick-hair-design-compact-sweeping-kit,https://cdn.shopify.com/s/files/1/0906/9972/6882/files/A_4_2c2248ef-10e2-481d-ade4-643d4ac83699.png?v=1788831141,"https://cdn.shopify.com/s/files/1/0906/9972/6882/files/A_2_ee581a59-9f77-45e7-a425-a95fa9177129.png?v=1788831146,https://cdn.shopify.com/s/files/1/0906/9972/6882/files/A_3_ea65b729-7c43-4c41-8a5c-86e52c396fe3.png?v=1788831149,https://cdn.shopify.com/s/files/1/0906/9972/6882/files/A_5_9bfedc31-c7d7-4e13-967f-8530ed529709.png?v=1788831152,https://cdn.shopify.com/s/files/1/0906/9972/6882/files/A_1_ee51f0bf-6798-4643-a1e8-bc5ed8306389.png?v=1788831154,https://cdn.shopify.com/s/files/1/0906/9972/6882/files/A_6_03cc3c49-a29f-47cf-b0a0-b6d6ac6af5ec.png?v=1788831157,https://cdn.shopify.com/s/files/1/0906/9972/6882/files/pearl-white.jpg?v=1789009701",39.99 USD,in stock,new,Nest Finds,Brooms,2857,Rose Pink,
shopify_US_8634681622562_47486190616610,8634681622562,Wall-Mounted Broom and Dustpan Set - Non-Stick Hair Design Compact Sweeping Kit,"Sweep and store in one compact system - this wall-mounted broom and dustpan set keeps your cleaning tools upright, organized, and out of the way between uses. Non-stick bristle design - hair and debris release easily instead of tangling Wall-mounted storage - keeps broom and dustpan upright and accessible Compact footprint - saves space in any room Smooth sweeping performance - efficient pickup for daily cleaning A space-saving pick for kitchens, bedrooms, and offices that need quick, tidy cleanup.",https://nestfinds.com/products/wall-mounted-broom-and-dustpan-set-non-stick-hair-design-compact-sweeping-kit?variant=47486190616610,https://nestfinds.com/products/wall-mounted-broom-and-dustpan-set-non-stick-hair-design-compact-sweeping-kit,https://cdn.shopify.com/s/files/1/0906/9972/6882/files/pearl-white.jpg?v=1789009701,"https://cdn.shopify.com/s/files/1/0906/9972/6882/files/A_4_2c2248ef-10e2-481d-ade4-643d4ac83699.png?v=1788831141,https://cdn.shopify.com/s/files/1/0906/9972/6882/files/A_2_ee581a59-9f77-45e7-a425-a95fa9177129.png?v=1788831146,https://cdn.shopify.com/s/files/1/0906/9972/6882/files/A_3_ea65b729-7c43-4c41-8a5c-86e52c396fe3.png?v=1788831149,https://cdn.shopify.com/s/files/1/0906/9972/6882/files/A_5_9bfedc31-c7d7-4e13-967f-8530ed529709.png?v=1788831152,https://cdn.shopify.com/s/files/1/0906/9972/6882/files/A_1_ee51f0bf-6798-4643-a1e8-bc5ed8306389.png?v=1788831154,https://cdn.shopify.com/s/files/1/0906/9972/6882/files/A_6_03cc3c49-a29f-47cf-b0a0-b6d6ac6af5ec.png?v=1788831157",39.99 USD,in stock,new,Nest Finds,Brooms,2857,Pearl White,
shopify_US_8635320565794_47338726293538,8635320565794,Wall-Mounted Suction Cup Tissue Box Holder - Space-Saving Tissue Storage,"Get tissues off the counter and onto the wall - this suction-mount tissue box holder sticks to any smooth surface in seconds, no drilling or adhesive residue. Strong suction cup mount - installs on tile, glass, or smooth walls instantly Compact wall-saving design - keeps tissues within reach without using counter space Available in Clear or Black to match any decor Great for bathrooms, kitchens, cars, and offices - mount it near the sink, mirror, or desk wherever tissues are needed most.",https://nestfinds.com/products/wall-mounted-suction-cup-tissue-box-holder-space-saving-tissue-storage?variant=47338726293538,https://nestfinds.com/products/wall-mounted-suction-cup-tissue-box-holder-space-saving-tissue-storage,https://cdn.shopify.com/s/files/1/0906/9972/6882/files/O1CN01CZJUwz1g245ral4og__2217567884083-0-cib.jpg?v=1788849437,"https://cdn.shopify.com/s/files/1/0906/9972/6882/files/O1CN01JRoE70299xl5WF2NP__2217537548026-0-cib.jpg?v=1788849431,https://cdn.shopify.com/s/files/1/0906/9972/6882/files/O1CN01iW44Zk1JGVMWz8R2m__3415861001-0-cib.jpg?v=1788849434,https://cdn.shopify.com/s/files/1/0906/9972/6882/files/O1CN0182tLSm1g245ooBih9__2217567884083-0-cib.jpg?v=1788849440",12.95 USD,in stock,new,Nest Finds,Facial Tissue Holders,579,Clear,
shopify_US_8635320565794_47338726326306,8635320565794,Wall-Mounted Suction Cup Tissue Box Holder - Space-Saving Tissue Storage,"Get tissues off the counter and onto the wall - this suction-mount tissue box holder sticks to any smooth surface in seconds, no drilling or adhesive residue. Strong suction cup mount - installs on tile, glass, or smooth walls instantly Compact wall-saving design - keeps tissues within reach without using counter space Available in Clear or Black to match any decor Great for bathrooms, kitchens, cars, and offices - mount it near the sink, mirror, or desk wherever tissues are needed most.",https://nestfinds.com/products/wall-mounted-suction-cup-tissue-box-holder-space-saving-tissue-storage?variant=47338726326306,https://nestfinds.com/products/wall-mounted-suction-cup-tissue-box-holder-space-saving-tissue-storage,https://cdn.shopify.com/s/files/1/0906/9972/6882/files/O1CN0182tLSm1g245ooBih9__2217567884083-0-cib.jpg?v=1788849440,"https://cdn.shopify.com/s/files/1/0906/9972/6882/files/O1CN01JRoE70299xl5WF2NP__2217537548026-0-cib.jpg?v=1788849431,https://cdn.shopify.com/s/files/1/0906/9972/6882/files/O1CN01iW44Zk1JGVMWz8R2m__3415861001-0-cib.jpg?v=1788849434,https://cdn.shopify.com/s/files/1/0906/9972/6882/files/O1CN01CZJUwz1g245ral4og__2217567884083-0-cib.jpg?v=1788849437",12.95 USD,in stock,new,Nest Finds,Facial Tissue Holders,579,Black,
shopify_US_8634670579746_47337756229666,8634670579746,Wardrobe Clothes Storage Box - Compact Closet Organizer for Seasonal Garments,"Protect off-season clothing from dust and damage with a compact storage box built to slide neatly into wardrobes, closets, and shelving. Dust &amp; damage protection - keeps stored clothes clean between seasons Sturdy construction - holds its shape stacked or on a shelf Compact footprint - fits standard wardrobe shelves and closet floors Quick-access design - grab what you need without unpacking everything Ideal for seasonal clothing rotation, guest room closets, and everyday wardrobe overflow - keep your closet organized year-round.",https://nestfinds.com/products/wardrobe-clothes-storage-box-compact-closet-organizer-for-seasonal-garments,https://nestfinds.com/products/wardrobe-clothes-storage-box-compact-closet-organizer-for-seasonal-garments,https://cdn.shopify.com/s/files/1/0906/9972/6882/files/8_313aaa53-42b7-4512-ac9c-870d1a5df0a7.png?v=1788830792,"https://cdn.shopify.com/s/files/1/0906/9972/6882/files/10_4445759d-501a-4b85-b519-e593853f1f9e.png?v=1788830794,https://cdn.shopify.com/s/files/1/0906/9972/6882/files/9_a700b4d6-c1ea-4732-9665-526851bb93a1.png?v=1788830797,https://cdn.shopify.com/s/files/1/0906/9972/6882/files/7_24522e76-0d4c-405c-b7a3-a58a579dfaf6.png?v=1788830800,https://cdn.shopify.com/s/files/1/0906/9972/6882/files/6_b6659e80-0292-4860-8054-5d7ae329c9fe.png?v=1788830803,https://cdn.shopify.com/s/files/1/0906/9972/6882/files/5_d6b66c6e-5201-4143-bd29-621fb39ba795.png?v=1788830806",12.99 USD,in stock,new,Nest Finds,Closet Organizers,5714,,
shopify_US_8635310309410_47338710335522,8635310309410,Waterfall Aromatherapy Diffuser & Humidifier - Desktop Essential Oil Mist Maker,"Fill your room with a calming scent and healthier air in one device - this desktop waterfall diffuser releases a fine aromatherapy mist while boosting humidity, so dry indoor air and stale smells disappear together. Waterfall mist stream - visual water-drop effect doubles as a calming ambiance light Automatic humidifying + diffusing - runs hands-free once filled, no constant refilling Essential oil compatible - use your favorite scents for aromatherapy at your desk or bedside Available in White or Black - fits any desk, nightstand, or office shelf Great for home offices, bedrooms, yoga rooms, or gifting - an easy way to add scent, moisture, and calm to any small space.",https://nestfinds.com/products/waterfall-aromatherapy-diffuser-humidifier-desktop-essential-oil-mist-maker?variant=47338710335522,https://nestfinds.com/products/waterfall-aromatherapy-diffuser-humidifier-desktop-essential-oil-mist-maker,https://cdn.shopify.com/s/files/1/0906/9972/6882/files/4_371ff739-bb46-465f-b039-308f9be5b3f7.png?v=1788849136,"https://cdn.shopify.com/s/files/1/0906/9972/6882/files/6_5235ba7d-be78-4ea7-b37a-c9034378c370.png?v=1788849127,https://cdn.shopify.com/s/files/1/0906/9972/6882/files/5_989cfd94-6dd5-4556-92ed-87e70ee150e7.png?v=1788849130,https://cdn.shopify.com/s/files/1/0906/9972/6882/files/3_5c3d979b-2830-4e0e-a773-06726ae5ada8.png?v=1788849133",49.99 USD,in stock,new,Nest Finds,Humidifiers,613,White,
shopify_US_8635310309410_47338710368290,8635310309410,Waterfall Aromatherapy Diffuser & Humidifier - Desktop Essential Oil Mist Maker,"Fill your room with a calming scent and healthier air in one device - this desktop waterfall diffuser releases a fine aromatherapy mist while boosting humidity, so dry indoor air and stale smells disappear together. Waterfall mist stream - visual water-drop effect doubles as a calming ambiance light Automatic humidifying + diffusing - runs hands-free once filled, no constant refilling Essential oil compatible - use your favorite scents for aromatherapy at your desk or bedside Available in White or Black - fits any desk, nightstand, or office shelf Great for home offices, bedrooms, yoga rooms, or gifting - an easy way to add scent, moisture, and calm to any small space.",https://nestfinds.com/products/waterfall-aromatherapy-diffuser-humidifier-desktop-essential-oil-mist-maker?variant=47338710368290,https://nestfinds.com/products/waterfall-aromatherapy-diffuser-humidifier-desktop-essential-oil-mist-maker,https://cdn.shopify.com/s/files/1/0906/9972/6882/files/3_5c3d979b-2830-4e0e-a773-06726ae5ada8.png?v=1788849133,"https://cdn.shopify.com/s/files/1/0906/9972/6882/files/6_5235ba7d-be78-4ea7-b37a-c9034378c370.png?v=1788849127,https://cdn.shopify.com/s/files/1/0906/9972/6882/files/5_989cfd94-6dd5-4556-92ed-87e70ee150e7.png?v=1788849130,https://cdn.shopify.com/s/files/1/0906/9972/6882/files/4_371ff739-bb46-465f-b039-308f9be5b3f7.png?v=1788849136",49.99 USD,in stock,new,Nest Finds,Humidifiers,613,Black,
shopify_US_8634680737826_47337808724002,8634680737826,Wet & Dry Cleaning Broom - Lightweight 2-in-1 Sweeper for Hardwood & Tile,"One broom for both dry sweeping and wet cleanup - this lightweight, dual-purpose broom handles dust, hair, and crumbs on tile, hardwood, laminate, and other smooth surfaces. Wet and dry use - tackles dry debris and wet spills with the same tool Lightweight design - makes everyday sweeping quick and effortless Durable construction - built for repeated daily use Easy to clean - simple upkeep between cleaning sessions A practical, single-tool solution for homes, apartments, kitchens, bathrooms, and offices.",https://nestfinds.com/products/wet-dry-cleaning-broom-lightweight-2-in-1-sweeper-for-hardwood-tile,https://nestfinds.com/products/wet-dry-cleaning-broom-lightweight-2-in-1-sweeper-for-hardwood-tile,https://cdn.shopify.com/s/files/1/0906/9972/6882/files/A_5_092df75d-094f-43e6-96a8-e3427d30afdd.png?v=1788830967,"https://cdn.shopify.com/s/files/1/0906/9972/6882/files/A_2_5fcb7da2-454c-4e78-ba59-56b0210f3221.png?v=1788830972,https://cdn.shopify.com/s/files/1/0906/9972/6882/files/A_1_11273164-efa6-4f75-96ad-680f75bbf25f.png?v=1788830978,https://cdn.shopify.com/s/files/1/0906/9972/6882/files/A_3_4df0483d-18fb-441b-ac3b-32d5a36a5b30.png?v=1788830985,https://cdn.shopify.com/s/files/1/0906/9972/6882/files/A_4_5557632c-af5d-428b-8246-51f2abe99d10.png?v=1788830991,https://cdn.shopify.com/s/files/1/0906/9972/6882/files/A_6_fd50029e-0dea-4933-8747-9e96cf2cfab7.png?v=1788831000",26.99 USD,in stock,new,Nest Finds,Scrub Brushes,4670,,
shopify_US_8634683129890_47337814851618,8634683129890,Wet & Dry Flat Mop - Flexible Floor Cleaner for Hard Surfaces,"Handle daily floor cleaning in one pass with this flexible flat mop, built to capture dust, hair, and debris while mopping wet spills. Flexible flat head - glides smoothly and reaches under furniture Wet &amp; dry capability - sweeps dry debris and mops wet messes with one tool Multi-surface use - safe for a variety of hard flooring types Easy maneuvering - lightweight design for daily use A practical everyday mop for kitchens, living rooms, and hallways.",https://nestfinds.com/products/wet-dry-flat-mop-flexible-floor-cleaner-for-hard-surfaces,https://nestfinds.com/products/wet-dry-flat-mop-flexible-floor-cleaner-for-hard-surfaces,https://cdn.shopify.com/s/files/1/0906/9972/6882/files/A_2_5e34fd61-bd85-4ca5-8771-a09979f26b19.png?v=1788831371,"https://cdn.shopify.com/s/files/1/0906/9972/6882/files/A_4_8e43de59-d2c3-425b-8573-e0c842b69e05.png?v=1788831374,https://cdn.shopify.com/s/files/1/0906/9972/6882/files/A_1_848a5f27-efd0-452a-badc-33205c3370f4.png?v=1788831377,https://cdn.shopify.com/s/files/1/0906/9972/6882/files/A_3_e1b339e0-b9c2-48a8-a0f2-62ac28f43c2b.png?v=1788831380",44.99 USD,in stock,new,Nest Finds,Mops,2713,,
shopify_US_8634683686946_47337815703586,8634683686946,Wide Flat Mop for Wet & Dry Cleaning - Extra-Large Head Floor Mop,"Cover more floor in fewer passes with this extra-wide flat mop - a 33x12cm head and 127cm handle length mean less bending and faster cleaning. Extra-wide 33x12cm mop head - covers more surface area per pass 127cm total length - comfortable cleaning without bending Flexible swivel head - reaches under sofas, beds, and tight corners Detachable, washable pad - reusable and eco-friendly Works wet or dry on hardwood, tile, laminate, and marble - ideal for large rooms and open floor plans.",https://nestfinds.com/products/wide-flat-mop-for-wet-dry-cleaning-extra-large-head-floor-mop,https://nestfinds.com/products/wide-flat-mop-for-wet-dry-cleaning-extra-large-head-floor-mop,https://cdn.shopify.com/s/files/1/0906/9972/6882/files/A_1_e9e928cc-a163-4bda-8c0f-2a9cc410f6e2.png?v=1788831405,https://cdn.shopify.com/s/files/1/0906/9972/6882/files/A_2_bfef4d9a-3b5e-4d63-9e3b-af06300d3593.png?v=1788831408,34.99 USD,in stock,new,Nest Finds,Mops,2713,,
shopify_US_8635319222306_47338722557986,8635319222306,Window Screen Cleaning Brush - Fine Bristle Mesh Dust Remover,"Get window screens clean without tearing the mesh - this brush uses fine, specialized bristles to lift dust and grime out of screen fibers instead of just pushing it around. Fine specialized bristles - clean mesh screens without damaging delicate fibers Ergonomic handle - comfortable grip for reaching corners and edges Improves airflow and clarity - removes buildup that blocks light and air Compact size - easy to store in a cleaning caddy or drawer Use on window screens, door screens, and mesh vents to keep views clear and airflow unobstructed.",https://nestfinds.com/products/window-screen-cleaning-brush-fine-bristle-mesh-dust-remover,https://nestfinds.com/products/window-screen-cleaning-brush-fine-bristle-mesh-dust-remover,https://cdn.shopify.com/s/files/1/0906/9972/6882/files/2_47344f76-9673-4c95-8c12-e24d6d27cf0a.png?v=1788849400,"https://cdn.shopify.com/s/files/1/0906/9972/6882/files/1_f0d7c330-1550-43a1-abf9-bf1255a5b4a8.png?v=1788849404,https://cdn.shopify.com/s/files/1/0906/9972/6882/files/3_68b7da60-effe-41f8-b633-a4b25ee0fff2.png?v=1788849407",12.99 USD,in stock,new,Nest Finds,Scrub Brushes,4670,,
shopify_US_8635324170274_47338732027938,8635324170274,Window Screen Dust Removal Brush - Gentle Mesh Cleaning Tool,"Clear dust from window screens without damaging the mesh - this brush's fine, durable bristles reach into screen fibers to lift dirt while keeping delicate mesh intact. Fine durable bristles - penetrate mesh fibers to remove embedded dust Improves visibility and airflow - clears buildup that blocks light and ventilation Gentle on delicate screens - won't tear or stretch mesh material Extends screen lifespan - regular use prevents long-term buildup damage Essential for seasonal window screen maintenance, keeping homes bright and well-ventilated.",https://nestfinds.com/products/window-screen-dust-removal-brush-gentle-mesh-cleaning-tool,https://nestfinds.com/products/window-screen-dust-removal-brush-gentle-mesh-cleaning-tool,https://cdn.shopify.com/s/files/1/0906/9972/6882/files/5_292fb399-3cd4-49a8-803c-a9f364c63ce3.png?v=1788849544,"https://cdn.shopify.com/s/files/1/0906/9972/6882/files/3_dc1ff491-e5d2-469d-b860-3f820bfc8792.png?v=1788849548,https://cdn.shopify.com/s/files/1/0906/9972/6882/files/4_518a3993-a435-4b8c-83f4-0c0e2b24f495.png?v=1788849551,https://cdn.shopify.com/s/files/1/0906/9972/6882/files/2_667572bf-d403-4cd6-8608-e66d4b640e2a.png?v=1788849554,https://cdn.shopify.com/s/files/1/0906/9972/6882/files/1_8a631097-a306-4eef-9697-b8a6834bfa91.png?v=1788849557",19.99 USD,in stock,new,Nest Finds,Scrub Brushes,4670,,
