id,item_group_id,title,description,link,canonical_link,image_link,additional_image_link,price,availability,condition,brand,product_type,google_product_category,color,size
shopify_US_7612775661627_43558028542011,7612775661627,2 IN 1 Speedy Fish Knot Tying Kit,"The 2 IN 1 Speedy Fish Knot Tying Kit is an essential fishing accessory designed to tie knots quickly and efficiently in under 30 seconds. With straightforward steps, it simplifies the process, making it especially helpful for those with impaired vision or arthritis. This tool ensures secure knots every time, so you never miss a catch. The 2 IN 1 Speedy Fish Knot Tying Kit offers two knot-tying options—hook knot and surgeon loop knot—designed for fishing lines. Its compact and portable design ensures easy transport without occupying much space. Equipped with an anti-slip handle for secure grip, this intelligent tool simplifies fishing tasks, making it a valuable addition to your gear. FEATURES: 2 IN 1 Knot Tying: This tool provides 2 different knotting styles in 1 tool including fishing hook knot and fishing line knotting. Minimal Design: It has a minimal screwing design . Just unscrew the bottom then you can have both two parts instantly. Easy To use: It makes tying fishing hook fast &amp; easy . Just follow some simple steps then you are good to go! Double Needles: The double needles help you to knot the surgeon loop quickly. Portable To Carry: This tying kit is small and portable to carry around. SPECIFICATIONS: Material: Aluminium Alloy Color: Gold PACKAGE INCLUDES: 1 x Fish Knot Tying Kit",https://splashtackle.com/products/2-in-1-speedy-fish-knot-tying-kit,https://splashtackle.com/products/2-in-1-speedy-fish-knot-tying-kit,https://cdn.shopify.com/s/files/1/0678/4293/2795/files/2_9c4fb225-a6b9-4786-8364-be04ff0081d3.png?v=1780220891,"https://cdn.shopify.com/s/files/1/0678/4293/2795/files/3_06fc91ea-4d2e-4bbe-bd48-4e1e6195ae42.png?v=1780220890,https://cdn.shopify.com/s/files/1/0678/4293/2795/files/4_008e6c94-57ea-4c31-9d66-e7944f03a665.png?v=1780220891,https://cdn.shopify.com/s/files/1/0678/4293/2795/files/5_53d7584f-62ef-4963-b5ae-3c5b5d55c96a.png?v=1780220890,https://cdn.shopify.com/s/files/1/0678/4293/2795/files/6_2c9894e1-3da8-4ae7-9c93-7253dc545e12.png?v=1780220891",12.99 USD,in stock,new,Splash Tackle,Fishing Hooks,3359,,
shopify_US_7613700210747_43561909223483,7613700210747,3-in-1 Wild Fishing Rod Holder Stand with Bait Plate,"3-in-1 All-Terrain Wild Fishing Rod Holder with Bait Tray – The Ultimate Ground Spike Tripod Stand. Take your wild fishing game to the next level with this heavy-duty 3-in-1 Fishing Rod Holder . Designed specifically for serious bank and shore anglers, this all-terrain stand combines a stable rod rest, ground spike, and large bait tray into one convenient, portable solution. Whether you’re fishing for bass, carp, or other freshwater species, this tripod rod stand keeps your rod secure while you focus on what matters — catching fish. Key Features: 3-in-1 Design : Combines rod holder, adjustable tripod base, and spacious bait tray in one unit All-Terrain Ground Spike : Sharp, sturdy spike anchors firmly into soil, grass, sand, or mud for maximum stability Large Bait Tray : Built-in pull-out bait plate keeps your worms, corn, or prepared bait organized and within easy reach Heavy-Duty Construction : Made with strong, corrosion-resistant materials built to withstand outdoor conditions Adjustable &amp; Portable : Easy height and angle adjustment. Folds compact for easy transport in your fishing backpack Multi-Rod Capable : Perfect for holding one or multiple rods during long fishing sessions",https://splashtackle.com/products/3-in-1-wild-fishing-rod-holder-stand-with-bait-plate-all-terrain-ground-insert-tripod-rest?variant=43561909223483,https://splashtackle.com/products/3-in-1-wild-fishing-rod-holder-stand-with-bait-plate-all-terrain-ground-insert-tripod-rest,https://cdn.shopify.com/s/files/1/0678/4293/2795/files/1_a2056346-ada2-4b9d-8fe1-833fed186dd7.png?v=1780364420,"https://cdn.shopify.com/s/files/1/0678/4293/2795/files/2_d00d132b-aaf3-4628-a3ce-2366375f7ab1.png?v=1780364420,https://cdn.shopify.com/s/files/1/0678/4293/2795/files/3_a4f17ed4-36d7-4825-b974-ea434cd21d72.png?v=1780364420,https://cdn.shopify.com/s/files/1/0678/4293/2795/files/4_e7917e99-df3e-42f2-b27a-e3459b6b2943.png?v=1780364420",32.99 USD,in stock,new,Spalsh Tackle,Fishing Baits & Lures,3603,Black,
shopify_US_7613700210747_43561909256251,7613700210747,3-in-1 Wild Fishing Rod Holder Stand with Bait Plate,"3-in-1 All-Terrain Wild Fishing Rod Holder with Bait Tray – The Ultimate Ground Spike Tripod Stand. Take your wild fishing game to the next level with this heavy-duty 3-in-1 Fishing Rod Holder . Designed specifically for serious bank and shore anglers, this all-terrain stand combines a stable rod rest, ground spike, and large bait tray into one convenient, portable solution. Whether you’re fishing for bass, carp, or other freshwater species, this tripod rod stand keeps your rod secure while you focus on what matters — catching fish. Key Features: 3-in-1 Design : Combines rod holder, adjustable tripod base, and spacious bait tray in one unit All-Terrain Ground Spike : Sharp, sturdy spike anchors firmly into soil, grass, sand, or mud for maximum stability Large Bait Tray : Built-in pull-out bait plate keeps your worms, corn, or prepared bait organized and within easy reach Heavy-Duty Construction : Made with strong, corrosion-resistant materials built to withstand outdoor conditions Adjustable &amp; Portable : Easy height and angle adjustment. Folds compact for easy transport in your fishing backpack Multi-Rod Capable : Perfect for holding one or multiple rods during long fishing sessions",https://splashtackle.com/products/3-in-1-wild-fishing-rod-holder-stand-with-bait-plate-all-terrain-ground-insert-tripod-rest?variant=43561909256251,https://splashtackle.com/products/3-in-1-wild-fishing-rod-holder-stand-with-bait-plate-all-terrain-ground-insert-tripod-rest,https://cdn.shopify.com/s/files/1/0678/4293/2795/files/2_d00d132b-aaf3-4628-a3ce-2366375f7ab1.png?v=1780364420,"https://cdn.shopify.com/s/files/1/0678/4293/2795/files/1_a2056346-ada2-4b9d-8fe1-833fed186dd7.png?v=1780364420,https://cdn.shopify.com/s/files/1/0678/4293/2795/files/3_a4f17ed4-36d7-4825-b974-ea434cd21d72.png?v=1780364420,https://cdn.shopify.com/s/files/1/0678/4293/2795/files/4_e7917e99-df3e-42f2-b27a-e3459b6b2943.png?v=1780364420",32.99 USD,in stock,new,Spalsh Tackle,Fishing Baits & Lures,3603,Red,
shopify_US_7612775694395_43558028574779,7612775694395,Fishing Hook Quick Removal Device,"The Fishing Hook Quick Removal Device is a practical tool designed to safely and efficiently extract hooks from fish. Its ergonomic design ensures a secure grip, minimizing harm to both the angler and the fish. This device streamlines the catch-and-release process, making it an essential accessory for responsible fishing. Features: Best Quality Materials: Fishing hook remover device is Non-Slip sturdy handle with anodized surface treatment, 4 different color bright and beautiful. Made of stainless steel, the surface is comfortable grip and not easy to fade or rust. Spiral Extractor Design: The fishing hook disgorger kit can quick removing the hook from 360 degrees. The humanized design simplifies the hook removal steps, saves the hook time, protects your hands and reduce damage to fish. Strong Magnetic Bottom: The bottom of the fishing hook setter tool adopts a strong magnetic design, which can quickly absorb the hook and also help you quickly find the hook accessoies you want from the fishing equipment. Saving you a lot of time and energy. Ring mouth can be adjusted: Suitable for fishing lines of different thicknesses. HOW TO USE: 1. Place the release loop on the device's coil line. 2. Slide the hook and release the hook. SPECIFICATION Material: Stainless Steel Color: Red, Black, Gray, Blue Weight: 30g Length: 17.5cm PACKAGE INCLUDES 1pc Fishing Hook Quick Removal Device",https://splashtackle.com/products/fishing-hook-quick-removal-device?variant=43558028574779,https://splashtackle.com/products/fishing-hook-quick-removal-device,https://cdn.shopify.com/s/files/1/0678/4293/2795/files/4c748190-5698-4f57-9590-48912cfbf21b.817831eb8c3fe26ce994dbb1b263f237.jpg?v=1780220893,"https://cdn.shopify.com/s/files/1/0678/4293/2795/files/6d924f5f-fa5f-4191-a17e-94da1d60daa8.4c547ee0b0da7015e1b7729b91d6258a.jpg?v=1780220893,https://cdn.shopify.com/s/files/1/0678/4293/2795/files/e59f941c-93bb-4c25-8faf-aaca3bd72607.9f1cae0a5929c37ef0f526d6316749a1.jpg?v=1780220893",12.98 USD,in stock,new,Splash Tackle,Fishing Hook Removal Tools,7344,Blue,
shopify_US_7612775694395_43558028607547,7612775694395,Fishing Hook Quick Removal Device,"The Fishing Hook Quick Removal Device is a practical tool designed to safely and efficiently extract hooks from fish. Its ergonomic design ensures a secure grip, minimizing harm to both the angler and the fish. This device streamlines the catch-and-release process, making it an essential accessory for responsible fishing. Features: Best Quality Materials: Fishing hook remover device is Non-Slip sturdy handle with anodized surface treatment, 4 different color bright and beautiful. Made of stainless steel, the surface is comfortable grip and not easy to fade or rust. Spiral Extractor Design: The fishing hook disgorger kit can quick removing the hook from 360 degrees. The humanized design simplifies the hook removal steps, saves the hook time, protects your hands and reduce damage to fish. Strong Magnetic Bottom: The bottom of the fishing hook setter tool adopts a strong magnetic design, which can quickly absorb the hook and also help you quickly find the hook accessoies you want from the fishing equipment. Saving you a lot of time and energy. Ring mouth can be adjusted: Suitable for fishing lines of different thicknesses. HOW TO USE: 1. Place the release loop on the device's coil line. 2. Slide the hook and release the hook. SPECIFICATION Material: Stainless Steel Color: Red, Black, Gray, Blue Weight: 30g Length: 17.5cm PACKAGE INCLUDES 1pc Fishing Hook Quick Removal Device",https://splashtackle.com/products/fishing-hook-quick-removal-device?variant=43558028607547,https://splashtackle.com/products/fishing-hook-quick-removal-device,https://cdn.shopify.com/s/files/1/0678/4293/2795/files/4c748190-5698-4f57-9590-48912cfbf21b.817831eb8c3fe26ce994dbb1b263f237.jpg?v=1780220893,"https://cdn.shopify.com/s/files/1/0678/4293/2795/files/6d924f5f-fa5f-4191-a17e-94da1d60daa8.4c547ee0b0da7015e1b7729b91d6258a.jpg?v=1780220893,https://cdn.shopify.com/s/files/1/0678/4293/2795/files/e59f941c-93bb-4c25-8faf-aaca3bd72607.9f1cae0a5929c37ef0f526d6316749a1.jpg?v=1780220893",12.98 USD,in stock,new,Splash Tackle,Fishing Hook Removal Tools,7344,Red,
shopify_US_7612775694395_43558028640315,7612775694395,Fishing Hook Quick Removal Device,"The Fishing Hook Quick Removal Device is a practical tool designed to safely and efficiently extract hooks from fish. Its ergonomic design ensures a secure grip, minimizing harm to both the angler and the fish. This device streamlines the catch-and-release process, making it an essential accessory for responsible fishing. Features: Best Quality Materials: Fishing hook remover device is Non-Slip sturdy handle with anodized surface treatment, 4 different color bright and beautiful. Made of stainless steel, the surface is comfortable grip and not easy to fade or rust. Spiral Extractor Design: The fishing hook disgorger kit can quick removing the hook from 360 degrees. The humanized design simplifies the hook removal steps, saves the hook time, protects your hands and reduce damage to fish. Strong Magnetic Bottom: The bottom of the fishing hook setter tool adopts a strong magnetic design, which can quickly absorb the hook and also help you quickly find the hook accessoies you want from the fishing equipment. Saving you a lot of time and energy. Ring mouth can be adjusted: Suitable for fishing lines of different thicknesses. HOW TO USE: 1. Place the release loop on the device's coil line. 2. Slide the hook and release the hook. SPECIFICATION Material: Stainless Steel Color: Red, Black, Gray, Blue Weight: 30g Length: 17.5cm PACKAGE INCLUDES 1pc Fishing Hook Quick Removal Device",https://splashtackle.com/products/fishing-hook-quick-removal-device?variant=43558028640315,https://splashtackle.com/products/fishing-hook-quick-removal-device,https://cdn.shopify.com/s/files/1/0678/4293/2795/files/4c748190-5698-4f57-9590-48912cfbf21b.817831eb8c3fe26ce994dbb1b263f237.jpg?v=1780220893,"https://cdn.shopify.com/s/files/1/0678/4293/2795/files/6d924f5f-fa5f-4191-a17e-94da1d60daa8.4c547ee0b0da7015e1b7729b91d6258a.jpg?v=1780220893,https://cdn.shopify.com/s/files/1/0678/4293/2795/files/e59f941c-93bb-4c25-8faf-aaca3bd72607.9f1cae0a5929c37ef0f526d6316749a1.jpg?v=1780220893",12.98 USD,in stock,new,Splash Tackle,Fishing Hook Removal Tools,7344,Black,
shopify_US_7612775694395_43558028673083,7612775694395,Fishing Hook Quick Removal Device,"The Fishing Hook Quick Removal Device is a practical tool designed to safely and efficiently extract hooks from fish. Its ergonomic design ensures a secure grip, minimizing harm to both the angler and the fish. This device streamlines the catch-and-release process, making it an essential accessory for responsible fishing. Features: Best Quality Materials: Fishing hook remover device is Non-Slip sturdy handle with anodized surface treatment, 4 different color bright and beautiful. Made of stainless steel, the surface is comfortable grip and not easy to fade or rust. Spiral Extractor Design: The fishing hook disgorger kit can quick removing the hook from 360 degrees. The humanized design simplifies the hook removal steps, saves the hook time, protects your hands and reduce damage to fish. Strong Magnetic Bottom: The bottom of the fishing hook setter tool adopts a strong magnetic design, which can quickly absorb the hook and also help you quickly find the hook accessoies you want from the fishing equipment. Saving you a lot of time and energy. Ring mouth can be adjusted: Suitable for fishing lines of different thicknesses. HOW TO USE: 1. Place the release loop on the device's coil line. 2. Slide the hook and release the hook. SPECIFICATION Material: Stainless Steel Color: Red, Black, Gray, Blue Weight: 30g Length: 17.5cm PACKAGE INCLUDES 1pc Fishing Hook Quick Removal Device",https://splashtackle.com/products/fishing-hook-quick-removal-device?variant=43558028673083,https://splashtackle.com/products/fishing-hook-quick-removal-device,https://cdn.shopify.com/s/files/1/0678/4293/2795/files/4c748190-5698-4f57-9590-48912cfbf21b.817831eb8c3fe26ce994dbb1b263f237.jpg?v=1780220893,"https://cdn.shopify.com/s/files/1/0678/4293/2795/files/6d924f5f-fa5f-4191-a17e-94da1d60daa8.4c547ee0b0da7015e1b7729b91d6258a.jpg?v=1780220893,https://cdn.shopify.com/s/files/1/0678/4293/2795/files/e59f941c-93bb-4c25-8faf-aaca3bd72607.9f1cae0a5929c37ef0f526d6316749a1.jpg?v=1780220893",12.98 USD,in stock,new,Splash Tackle,Fishing Hook Removal Tools,7344,Silver,
shopify_US_7612906537019_43558867959867,7612906537019,Fishing Lure Whopper Popper Artificial Bait Rotating Tail,"The Fishing Lure Whopper Popper Artificial Bait Rotating Tail is perfect for your next fishing trip. Its realistic rotating tail mimics a live fish, stimulating a natural feeding impulse in nearby predators. Its aerodynamic design allows for longer casting distances, making it ideal for all fishing styles. Our Fishing Lure Whopper Popper Artificial Bait is a professional-grade fishing lure with a rotating tail that helps create a realistic swimming action. Its realistic colors and size provide an enticing temptation that is sure to draw fish to your bait. Get ready to bring in that big catch!",https://splashtackle.com/products/fishing-lure-whopper-popper-artificial-bait-rotating-tail?variant=43558867959867,https://splashtackle.com/products/fishing-lure-whopper-popper-artificial-bait-rotating-tail,https://cdn.shopify.com/s/files/1/0678/4293/2795/files/334a35f3-S55a0127ed3aa4b79ae2b07b7f2fe3fceJ.jpg?v=1780285254,"https://cdn.shopify.com/s/files/1/0678/4293/2795/files/150cf317-Sd75fb98ffda244f38b2695203b617c2ax.webp?v=1780285254,https://cdn.shopify.com/s/files/1/0678/4293/2795/files/b5d0a968-S952d03c16c2a4162981edb3a00284caci.webp?v=1780285254,https://cdn.shopify.com/s/files/1/0678/4293/2795/files/a9c72fca-S22f429a2c1e440e69a47dc835bc2a1078.jpg?v=1780285254,https://cdn.shopify.com/s/files/1/0678/4293/2795/files/abd41ed8-S6b8afa3b9c194253a2a5f4b38db60947l.jpg?v=1780285254,https://cdn.shopify.com/s/files/1/0678/4293/2795/files/6b6f5c47-Sda987df6d42e4b1ebcc4c44caa280bc0T.jpg?v=1780285254,https://cdn.shopify.com/s/files/1/0678/4293/2795/files/32bfb3b0-S03f09846e3e9416eb42059fae49c7d7a6.jpg?v=1780285254,https://cdn.shopify.com/s/files/1/0678/4293/2795/files/f6430bd7-Sc0c14ac239254229a085faf1a735bfd03.jpg?v=1780285254,https://cdn.shopify.com/s/files/1/0678/4293/2795/files/f7b398b8-S1353d7908d524ead8903edbb7e5307170.jpg?v=1780285254,https://cdn.shopify.com/s/files/1/0678/4293/2795/files/a4577e71-S47efb11ba905430f857084e6c8a4c66dB.jpg?v=1780285254,https://cdn.shopify.com/s/files/1/0678/4293/2795/files/b6dd547f-S5bc119b93ea2405fb311c03b62b72153l.jpg?v=1780285254",3.98 USD,in stock,new,Spalsh Tackle,Artificial Fishing Swimbait,3603,1,
shopify_US_7612906537019_43558867992635,7612906537019,Fishing Lure Whopper Popper Artificial Bait Rotating Tail,"The Fishing Lure Whopper Popper Artificial Bait Rotating Tail is perfect for your next fishing trip. Its realistic rotating tail mimics a live fish, stimulating a natural feeding impulse in nearby predators. Its aerodynamic design allows for longer casting distances, making it ideal for all fishing styles. Our Fishing Lure Whopper Popper Artificial Bait is a professional-grade fishing lure with a rotating tail that helps create a realistic swimming action. Its realistic colors and size provide an enticing temptation that is sure to draw fish to your bait. Get ready to bring in that big catch!",https://splashtackle.com/products/fishing-lure-whopper-popper-artificial-bait-rotating-tail?variant=43558867992635,https://splashtackle.com/products/fishing-lure-whopper-popper-artificial-bait-rotating-tail,https://cdn.shopify.com/s/files/1/0678/4293/2795/files/a4577e71-S47efb11ba905430f857084e6c8a4c66dB.jpg?v=1780285254,"https://cdn.shopify.com/s/files/1/0678/4293/2795/files/150cf317-Sd75fb98ffda244f38b2695203b617c2ax.webp?v=1780285254,https://cdn.shopify.com/s/files/1/0678/4293/2795/files/b5d0a968-S952d03c16c2a4162981edb3a00284caci.webp?v=1780285254,https://cdn.shopify.com/s/files/1/0678/4293/2795/files/a9c72fca-S22f429a2c1e440e69a47dc835bc2a1078.jpg?v=1780285254,https://cdn.shopify.com/s/files/1/0678/4293/2795/files/abd41ed8-S6b8afa3b9c194253a2a5f4b38db60947l.jpg?v=1780285254,https://cdn.shopify.com/s/files/1/0678/4293/2795/files/6b6f5c47-Sda987df6d42e4b1ebcc4c44caa280bc0T.jpg?v=1780285254,https://cdn.shopify.com/s/files/1/0678/4293/2795/files/32bfb3b0-S03f09846e3e9416eb42059fae49c7d7a6.jpg?v=1780285254,https://cdn.shopify.com/s/files/1/0678/4293/2795/files/334a35f3-S55a0127ed3aa4b79ae2b07b7f2fe3fceJ.jpg?v=1780285254,https://cdn.shopify.com/s/files/1/0678/4293/2795/files/f6430bd7-Sc0c14ac239254229a085faf1a735bfd03.jpg?v=1780285254,https://cdn.shopify.com/s/files/1/0678/4293/2795/files/f7b398b8-S1353d7908d524ead8903edbb7e5307170.jpg?v=1780285254,https://cdn.shopify.com/s/files/1/0678/4293/2795/files/b6dd547f-S5bc119b93ea2405fb311c03b62b72153l.jpg?v=1780285254",3.98 USD,in stock,new,Spalsh Tackle,Artificial Fishing Swimbait,3603,2,
shopify_US_7612906537019_43558868025403,7612906537019,Fishing Lure Whopper Popper Artificial Bait Rotating Tail,"The Fishing Lure Whopper Popper Artificial Bait Rotating Tail is perfect for your next fishing trip. Its realistic rotating tail mimics a live fish, stimulating a natural feeding impulse in nearby predators. Its aerodynamic design allows for longer casting distances, making it ideal for all fishing styles. Our Fishing Lure Whopper Popper Artificial Bait is a professional-grade fishing lure with a rotating tail that helps create a realistic swimming action. Its realistic colors and size provide an enticing temptation that is sure to draw fish to your bait. Get ready to bring in that big catch!",https://splashtackle.com/products/fishing-lure-whopper-popper-artificial-bait-rotating-tail?variant=43558868025403,https://splashtackle.com/products/fishing-lure-whopper-popper-artificial-bait-rotating-tail,https://cdn.shopify.com/s/files/1/0678/4293/2795/files/32bfb3b0-S03f09846e3e9416eb42059fae49c7d7a6.jpg?v=1780285254,"https://cdn.shopify.com/s/files/1/0678/4293/2795/files/150cf317-Sd75fb98ffda244f38b2695203b617c2ax.webp?v=1780285254,https://cdn.shopify.com/s/files/1/0678/4293/2795/files/b5d0a968-S952d03c16c2a4162981edb3a00284caci.webp?v=1780285254,https://cdn.shopify.com/s/files/1/0678/4293/2795/files/a9c72fca-S22f429a2c1e440e69a47dc835bc2a1078.jpg?v=1780285254,https://cdn.shopify.com/s/files/1/0678/4293/2795/files/abd41ed8-S6b8afa3b9c194253a2a5f4b38db60947l.jpg?v=1780285254,https://cdn.shopify.com/s/files/1/0678/4293/2795/files/6b6f5c47-Sda987df6d42e4b1ebcc4c44caa280bc0T.jpg?v=1780285254,https://cdn.shopify.com/s/files/1/0678/4293/2795/files/334a35f3-S55a0127ed3aa4b79ae2b07b7f2fe3fceJ.jpg?v=1780285254,https://cdn.shopify.com/s/files/1/0678/4293/2795/files/f6430bd7-Sc0c14ac239254229a085faf1a735bfd03.jpg?v=1780285254,https://cdn.shopify.com/s/files/1/0678/4293/2795/files/f7b398b8-S1353d7908d524ead8903edbb7e5307170.jpg?v=1780285254,https://cdn.shopify.com/s/files/1/0678/4293/2795/files/a4577e71-S47efb11ba905430f857084e6c8a4c66dB.jpg?v=1780285254,https://cdn.shopify.com/s/files/1/0678/4293/2795/files/b6dd547f-S5bc119b93ea2405fb311c03b62b72153l.jpg?v=1780285254",3.98 USD,in stock,new,Spalsh Tackle,Artificial Fishing Swimbait,3603,3,
shopify_US_7612906537019_43558868058171,7612906537019,Fishing Lure Whopper Popper Artificial Bait Rotating Tail,"The Fishing Lure Whopper Popper Artificial Bait Rotating Tail is perfect for your next fishing trip. Its realistic rotating tail mimics a live fish, stimulating a natural feeding impulse in nearby predators. Its aerodynamic design allows for longer casting distances, making it ideal for all fishing styles. Our Fishing Lure Whopper Popper Artificial Bait is a professional-grade fishing lure with a rotating tail that helps create a realistic swimming action. Its realistic colors and size provide an enticing temptation that is sure to draw fish to your bait. Get ready to bring in that big catch!",https://splashtackle.com/products/fishing-lure-whopper-popper-artificial-bait-rotating-tail?variant=43558868058171,https://splashtackle.com/products/fishing-lure-whopper-popper-artificial-bait-rotating-tail,https://cdn.shopify.com/s/files/1/0678/4293/2795/files/6b6f5c47-Sda987df6d42e4b1ebcc4c44caa280bc0T.jpg?v=1780285254,"https://cdn.shopify.com/s/files/1/0678/4293/2795/files/150cf317-Sd75fb98ffda244f38b2695203b617c2ax.webp?v=1780285254,https://cdn.shopify.com/s/files/1/0678/4293/2795/files/b5d0a968-S952d03c16c2a4162981edb3a00284caci.webp?v=1780285254,https://cdn.shopify.com/s/files/1/0678/4293/2795/files/a9c72fca-S22f429a2c1e440e69a47dc835bc2a1078.jpg?v=1780285254,https://cdn.shopify.com/s/files/1/0678/4293/2795/files/abd41ed8-S6b8afa3b9c194253a2a5f4b38db60947l.jpg?v=1780285254,https://cdn.shopify.com/s/files/1/0678/4293/2795/files/32bfb3b0-S03f09846e3e9416eb42059fae49c7d7a6.jpg?v=1780285254,https://cdn.shopify.com/s/files/1/0678/4293/2795/files/334a35f3-S55a0127ed3aa4b79ae2b07b7f2fe3fceJ.jpg?v=1780285254,https://cdn.shopify.com/s/files/1/0678/4293/2795/files/f6430bd7-Sc0c14ac239254229a085faf1a735bfd03.jpg?v=1780285254,https://cdn.shopify.com/s/files/1/0678/4293/2795/files/f7b398b8-S1353d7908d524ead8903edbb7e5307170.jpg?v=1780285254,https://cdn.shopify.com/s/files/1/0678/4293/2795/files/a4577e71-S47efb11ba905430f857084e6c8a4c66dB.jpg?v=1780285254,https://cdn.shopify.com/s/files/1/0678/4293/2795/files/b6dd547f-S5bc119b93ea2405fb311c03b62b72153l.jpg?v=1780285254",3.98 USD,in stock,new,Spalsh Tackle,Artificial Fishing Swimbait,3603,4,
shopify_US_7612906537019_43558868090939,7612906537019,Fishing Lure Whopper Popper Artificial Bait Rotating Tail,"The Fishing Lure Whopper Popper Artificial Bait Rotating Tail is perfect for your next fishing trip. Its realistic rotating tail mimics a live fish, stimulating a natural feeding impulse in nearby predators. Its aerodynamic design allows for longer casting distances, making it ideal for all fishing styles. Our Fishing Lure Whopper Popper Artificial Bait is a professional-grade fishing lure with a rotating tail that helps create a realistic swimming action. Its realistic colors and size provide an enticing temptation that is sure to draw fish to your bait. Get ready to bring in that big catch!",https://splashtackle.com/products/fishing-lure-whopper-popper-artificial-bait-rotating-tail?variant=43558868090939,https://splashtackle.com/products/fishing-lure-whopper-popper-artificial-bait-rotating-tail,https://cdn.shopify.com/s/files/1/0678/4293/2795/files/f6430bd7-Sc0c14ac239254229a085faf1a735bfd03.jpg?v=1780285254,"https://cdn.shopify.com/s/files/1/0678/4293/2795/files/150cf317-Sd75fb98ffda244f38b2695203b617c2ax.webp?v=1780285254,https://cdn.shopify.com/s/files/1/0678/4293/2795/files/b5d0a968-S952d03c16c2a4162981edb3a00284caci.webp?v=1780285254,https://cdn.shopify.com/s/files/1/0678/4293/2795/files/a9c72fca-S22f429a2c1e440e69a47dc835bc2a1078.jpg?v=1780285254,https://cdn.shopify.com/s/files/1/0678/4293/2795/files/abd41ed8-S6b8afa3b9c194253a2a5f4b38db60947l.jpg?v=1780285254,https://cdn.shopify.com/s/files/1/0678/4293/2795/files/6b6f5c47-Sda987df6d42e4b1ebcc4c44caa280bc0T.jpg?v=1780285254,https://cdn.shopify.com/s/files/1/0678/4293/2795/files/32bfb3b0-S03f09846e3e9416eb42059fae49c7d7a6.jpg?v=1780285254,https://cdn.shopify.com/s/files/1/0678/4293/2795/files/334a35f3-S55a0127ed3aa4b79ae2b07b7f2fe3fceJ.jpg?v=1780285254,https://cdn.shopify.com/s/files/1/0678/4293/2795/files/f7b398b8-S1353d7908d524ead8903edbb7e5307170.jpg?v=1780285254,https://cdn.shopify.com/s/files/1/0678/4293/2795/files/a4577e71-S47efb11ba905430f857084e6c8a4c66dB.jpg?v=1780285254,https://cdn.shopify.com/s/files/1/0678/4293/2795/files/b6dd547f-S5bc119b93ea2405fb311c03b62b72153l.jpg?v=1780285254",3.98 USD,in stock,new,Spalsh Tackle,Artificial Fishing Swimbait,3603,5,
shopify_US_7612906537019_43558868123707,7612906537019,Fishing Lure Whopper Popper Artificial Bait Rotating Tail,"The Fishing Lure Whopper Popper Artificial Bait Rotating Tail is perfect for your next fishing trip. Its realistic rotating tail mimics a live fish, stimulating a natural feeding impulse in nearby predators. Its aerodynamic design allows for longer casting distances, making it ideal for all fishing styles. Our Fishing Lure Whopper Popper Artificial Bait is a professional-grade fishing lure with a rotating tail that helps create a realistic swimming action. Its realistic colors and size provide an enticing temptation that is sure to draw fish to your bait. Get ready to bring in that big catch!",https://splashtackle.com/products/fishing-lure-whopper-popper-artificial-bait-rotating-tail?variant=43558868123707,https://splashtackle.com/products/fishing-lure-whopper-popper-artificial-bait-rotating-tail,https://cdn.shopify.com/s/files/1/0678/4293/2795/files/fae8ad0e-Sff483f0f815a49949406125341d3177cB.jpg?v=1780285254,"https://cdn.shopify.com/s/files/1/0678/4293/2795/files/150cf317-Sd75fb98ffda244f38b2695203b617c2ax.webp?v=1780285254,https://cdn.shopify.com/s/files/1/0678/4293/2795/files/b5d0a968-S952d03c16c2a4162981edb3a00284caci.webp?v=1780285254,https://cdn.shopify.com/s/files/1/0678/4293/2795/files/a9c72fca-S22f429a2c1e440e69a47dc835bc2a1078.jpg?v=1780285254,https://cdn.shopify.com/s/files/1/0678/4293/2795/files/abd41ed8-S6b8afa3b9c194253a2a5f4b38db60947l.jpg?v=1780285254,https://cdn.shopify.com/s/files/1/0678/4293/2795/files/6b6f5c47-Sda987df6d42e4b1ebcc4c44caa280bc0T.jpg?v=1780285254,https://cdn.shopify.com/s/files/1/0678/4293/2795/files/32bfb3b0-S03f09846e3e9416eb42059fae49c7d7a6.jpg?v=1780285254,https://cdn.shopify.com/s/files/1/0678/4293/2795/files/334a35f3-S55a0127ed3aa4b79ae2b07b7f2fe3fceJ.jpg?v=1780285254,https://cdn.shopify.com/s/files/1/0678/4293/2795/files/f6430bd7-Sc0c14ac239254229a085faf1a735bfd03.jpg?v=1780285254,https://cdn.shopify.com/s/files/1/0678/4293/2795/files/f7b398b8-S1353d7908d524ead8903edbb7e5307170.jpg?v=1780285254,https://cdn.shopify.com/s/files/1/0678/4293/2795/files/a4577e71-S47efb11ba905430f857084e6c8a4c66dB.jpg?v=1780285254",3.98 USD,in stock,new,Spalsh Tackle,Artificial Fishing Swimbait,3603,6,
shopify_US_7612906537019_43558868156475,7612906537019,Fishing Lure Whopper Popper Artificial Bait Rotating Tail,"The Fishing Lure Whopper Popper Artificial Bait Rotating Tail is perfect for your next fishing trip. Its realistic rotating tail mimics a live fish, stimulating a natural feeding impulse in nearby predators. Its aerodynamic design allows for longer casting distances, making it ideal for all fishing styles. Our Fishing Lure Whopper Popper Artificial Bait is a professional-grade fishing lure with a rotating tail that helps create a realistic swimming action. Its realistic colors and size provide an enticing temptation that is sure to draw fish to your bait. Get ready to bring in that big catch!",https://splashtackle.com/products/fishing-lure-whopper-popper-artificial-bait-rotating-tail?variant=43558868156475,https://splashtackle.com/products/fishing-lure-whopper-popper-artificial-bait-rotating-tail,https://cdn.shopify.com/s/files/1/0678/4293/2795/files/7cd53bbe-Sc29c0d4fe171442ea657c3f41cd21838A.jpg?v=1780285254,"https://cdn.shopify.com/s/files/1/0678/4293/2795/files/150cf317-Sd75fb98ffda244f38b2695203b617c2ax.webp?v=1780285254,https://cdn.shopify.com/s/files/1/0678/4293/2795/files/b5d0a968-S952d03c16c2a4162981edb3a00284caci.webp?v=1780285254,https://cdn.shopify.com/s/files/1/0678/4293/2795/files/a9c72fca-S22f429a2c1e440e69a47dc835bc2a1078.jpg?v=1780285254,https://cdn.shopify.com/s/files/1/0678/4293/2795/files/abd41ed8-S6b8afa3b9c194253a2a5f4b38db60947l.jpg?v=1780285254,https://cdn.shopify.com/s/files/1/0678/4293/2795/files/6b6f5c47-Sda987df6d42e4b1ebcc4c44caa280bc0T.jpg?v=1780285254,https://cdn.shopify.com/s/files/1/0678/4293/2795/files/32bfb3b0-S03f09846e3e9416eb42059fae49c7d7a6.jpg?v=1780285254,https://cdn.shopify.com/s/files/1/0678/4293/2795/files/334a35f3-S55a0127ed3aa4b79ae2b07b7f2fe3fceJ.jpg?v=1780285254,https://cdn.shopify.com/s/files/1/0678/4293/2795/files/f6430bd7-Sc0c14ac239254229a085faf1a735bfd03.jpg?v=1780285254,https://cdn.shopify.com/s/files/1/0678/4293/2795/files/f7b398b8-S1353d7908d524ead8903edbb7e5307170.jpg?v=1780285254,https://cdn.shopify.com/s/files/1/0678/4293/2795/files/a4577e71-S47efb11ba905430f857084e6c8a4c66dB.jpg?v=1780285254",3.98 USD,in stock,new,Spalsh Tackle,Artificial Fishing Swimbait,3603,7,
shopify_US_7612906537019_43558868189243,7612906537019,Fishing Lure Whopper Popper Artificial Bait Rotating Tail,"The Fishing Lure Whopper Popper Artificial Bait Rotating Tail is perfect for your next fishing trip. Its realistic rotating tail mimics a live fish, stimulating a natural feeding impulse in nearby predators. Its aerodynamic design allows for longer casting distances, making it ideal for all fishing styles. Our Fishing Lure Whopper Popper Artificial Bait is a professional-grade fishing lure with a rotating tail that helps create a realistic swimming action. Its realistic colors and size provide an enticing temptation that is sure to draw fish to your bait. Get ready to bring in that big catch!",https://splashtackle.com/products/fishing-lure-whopper-popper-artificial-bait-rotating-tail?variant=43558868189243,https://splashtackle.com/products/fishing-lure-whopper-popper-artificial-bait-rotating-tail,https://cdn.shopify.com/s/files/1/0678/4293/2795/files/b6dd547f-S5bc119b93ea2405fb311c03b62b72153l.jpg?v=1780285254,"https://cdn.shopify.com/s/files/1/0678/4293/2795/files/150cf317-Sd75fb98ffda244f38b2695203b617c2ax.webp?v=1780285254,https://cdn.shopify.com/s/files/1/0678/4293/2795/files/b5d0a968-S952d03c16c2a4162981edb3a00284caci.webp?v=1780285254,https://cdn.shopify.com/s/files/1/0678/4293/2795/files/a9c72fca-S22f429a2c1e440e69a47dc835bc2a1078.jpg?v=1780285254,https://cdn.shopify.com/s/files/1/0678/4293/2795/files/abd41ed8-S6b8afa3b9c194253a2a5f4b38db60947l.jpg?v=1780285254,https://cdn.shopify.com/s/files/1/0678/4293/2795/files/6b6f5c47-Sda987df6d42e4b1ebcc4c44caa280bc0T.jpg?v=1780285254,https://cdn.shopify.com/s/files/1/0678/4293/2795/files/32bfb3b0-S03f09846e3e9416eb42059fae49c7d7a6.jpg?v=1780285254,https://cdn.shopify.com/s/files/1/0678/4293/2795/files/334a35f3-S55a0127ed3aa4b79ae2b07b7f2fe3fceJ.jpg?v=1780285254,https://cdn.shopify.com/s/files/1/0678/4293/2795/files/f6430bd7-Sc0c14ac239254229a085faf1a735bfd03.jpg?v=1780285254,https://cdn.shopify.com/s/files/1/0678/4293/2795/files/f7b398b8-S1353d7908d524ead8903edbb7e5307170.jpg?v=1780285254,https://cdn.shopify.com/s/files/1/0678/4293/2795/files/a4577e71-S47efb11ba905430f857084e6c8a4c66dB.jpg?v=1780285254",3.98 USD,in stock,new,Spalsh Tackle,Artificial Fishing Swimbait,3603,8,
shopify_US_7612906537019_43558868222011,7612906537019,Fishing Lure Whopper Popper Artificial Bait Rotating Tail,"The Fishing Lure Whopper Popper Artificial Bait Rotating Tail is perfect for your next fishing trip. Its realistic rotating tail mimics a live fish, stimulating a natural feeding impulse in nearby predators. Its aerodynamic design allows for longer casting distances, making it ideal for all fishing styles. Our Fishing Lure Whopper Popper Artificial Bait is a professional-grade fishing lure with a rotating tail that helps create a realistic swimming action. Its realistic colors and size provide an enticing temptation that is sure to draw fish to your bait. Get ready to bring in that big catch!",https://splashtackle.com/products/fishing-lure-whopper-popper-artificial-bait-rotating-tail?variant=43558868222011,https://splashtackle.com/products/fishing-lure-whopper-popper-artificial-bait-rotating-tail,https://cdn.shopify.com/s/files/1/0678/4293/2795/files/5d4c20d7-S89bf348639c342df8c6374801c2db370j.jpg?v=1780285254,"https://cdn.shopify.com/s/files/1/0678/4293/2795/files/150cf317-Sd75fb98ffda244f38b2695203b617c2ax.webp?v=1780285254,https://cdn.shopify.com/s/files/1/0678/4293/2795/files/b5d0a968-S952d03c16c2a4162981edb3a00284caci.webp?v=1780285254,https://cdn.shopify.com/s/files/1/0678/4293/2795/files/a9c72fca-S22f429a2c1e440e69a47dc835bc2a1078.jpg?v=1780285254,https://cdn.shopify.com/s/files/1/0678/4293/2795/files/abd41ed8-S6b8afa3b9c194253a2a5f4b38db60947l.jpg?v=1780285254,https://cdn.shopify.com/s/files/1/0678/4293/2795/files/6b6f5c47-Sda987df6d42e4b1ebcc4c44caa280bc0T.jpg?v=1780285254,https://cdn.shopify.com/s/files/1/0678/4293/2795/files/32bfb3b0-S03f09846e3e9416eb42059fae49c7d7a6.jpg?v=1780285254,https://cdn.shopify.com/s/files/1/0678/4293/2795/files/334a35f3-S55a0127ed3aa4b79ae2b07b7f2fe3fceJ.jpg?v=1780285254,https://cdn.shopify.com/s/files/1/0678/4293/2795/files/f6430bd7-Sc0c14ac239254229a085faf1a735bfd03.jpg?v=1780285254,https://cdn.shopify.com/s/files/1/0678/4293/2795/files/f7b398b8-S1353d7908d524ead8903edbb7e5307170.jpg?v=1780285254,https://cdn.shopify.com/s/files/1/0678/4293/2795/files/a4577e71-S47efb11ba905430f857084e6c8a4c66dB.jpg?v=1780285254",3.98 USD,in stock,new,Spalsh Tackle,Artificial Fishing Swimbait,3603,Red,
shopify_US_7612906537019_43558868254779,7612906537019,Fishing Lure Whopper Popper Artificial Bait Rotating Tail,"The Fishing Lure Whopper Popper Artificial Bait Rotating Tail is perfect for your next fishing trip. Its realistic rotating tail mimics a live fish, stimulating a natural feeding impulse in nearby predators. Its aerodynamic design allows for longer casting distances, making it ideal for all fishing styles. Our Fishing Lure Whopper Popper Artificial Bait is a professional-grade fishing lure with a rotating tail that helps create a realistic swimming action. Its realistic colors and size provide an enticing temptation that is sure to draw fish to your bait. Get ready to bring in that big catch!",https://splashtackle.com/products/fishing-lure-whopper-popper-artificial-bait-rotating-tail?variant=43558868254779,https://splashtackle.com/products/fishing-lure-whopper-popper-artificial-bait-rotating-tail,https://cdn.shopify.com/s/files/1/0678/4293/2795/files/f7b398b8-S1353d7908d524ead8903edbb7e5307170.jpg?v=1780285254,"https://cdn.shopify.com/s/files/1/0678/4293/2795/files/150cf317-Sd75fb98ffda244f38b2695203b617c2ax.webp?v=1780285254,https://cdn.shopify.com/s/files/1/0678/4293/2795/files/b5d0a968-S952d03c16c2a4162981edb3a00284caci.webp?v=1780285254,https://cdn.shopify.com/s/files/1/0678/4293/2795/files/a9c72fca-S22f429a2c1e440e69a47dc835bc2a1078.jpg?v=1780285254,https://cdn.shopify.com/s/files/1/0678/4293/2795/files/abd41ed8-S6b8afa3b9c194253a2a5f4b38db60947l.jpg?v=1780285254,https://cdn.shopify.com/s/files/1/0678/4293/2795/files/6b6f5c47-Sda987df6d42e4b1ebcc4c44caa280bc0T.jpg?v=1780285254,https://cdn.shopify.com/s/files/1/0678/4293/2795/files/32bfb3b0-S03f09846e3e9416eb42059fae49c7d7a6.jpg?v=1780285254,https://cdn.shopify.com/s/files/1/0678/4293/2795/files/334a35f3-S55a0127ed3aa4b79ae2b07b7f2fe3fceJ.jpg?v=1780285254,https://cdn.shopify.com/s/files/1/0678/4293/2795/files/f6430bd7-Sc0c14ac239254229a085faf1a735bfd03.jpg?v=1780285254,https://cdn.shopify.com/s/files/1/0678/4293/2795/files/a4577e71-S47efb11ba905430f857084e6c8a4c66dB.jpg?v=1780285254,https://cdn.shopify.com/s/files/1/0678/4293/2795/files/b6dd547f-S5bc119b93ea2405fb311c03b62b72153l.jpg?v=1780285254",3.98 USD,in stock,new,Spalsh Tackle,Artificial Fishing Swimbait,3603,Black,
shopify_US_7615891177531_43567137816635,7615891177531,Lifelike Mud Loach Soft Bait Realistic Bionic Loach Lure for Bass & Freshwater Fishing,"Realistic Bionic Mud Loach Soft Plastic Bait – Lifelike Loach Lure Bring your finesse fishing to the next level with this highly realistic Bionic Mud Loach Soft Bait . Designed to mimic the natural look and movement of a real mud loach, this soft plastic lure is incredibly effective when fish are picky or pressured. Its lifelike shape, detailed texture, and subtle swimming action make it a deadly choice for bass, trout, and other freshwater species — especially in rivers, lakes, and murky water where loaches are natural forage. Why Anglers Love This Mud Loach Soft Bait: Ultra Realistic Design — Precise bionic details including segmented body, natural color, and lifelike tail Natural Swimming Action — Subtle wobble and flutter that imitates a real loach perfectly Versatile Rigging — Excellent for Texas Rig, Ned Rig, Shaky Head, Drop Shot, and Carolina Rig High-Quality Soft Plastic — Durable yet soft material with great action and scent absorption Multiple Sizes &amp; Colors Available — Perfect for different water conditions and target fish Whether you’re fishing clear water, stained lakes, or heavy cover, this Mud Loach Soft Plastic Lure consistently triggers strikes when other baits fail. It’s quickly becoming a favorite “confidence bait” among serious bass anglers.",https://splashtackle.com/products/lifelike-mud-loach-soft-bait-realistic-bionic-loach-lure-for-bass-freshwater-fishing,https://splashtackle.com/products/lifelike-mud-loach-soft-bait-realistic-bionic-loach-lure-for-bass-freshwater-fishing,https://cdn.shopify.com/s/files/1/0678/4293/2795/files/1_322143fe-8dfc-4e0e-8abd-ad97c9da8a39.png?v=1780464837,"https://cdn.shopify.com/s/files/1/0678/4293/2795/files/2_960c6f13-1315-4810-9022-dc674856c947.png?v=1780464837,https://cdn.shopify.com/s/files/1/0678/4293/2795/files/3_27f88c0c-2fa8-4028-8254-90fc17eb0af0.png?v=1780464837,https://cdn.shopify.com/s/files/1/0678/4293/2795/files/4_a68849d2-818b-4e50-b5d7-683ee4ac923e.png?v=1780464837",9.99 USD,in stock,new,Spalsh Tackle,Artificial Fishing Swimbait,3603,,4 Pieces
shopify_US_7791650570299_44052041826363,7791650570299,LockGrip Self-Locking Fishing Rod Holder Bracket,"Stop babysitting your rod on rough water. This self-locking rear-mount rod bracket clamps your rod firmly in place and quick-releases when you're ready to cast, so you never risk losing a rod overboard again. Self-locking clamp , the spring-loaded jaw grips your rod securely and won't rattle loose over bumpy rides or big fights. Aircraft-grade aluminum alloy , built to resist corrosion and hold up to saltwater and freshwater fishing alike. Quick-release design , unlock and grab your rod in one motion when a bite hits, no fumbling required. Soft silicone sleeve , a removable silicone liner protects your rod blank from scratches and metal-on-metal wear. Universal fit , mounts to most rod holder bases and pontoon/boat rails for big-game and standard rods alike.",https://splashtackle.com/products/lockgrip-self-locking-fishing-rod-holder-bracket,https://splashtackle.com/products/lockgrip-self-locking-fishing-rod-holder-bracket,https://cdn.shopify.com/s/files/1/0678/4293/2795/files/thumb_clean2.jpg?v=1787798664,"https://cdn.shopify.com/s/files/1/0678/4293/2795/files/d1_sq.jpg?v=1787800368,https://cdn.shopify.com/s/files/1/0678/4293/2795/files/d2_sq.jpg?v=1787800370",23.99 USD,in stock,new,Spalsh Tackle,Fishing Rod Holders,499942,,
shopify_US_7613692346427_43561900605499,7613692346427,Metal Jig Fishing Lures Set Sinking Hard Fishing Bait Set,"Stop letting trophy fish stay just out of reach. Engineered for extreme distance and realistic fluid action, this holographic metal jigging spoon set is your ticket to covering more water and triggering aggressive reaction strikes. Whether you are casting from the shore, jigging over deep structures, or working the flats, these versatile micro jigs mimic panicked baitfish to perfection. Featuring an aerodynamic, stream-lined profile, this sinking hard fishing bait set cuts through heavy winds, letting you achieve maximum distance on every single launch. Why Serious Anglers Keep This Jig Kit in Their Tackle Box: Extreme Long-Casting Performance: Designed with a rear-weighted, aerodynamic profile that maximizes momentum for unmatched distance, making it the ultimate setup for bank and shore fishermen. Dual-Hook Rigging Configuration: Equipped with a high-strength, rust-resistant feathered assist hook at the head to mimic natural gills, paired with an ultra-sharp rear treble hook to guarantee solid hookups. Holographic Flash Finish: Every jig features a multi-angle laser coating that reflects light dynamically underwater, accurately simulating the shimmering scales of fleeing minnows. Irresistible Sinking Action: Drops with a erratic, high-frequency flutter on the fall, remaining in the strike zone longer to entice finicky bass, trout, walleye, and perch. Specifications: Bait Type: Sinking Metal Jig / Jigging Spoon / Micro Spoon Weight Variations: Available in 7g (45mm), 10g (48mm), 15g (55mm), 20g (60mm), and 25g (65mm) Hook Setup: 1 x Feathered Assist Single Hook (Front) + 1 x High-Carbon Steel Treble Hook (Rear) Target Species: Bass (Largemouth &amp; Smallmouth), Trout, Perch, Crappie, Pike, Walleye, Stripers, and more. Environment: Formulated for freshwater streams and lakes, as well as light saltwater coastal fishing.",https://splashtackle.com/products/metal-jig-fishing-lures-set-sinking-hard-fishing-bait-set?variant=43561900605499,https://splashtackle.com/products/metal-jig-fishing-lures-set-sinking-hard-fishing-bait-set,https://cdn.shopify.com/s/files/1/0678/4293/2795/files/8.png?v=1780363338,"https://cdn.shopify.com/s/files/1/0678/4293/2795/files/1.png?v=1780363338,https://cdn.shopify.com/s/files/1/0678/4293/2795/files/2_a75cc9b0-a015-4be4-8904-7e8a931d90dc.png?v=1780363338,https://cdn.shopify.com/s/files/1/0678/4293/2795/files/3.png?v=1780363338,https://cdn.shopify.com/s/files/1/0678/4293/2795/files/7.png?v=1780363338,https://cdn.shopify.com/s/files/1/0678/4293/2795/files/6.png?v=1780363338,https://cdn.shopify.com/s/files/1/0678/4293/2795/files/5.png?v=1780363338,https://cdn.shopify.com/s/files/1/0678/4293/2795/files/4_d70c6600-a3a9-4d58-9d83-9401e70f1a7c.png?v=1780363338",12.99 USD,in stock,new,Spalsh Tackle,Fishing Baits & Lures,3603,,7g
shopify_US_7613692346427_43561900638267,7613692346427,Metal Jig Fishing Lures Set Sinking Hard Fishing Bait Set,"Stop letting trophy fish stay just out of reach. Engineered for extreme distance and realistic fluid action, this holographic metal jigging spoon set is your ticket to covering more water and triggering aggressive reaction strikes. Whether you are casting from the shore, jigging over deep structures, or working the flats, these versatile micro jigs mimic panicked baitfish to perfection. Featuring an aerodynamic, stream-lined profile, this sinking hard fishing bait set cuts through heavy winds, letting you achieve maximum distance on every single launch. Why Serious Anglers Keep This Jig Kit in Their Tackle Box: Extreme Long-Casting Performance: Designed with a rear-weighted, aerodynamic profile that maximizes momentum for unmatched distance, making it the ultimate setup for bank and shore fishermen. Dual-Hook Rigging Configuration: Equipped with a high-strength, rust-resistant feathered assist hook at the head to mimic natural gills, paired with an ultra-sharp rear treble hook to guarantee solid hookups. Holographic Flash Finish: Every jig features a multi-angle laser coating that reflects light dynamically underwater, accurately simulating the shimmering scales of fleeing minnows. Irresistible Sinking Action: Drops with a erratic, high-frequency flutter on the fall, remaining in the strike zone longer to entice finicky bass, trout, walleye, and perch. Specifications: Bait Type: Sinking Metal Jig / Jigging Spoon / Micro Spoon Weight Variations: Available in 7g (45mm), 10g (48mm), 15g (55mm), 20g (60mm), and 25g (65mm) Hook Setup: 1 x Feathered Assist Single Hook (Front) + 1 x High-Carbon Steel Treble Hook (Rear) Target Species: Bass (Largemouth &amp; Smallmouth), Trout, Perch, Crappie, Pike, Walleye, Stripers, and more. Environment: Formulated for freshwater streams and lakes, as well as light saltwater coastal fishing.",https://splashtackle.com/products/metal-jig-fishing-lures-set-sinking-hard-fishing-bait-set?variant=43561900638267,https://splashtackle.com/products/metal-jig-fishing-lures-set-sinking-hard-fishing-bait-set,https://cdn.shopify.com/s/files/1/0678/4293/2795/files/7.png?v=1780363338,"https://cdn.shopify.com/s/files/1/0678/4293/2795/files/1.png?v=1780363338,https://cdn.shopify.com/s/files/1/0678/4293/2795/files/2_a75cc9b0-a015-4be4-8904-7e8a931d90dc.png?v=1780363338,https://cdn.shopify.com/s/files/1/0678/4293/2795/files/3.png?v=1780363338,https://cdn.shopify.com/s/files/1/0678/4293/2795/files/8.png?v=1780363338,https://cdn.shopify.com/s/files/1/0678/4293/2795/files/6.png?v=1780363338,https://cdn.shopify.com/s/files/1/0678/4293/2795/files/5.png?v=1780363338,https://cdn.shopify.com/s/files/1/0678/4293/2795/files/4_d70c6600-a3a9-4d58-9d83-9401e70f1a7c.png?v=1780363338",12.99 USD,in stock,new,Spalsh Tackle,Fishing Baits & Lures,3603,,10g
shopify_US_7613692346427_43561900671035,7613692346427,Metal Jig Fishing Lures Set Sinking Hard Fishing Bait Set,"Stop letting trophy fish stay just out of reach. Engineered for extreme distance and realistic fluid action, this holographic metal jigging spoon set is your ticket to covering more water and triggering aggressive reaction strikes. Whether you are casting from the shore, jigging over deep structures, or working the flats, these versatile micro jigs mimic panicked baitfish to perfection. Featuring an aerodynamic, stream-lined profile, this sinking hard fishing bait set cuts through heavy winds, letting you achieve maximum distance on every single launch. Why Serious Anglers Keep This Jig Kit in Their Tackle Box: Extreme Long-Casting Performance: Designed with a rear-weighted, aerodynamic profile that maximizes momentum for unmatched distance, making it the ultimate setup for bank and shore fishermen. Dual-Hook Rigging Configuration: Equipped with a high-strength, rust-resistant feathered assist hook at the head to mimic natural gills, paired with an ultra-sharp rear treble hook to guarantee solid hookups. Holographic Flash Finish: Every jig features a multi-angle laser coating that reflects light dynamically underwater, accurately simulating the shimmering scales of fleeing minnows. Irresistible Sinking Action: Drops with a erratic, high-frequency flutter on the fall, remaining in the strike zone longer to entice finicky bass, trout, walleye, and perch. Specifications: Bait Type: Sinking Metal Jig / Jigging Spoon / Micro Spoon Weight Variations: Available in 7g (45mm), 10g (48mm), 15g (55mm), 20g (60mm), and 25g (65mm) Hook Setup: 1 x Feathered Assist Single Hook (Front) + 1 x High-Carbon Steel Treble Hook (Rear) Target Species: Bass (Largemouth &amp; Smallmouth), Trout, Perch, Crappie, Pike, Walleye, Stripers, and more. Environment: Formulated for freshwater streams and lakes, as well as light saltwater coastal fishing.",https://splashtackle.com/products/metal-jig-fishing-lures-set-sinking-hard-fishing-bait-set?variant=43561900671035,https://splashtackle.com/products/metal-jig-fishing-lures-set-sinking-hard-fishing-bait-set,https://cdn.shopify.com/s/files/1/0678/4293/2795/files/6.png?v=1780363338,"https://cdn.shopify.com/s/files/1/0678/4293/2795/files/1.png?v=1780363338,https://cdn.shopify.com/s/files/1/0678/4293/2795/files/2_a75cc9b0-a015-4be4-8904-7e8a931d90dc.png?v=1780363338,https://cdn.shopify.com/s/files/1/0678/4293/2795/files/3.png?v=1780363338,https://cdn.shopify.com/s/files/1/0678/4293/2795/files/8.png?v=1780363338,https://cdn.shopify.com/s/files/1/0678/4293/2795/files/7.png?v=1780363338,https://cdn.shopify.com/s/files/1/0678/4293/2795/files/5.png?v=1780363338,https://cdn.shopify.com/s/files/1/0678/4293/2795/files/4_d70c6600-a3a9-4d58-9d83-9401e70f1a7c.png?v=1780363338",12.99 USD,in stock,new,Spalsh Tackle,Fishing Baits & Lures,3603,,15g
shopify_US_7613692346427_43561900703803,7613692346427,Metal Jig Fishing Lures Set Sinking Hard Fishing Bait Set,"Stop letting trophy fish stay just out of reach. Engineered for extreme distance and realistic fluid action, this holographic metal jigging spoon set is your ticket to covering more water and triggering aggressive reaction strikes. Whether you are casting from the shore, jigging over deep structures, or working the flats, these versatile micro jigs mimic panicked baitfish to perfection. Featuring an aerodynamic, stream-lined profile, this sinking hard fishing bait set cuts through heavy winds, letting you achieve maximum distance on every single launch. Why Serious Anglers Keep This Jig Kit in Their Tackle Box: Extreme Long-Casting Performance: Designed with a rear-weighted, aerodynamic profile that maximizes momentum for unmatched distance, making it the ultimate setup for bank and shore fishermen. Dual-Hook Rigging Configuration: Equipped with a high-strength, rust-resistant feathered assist hook at the head to mimic natural gills, paired with an ultra-sharp rear treble hook to guarantee solid hookups. Holographic Flash Finish: Every jig features a multi-angle laser coating that reflects light dynamically underwater, accurately simulating the shimmering scales of fleeing minnows. Irresistible Sinking Action: Drops with a erratic, high-frequency flutter on the fall, remaining in the strike zone longer to entice finicky bass, trout, walleye, and perch. Specifications: Bait Type: Sinking Metal Jig / Jigging Spoon / Micro Spoon Weight Variations: Available in 7g (45mm), 10g (48mm), 15g (55mm), 20g (60mm), and 25g (65mm) Hook Setup: 1 x Feathered Assist Single Hook (Front) + 1 x High-Carbon Steel Treble Hook (Rear) Target Species: Bass (Largemouth &amp; Smallmouth), Trout, Perch, Crappie, Pike, Walleye, Stripers, and more. Environment: Formulated for freshwater streams and lakes, as well as light saltwater coastal fishing.",https://splashtackle.com/products/metal-jig-fishing-lures-set-sinking-hard-fishing-bait-set?variant=43561900703803,https://splashtackle.com/products/metal-jig-fishing-lures-set-sinking-hard-fishing-bait-set,https://cdn.shopify.com/s/files/1/0678/4293/2795/files/5.png?v=1780363338,"https://cdn.shopify.com/s/files/1/0678/4293/2795/files/1.png?v=1780363338,https://cdn.shopify.com/s/files/1/0678/4293/2795/files/2_a75cc9b0-a015-4be4-8904-7e8a931d90dc.png?v=1780363338,https://cdn.shopify.com/s/files/1/0678/4293/2795/files/3.png?v=1780363338,https://cdn.shopify.com/s/files/1/0678/4293/2795/files/8.png?v=1780363338,https://cdn.shopify.com/s/files/1/0678/4293/2795/files/7.png?v=1780363338,https://cdn.shopify.com/s/files/1/0678/4293/2795/files/6.png?v=1780363338,https://cdn.shopify.com/s/files/1/0678/4293/2795/files/4_d70c6600-a3a9-4d58-9d83-9401e70f1a7c.png?v=1780363338",12.99 USD,in stock,new,Spalsh Tackle,Fishing Baits & Lures,3603,,20g
shopify_US_7613692346427_43561900736571,7613692346427,Metal Jig Fishing Lures Set Sinking Hard Fishing Bait Set,"Stop letting trophy fish stay just out of reach. Engineered for extreme distance and realistic fluid action, this holographic metal jigging spoon set is your ticket to covering more water and triggering aggressive reaction strikes. Whether you are casting from the shore, jigging over deep structures, or working the flats, these versatile micro jigs mimic panicked baitfish to perfection. Featuring an aerodynamic, stream-lined profile, this sinking hard fishing bait set cuts through heavy winds, letting you achieve maximum distance on every single launch. Why Serious Anglers Keep This Jig Kit in Their Tackle Box: Extreme Long-Casting Performance: Designed with a rear-weighted, aerodynamic profile that maximizes momentum for unmatched distance, making it the ultimate setup for bank and shore fishermen. Dual-Hook Rigging Configuration: Equipped with a high-strength, rust-resistant feathered assist hook at the head to mimic natural gills, paired with an ultra-sharp rear treble hook to guarantee solid hookups. Holographic Flash Finish: Every jig features a multi-angle laser coating that reflects light dynamically underwater, accurately simulating the shimmering scales of fleeing minnows. Irresistible Sinking Action: Drops with a erratic, high-frequency flutter on the fall, remaining in the strike zone longer to entice finicky bass, trout, walleye, and perch. Specifications: Bait Type: Sinking Metal Jig / Jigging Spoon / Micro Spoon Weight Variations: Available in 7g (45mm), 10g (48mm), 15g (55mm), 20g (60mm), and 25g (65mm) Hook Setup: 1 x Feathered Assist Single Hook (Front) + 1 x High-Carbon Steel Treble Hook (Rear) Target Species: Bass (Largemouth &amp; Smallmouth), Trout, Perch, Crappie, Pike, Walleye, Stripers, and more. Environment: Formulated for freshwater streams and lakes, as well as light saltwater coastal fishing.",https://splashtackle.com/products/metal-jig-fishing-lures-set-sinking-hard-fishing-bait-set?variant=43561900736571,https://splashtackle.com/products/metal-jig-fishing-lures-set-sinking-hard-fishing-bait-set,https://cdn.shopify.com/s/files/1/0678/4293/2795/files/4_d70c6600-a3a9-4d58-9d83-9401e70f1a7c.png?v=1780363338,"https://cdn.shopify.com/s/files/1/0678/4293/2795/files/1.png?v=1780363338,https://cdn.shopify.com/s/files/1/0678/4293/2795/files/2_a75cc9b0-a015-4be4-8904-7e8a931d90dc.png?v=1780363338,https://cdn.shopify.com/s/files/1/0678/4293/2795/files/3.png?v=1780363338,https://cdn.shopify.com/s/files/1/0678/4293/2795/files/8.png?v=1780363338,https://cdn.shopify.com/s/files/1/0678/4293/2795/files/7.png?v=1780363338,https://cdn.shopify.com/s/files/1/0678/4293/2795/files/6.png?v=1780363338,https://cdn.shopify.com/s/files/1/0678/4293/2795/files/5.png?v=1780363338",12.99 USD,in stock,new,Spalsh Tackle,Fishing Baits & Lures,3603,,25g
shopify_US_7612775792699_43558029131835,7612775792699,Outdoor Stool Portable Camping Folding Stool,"This portable camping stool offers a lightweight and compact design that folds easily for convenient transportation. When folded, it transforms into a shoulder-carrier resembling a crossbody bag, allowing hands-free mobility during your outdoor adventures. Ideal for camping, hiking, or fishing, it provides a sturdy and comfortable seat that enhances your outdoor experience with practical portability. This folding outdoor stool combines practicality and portability, folding compactly for easy storage and transport. Its innovative design allows it to be carried over the shoulder like a crossbody bag, keeping your hands free on the move. Perfect for camping, hiking, or any outdoor activity, it provides reliable seating with minimal effort and maximum convenience.",https://splashtackle.com/products/outdoor-stool-portable-camping-folding-stool?variant=43558029131835,https://splashtackle.com/products/outdoor-stool-portable-camping-folding-stool,https://cdn.shopify.com/s/files/1/0678/4293/2795/files/7_1410f3c5-986b-4b8e-92b7-12b2b09dc3fc.png?v=1780220899,"https://cdn.shopify.com/s/files/1/0678/4293/2795/files/6_c6564772-caa5-4f1c-b8b3-746e0b64acc2.png?v=1780220898,https://cdn.shopify.com/s/files/1/0678/4293/2795/files/5_6d61e4a1-3863-4ba2-8f0e-cb56eb8244da.png?v=1780220898,https://cdn.shopify.com/s/files/1/0678/4293/2795/files/3_ed869d89-6762-4e69-ab6c-2f29799a8786.png?v=1780220899,https://cdn.shopify.com/s/files/1/0678/4293/2795/files/4_4db52d50-e970-4e10-a927-8b89b5a97c84.png?v=1780220898,https://cdn.shopify.com/s/files/1/0678/4293/2795/files/1_9c4a8a30-516a-4662-bac6-7f3e7e408bc7.png?v=1780220898,https://cdn.shopify.com/s/files/1/0678/4293/2795/files/2_c3ef0fa0-cf14-4e00-b952-12af3fa02dc1.png?v=1780220899",19.99 USD,in stock,new,Splash Tackle,Folding Stools,1014,green-1,
shopify_US_7612775792699_43558029164603,7612775792699,Outdoor Stool Portable Camping Folding Stool,"This portable camping stool offers a lightweight and compact design that folds easily for convenient transportation. When folded, it transforms into a shoulder-carrier resembling a crossbody bag, allowing hands-free mobility during your outdoor adventures. Ideal for camping, hiking, or fishing, it provides a sturdy and comfortable seat that enhances your outdoor experience with practical portability. This folding outdoor stool combines practicality and portability, folding compactly for easy storage and transport. Its innovative design allows it to be carried over the shoulder like a crossbody bag, keeping your hands free on the move. Perfect for camping, hiking, or any outdoor activity, it provides reliable seating with minimal effort and maximum convenience.",https://splashtackle.com/products/outdoor-stool-portable-camping-folding-stool?variant=43558029164603,https://splashtackle.com/products/outdoor-stool-portable-camping-folding-stool,https://cdn.shopify.com/s/files/1/0678/4293/2795/files/6_c6564772-caa5-4f1c-b8b3-746e0b64acc2.png?v=1780220898,"https://cdn.shopify.com/s/files/1/0678/4293/2795/files/7_1410f3c5-986b-4b8e-92b7-12b2b09dc3fc.png?v=1780220899,https://cdn.shopify.com/s/files/1/0678/4293/2795/files/5_6d61e4a1-3863-4ba2-8f0e-cb56eb8244da.png?v=1780220898,https://cdn.shopify.com/s/files/1/0678/4293/2795/files/3_ed869d89-6762-4e69-ab6c-2f29799a8786.png?v=1780220899,https://cdn.shopify.com/s/files/1/0678/4293/2795/files/4_4db52d50-e970-4e10-a927-8b89b5a97c84.png?v=1780220898,https://cdn.shopify.com/s/files/1/0678/4293/2795/files/1_9c4a8a30-516a-4662-bac6-7f3e7e408bc7.png?v=1780220898,https://cdn.shopify.com/s/files/1/0678/4293/2795/files/2_c3ef0fa0-cf14-4e00-b952-12af3fa02dc1.png?v=1780220899",19.99 USD,in stock,new,Splash Tackle,Folding Stools,1014,black-4,
shopify_US_7612775792699_43558029197371,7612775792699,Outdoor Stool Portable Camping Folding Stool,"This portable camping stool offers a lightweight and compact design that folds easily for convenient transportation. When folded, it transforms into a shoulder-carrier resembling a crossbody bag, allowing hands-free mobility during your outdoor adventures. Ideal for camping, hiking, or fishing, it provides a sturdy and comfortable seat that enhances your outdoor experience with practical portability. This folding outdoor stool combines practicality and portability, folding compactly for easy storage and transport. Its innovative design allows it to be carried over the shoulder like a crossbody bag, keeping your hands free on the move. Perfect for camping, hiking, or any outdoor activity, it provides reliable seating with minimal effort and maximum convenience.",https://splashtackle.com/products/outdoor-stool-portable-camping-folding-stool?variant=43558029197371,https://splashtackle.com/products/outdoor-stool-portable-camping-folding-stool,https://cdn.shopify.com/s/files/1/0678/4293/2795/files/5_6d61e4a1-3863-4ba2-8f0e-cb56eb8244da.png?v=1780220898,"https://cdn.shopify.com/s/files/1/0678/4293/2795/files/7_1410f3c5-986b-4b8e-92b7-12b2b09dc3fc.png?v=1780220899,https://cdn.shopify.com/s/files/1/0678/4293/2795/files/6_c6564772-caa5-4f1c-b8b3-746e0b64acc2.png?v=1780220898,https://cdn.shopify.com/s/files/1/0678/4293/2795/files/3_ed869d89-6762-4e69-ab6c-2f29799a8786.png?v=1780220899,https://cdn.shopify.com/s/files/1/0678/4293/2795/files/4_4db52d50-e970-4e10-a927-8b89b5a97c84.png?v=1780220898,https://cdn.shopify.com/s/files/1/0678/4293/2795/files/1_9c4a8a30-516a-4662-bac6-7f3e7e408bc7.png?v=1780220898,https://cdn.shopify.com/s/files/1/0678/4293/2795/files/2_c3ef0fa0-cf14-4e00-b952-12af3fa02dc1.png?v=1780220899",19.99 USD,in stock,new,Splash Tackle,Folding Stools,1014,khaki-1,
shopify_US_7612775825467_43558029230139,7612775825467,Plated Multi Segmented Loach Lure Bait,"Engineered for serious anglers, this multi-segmented loach lure features premium plating that enhances visibility and durability in diverse water conditions. The articulated design mimics natural loach movement, triggering predatory strikes from pike, perch, and other game fish. Each segment flexes independently, creating lifelike action that outperforms rigid alternatives. The plated finish resists corrosion and maintains its reflective properties through extended use. Ideal for both freshwater and saltwater applications, this versatile bait delivers consistent performance whether you're casting in rivers, lakes, or coastal waters. This precision-crafted loach lure combines segmented construction with protective plating to deliver superior performance in demanding fishing environments. The multi-jointed body replicates authentic loach behavior, flexing and undulating to attract aggressive strikes from bass, pike, and predatory species. Advanced plating technology provides exceptional corrosion resistance while maximizing light reflection for enhanced visibility at depth. The balanced weight distribution ensures optimal casting distance and natural swimming action across varying current speeds",https://splashtackle.com/products/plated-multi-segmented-loach-lure-bait,https://splashtackle.com/products/plated-multi-segmented-loach-lure-bait,https://cdn.shopify.com/s/files/1/0678/4293/2795/files/2_449f299b-4849-44b7-8b9f-acd1a7462bc5.png?v=1780220900,https://cdn.shopify.com/s/files/1/0678/4293/2795/files/1_c60de799-fe8c-405c-a74f-d180ac58e160.png?v=1780220900,12.99 USD,in stock,new,Splash Tackle,Artificial Fishing Swimbait,3603,,
shopify_US_7612775759931_43558028935227,7612775759931,Portable Pocket Mini Fishing Rod,"Stay prepared for fishing trips with this Portable Pocket Mini Fishing Rod. The collapsible design makes it perfect for carrying on-the-go, while the durable construction ensures long-term use. It's the perfect tool for fishing enthusiasts who want a reliable rod in their pocket. Enjoy the convenience of fishing wherever you go with the Portable Pocket Mini Fishing Rod. Built with an ultra-lightweight design, this rod fits perfectly in any pocket, making it ideal for anglers on the go. Its highly durable construction ensures strength and reliability, allowing you to take on various fishing conditions. Tackle the ultimate fishing experience with the Portable Pocket Mini Fishing Rod. Specifications: Material: Carbon fiber, aluminum alloy Color: Purple/Silver/Black/Blue/Golden/Red Closed Length: 21cm Extended Length: 97cm Mini Baitcasting Reel Material: Aluminum alloy brass Size: 5.5cmx 7cm x 3cm Package Included: 1 X Fishing rod 1 X Fishing Reel",https://splashtackle.com/products/outdoor-stream-portable-pocket-telescopic-mini-fishing-rod-pole-pen-shape-folded-river-lake-fishing-rod-with-reel-wheel?variant=43558028935227,https://splashtackle.com/products/outdoor-stream-portable-pocket-telescopic-mini-fishing-rod-pole-pen-shape-folded-river-lake-fishing-rod-with-reel-wheel,https://cdn.shopify.com/s/files/1/0678/4293/2795/files/Scff8edb590324d4f9ac9f05fd3c958b0O.jpg?v=1780220896,"https://cdn.shopify.com/s/files/1/0678/4293/2795/files/S0f596627d20f49829424480d28c17e45S.jpg?v=1780220897,https://cdn.shopify.com/s/files/1/0678/4293/2795/files/S14c7a8c29ed94d63ae12ba92c5842786K.jpg?v=1780220896,https://cdn.shopify.com/s/files/1/0678/4293/2795/files/Se9a6761c64c84fb2ad695062a8cefb6fG.jpg?v=1780220896,https://cdn.shopify.com/s/files/1/0678/4293/2795/files/Sd5f0b5cab9f74baeba96b90e9abbba87L.jpg?v=1780220896,https://cdn.shopify.com/s/files/1/0678/4293/2795/files/S2047cd906c434e7bb9fd12789e1e2301N.jpg?v=1780220897,https://cdn.shopify.com/s/files/1/0678/4293/2795/files/Sf66c340e7db94745b16f69de1dd343b1x.jpg?v=1780220897,https://cdn.shopify.com/s/files/1/0678/4293/2795/files/Sb65fae7e8dd94151a5d51263c893e7f1n.jpg?v=1780220896,https://cdn.shopify.com/s/files/1/0678/4293/2795/files/Sb7c6ba031e26445687c0a57de053ec1aG.jpg?v=1780220896,https://cdn.shopify.com/s/files/1/0678/4293/2795/files/Saa4f9b8535394fe7aeedb84650b1f2e33.jpg?v=1780220897",16.95 USD,in stock,new,Splash Tackle,Fishing Rods,4927,White,
shopify_US_7612775759931_43558028967995,7612775759931,Portable Pocket Mini Fishing Rod,"Stay prepared for fishing trips with this Portable Pocket Mini Fishing Rod. The collapsible design makes it perfect for carrying on-the-go, while the durable construction ensures long-term use. It's the perfect tool for fishing enthusiasts who want a reliable rod in their pocket. Enjoy the convenience of fishing wherever you go with the Portable Pocket Mini Fishing Rod. Built with an ultra-lightweight design, this rod fits perfectly in any pocket, making it ideal for anglers on the go. Its highly durable construction ensures strength and reliability, allowing you to take on various fishing conditions. Tackle the ultimate fishing experience with the Portable Pocket Mini Fishing Rod. Specifications: Material: Carbon fiber, aluminum alloy Color: Purple/Silver/Black/Blue/Golden/Red Closed Length: 21cm Extended Length: 97cm Mini Baitcasting Reel Material: Aluminum alloy brass Size: 5.5cmx 7cm x 3cm Package Included: 1 X Fishing rod 1 X Fishing Reel",https://splashtackle.com/products/outdoor-stream-portable-pocket-telescopic-mini-fishing-rod-pole-pen-shape-folded-river-lake-fishing-rod-with-reel-wheel?variant=43558028967995,https://splashtackle.com/products/outdoor-stream-portable-pocket-telescopic-mini-fishing-rod-pole-pen-shape-folded-river-lake-fishing-rod-with-reel-wheel,https://cdn.shopify.com/s/files/1/0678/4293/2795/files/Saa4f9b8535394fe7aeedb84650b1f2e33.jpg?v=1780220897,"https://cdn.shopify.com/s/files/1/0678/4293/2795/files/S0f596627d20f49829424480d28c17e45S.jpg?v=1780220897,https://cdn.shopify.com/s/files/1/0678/4293/2795/files/S14c7a8c29ed94d63ae12ba92c5842786K.jpg?v=1780220896,https://cdn.shopify.com/s/files/1/0678/4293/2795/files/Se9a6761c64c84fb2ad695062a8cefb6fG.jpg?v=1780220896,https://cdn.shopify.com/s/files/1/0678/4293/2795/files/Sd5f0b5cab9f74baeba96b90e9abbba87L.jpg?v=1780220896,https://cdn.shopify.com/s/files/1/0678/4293/2795/files/S2047cd906c434e7bb9fd12789e1e2301N.jpg?v=1780220897,https://cdn.shopify.com/s/files/1/0678/4293/2795/files/Sf66c340e7db94745b16f69de1dd343b1x.jpg?v=1780220897,https://cdn.shopify.com/s/files/1/0678/4293/2795/files/Scff8edb590324d4f9ac9f05fd3c958b0O.jpg?v=1780220896,https://cdn.shopify.com/s/files/1/0678/4293/2795/files/Sb65fae7e8dd94151a5d51263c893e7f1n.jpg?v=1780220896,https://cdn.shopify.com/s/files/1/0678/4293/2795/files/Sb7c6ba031e26445687c0a57de053ec1aG.jpg?v=1780220896",16.95 USD,in stock,new,Splash Tackle,Fishing Rods,4927,Yellow,
shopify_US_7612775759931_43558029000763,7612775759931,Portable Pocket Mini Fishing Rod,"Stay prepared for fishing trips with this Portable Pocket Mini Fishing Rod. The collapsible design makes it perfect for carrying on-the-go, while the durable construction ensures long-term use. It's the perfect tool for fishing enthusiasts who want a reliable rod in their pocket. Enjoy the convenience of fishing wherever you go with the Portable Pocket Mini Fishing Rod. Built with an ultra-lightweight design, this rod fits perfectly in any pocket, making it ideal for anglers on the go. Its highly durable construction ensures strength and reliability, allowing you to take on various fishing conditions. Tackle the ultimate fishing experience with the Portable Pocket Mini Fishing Rod. Specifications: Material: Carbon fiber, aluminum alloy Color: Purple/Silver/Black/Blue/Golden/Red Closed Length: 21cm Extended Length: 97cm Mini Baitcasting Reel Material: Aluminum alloy brass Size: 5.5cmx 7cm x 3cm Package Included: 1 X Fishing rod 1 X Fishing Reel",https://splashtackle.com/products/outdoor-stream-portable-pocket-telescopic-mini-fishing-rod-pole-pen-shape-folded-river-lake-fishing-rod-with-reel-wheel?variant=43558029000763,https://splashtackle.com/products/outdoor-stream-portable-pocket-telescopic-mini-fishing-rod-pole-pen-shape-folded-river-lake-fishing-rod-with-reel-wheel,https://cdn.shopify.com/s/files/1/0678/4293/2795/files/Sb65fae7e8dd94151a5d51263c893e7f1n.jpg?v=1780220896,"https://cdn.shopify.com/s/files/1/0678/4293/2795/files/S0f596627d20f49829424480d28c17e45S.jpg?v=1780220897,https://cdn.shopify.com/s/files/1/0678/4293/2795/files/S14c7a8c29ed94d63ae12ba92c5842786K.jpg?v=1780220896,https://cdn.shopify.com/s/files/1/0678/4293/2795/files/Se9a6761c64c84fb2ad695062a8cefb6fG.jpg?v=1780220896,https://cdn.shopify.com/s/files/1/0678/4293/2795/files/Sd5f0b5cab9f74baeba96b90e9abbba87L.jpg?v=1780220896,https://cdn.shopify.com/s/files/1/0678/4293/2795/files/S2047cd906c434e7bb9fd12789e1e2301N.jpg?v=1780220897,https://cdn.shopify.com/s/files/1/0678/4293/2795/files/Sf66c340e7db94745b16f69de1dd343b1x.jpg?v=1780220897,https://cdn.shopify.com/s/files/1/0678/4293/2795/files/Scff8edb590324d4f9ac9f05fd3c958b0O.jpg?v=1780220896,https://cdn.shopify.com/s/files/1/0678/4293/2795/files/Sb7c6ba031e26445687c0a57de053ec1aG.jpg?v=1780220896,https://cdn.shopify.com/s/files/1/0678/4293/2795/files/Saa4f9b8535394fe7aeedb84650b1f2e33.jpg?v=1780220897",16.95 USD,in stock,new,Splash Tackle,Fishing Rods,4927,Red,
shopify_US_7612775759931_43558029033531,7612775759931,Portable Pocket Mini Fishing Rod,"Stay prepared for fishing trips with this Portable Pocket Mini Fishing Rod. The collapsible design makes it perfect for carrying on-the-go, while the durable construction ensures long-term use. It's the perfect tool for fishing enthusiasts who want a reliable rod in their pocket. Enjoy the convenience of fishing wherever you go with the Portable Pocket Mini Fishing Rod. Built with an ultra-lightweight design, this rod fits perfectly in any pocket, making it ideal for anglers on the go. Its highly durable construction ensures strength and reliability, allowing you to take on various fishing conditions. Tackle the ultimate fishing experience with the Portable Pocket Mini Fishing Rod. Specifications: Material: Carbon fiber, aluminum alloy Color: Purple/Silver/Black/Blue/Golden/Red Closed Length: 21cm Extended Length: 97cm Mini Baitcasting Reel Material: Aluminum alloy brass Size: 5.5cmx 7cm x 3cm Package Included: 1 X Fishing rod 1 X Fishing Reel",https://splashtackle.com/products/outdoor-stream-portable-pocket-telescopic-mini-fishing-rod-pole-pen-shape-folded-river-lake-fishing-rod-with-reel-wheel?variant=43558029033531,https://splashtackle.com/products/outdoor-stream-portable-pocket-telescopic-mini-fishing-rod-pole-pen-shape-folded-river-lake-fishing-rod-with-reel-wheel,https://cdn.shopify.com/s/files/1/0678/4293/2795/files/Sb7c6ba031e26445687c0a57de053ec1aG.jpg?v=1780220896,"https://cdn.shopify.com/s/files/1/0678/4293/2795/files/S0f596627d20f49829424480d28c17e45S.jpg?v=1780220897,https://cdn.shopify.com/s/files/1/0678/4293/2795/files/S14c7a8c29ed94d63ae12ba92c5842786K.jpg?v=1780220896,https://cdn.shopify.com/s/files/1/0678/4293/2795/files/Se9a6761c64c84fb2ad695062a8cefb6fG.jpg?v=1780220896,https://cdn.shopify.com/s/files/1/0678/4293/2795/files/Sd5f0b5cab9f74baeba96b90e9abbba87L.jpg?v=1780220896,https://cdn.shopify.com/s/files/1/0678/4293/2795/files/S2047cd906c434e7bb9fd12789e1e2301N.jpg?v=1780220897,https://cdn.shopify.com/s/files/1/0678/4293/2795/files/Sf66c340e7db94745b16f69de1dd343b1x.jpg?v=1780220897,https://cdn.shopify.com/s/files/1/0678/4293/2795/files/Scff8edb590324d4f9ac9f05fd3c958b0O.jpg?v=1780220896,https://cdn.shopify.com/s/files/1/0678/4293/2795/files/Sb65fae7e8dd94151a5d51263c893e7f1n.jpg?v=1780220896,https://cdn.shopify.com/s/files/1/0678/4293/2795/files/Saa4f9b8535394fe7aeedb84650b1f2e33.jpg?v=1780220897",16.95 USD,in stock,new,Splash Tackle,Fishing Rods,4927,Purple,
shopify_US_7612775759931_43558029066299,7612775759931,Portable Pocket Mini Fishing Rod,"Stay prepared for fishing trips with this Portable Pocket Mini Fishing Rod. The collapsible design makes it perfect for carrying on-the-go, while the durable construction ensures long-term use. It's the perfect tool for fishing enthusiasts who want a reliable rod in their pocket. Enjoy the convenience of fishing wherever you go with the Portable Pocket Mini Fishing Rod. Built with an ultra-lightweight design, this rod fits perfectly in any pocket, making it ideal for anglers on the go. Its highly durable construction ensures strength and reliability, allowing you to take on various fishing conditions. Tackle the ultimate fishing experience with the Portable Pocket Mini Fishing Rod. Specifications: Material: Carbon fiber, aluminum alloy Color: Purple/Silver/Black/Blue/Golden/Red Closed Length: 21cm Extended Length: 97cm Mini Baitcasting Reel Material: Aluminum alloy brass Size: 5.5cmx 7cm x 3cm Package Included: 1 X Fishing rod 1 X Fishing Reel",https://splashtackle.com/products/outdoor-stream-portable-pocket-telescopic-mini-fishing-rod-pole-pen-shape-folded-river-lake-fishing-rod-with-reel-wheel?variant=43558029066299,https://splashtackle.com/products/outdoor-stream-portable-pocket-telescopic-mini-fishing-rod-pole-pen-shape-folded-river-lake-fishing-rod-with-reel-wheel,https://cdn.shopify.com/s/files/1/0678/4293/2795/files/S2047cd906c434e7bb9fd12789e1e2301N.jpg?v=1780220897,"https://cdn.shopify.com/s/files/1/0678/4293/2795/files/S0f596627d20f49829424480d28c17e45S.jpg?v=1780220897,https://cdn.shopify.com/s/files/1/0678/4293/2795/files/S14c7a8c29ed94d63ae12ba92c5842786K.jpg?v=1780220896,https://cdn.shopify.com/s/files/1/0678/4293/2795/files/Se9a6761c64c84fb2ad695062a8cefb6fG.jpg?v=1780220896,https://cdn.shopify.com/s/files/1/0678/4293/2795/files/Sd5f0b5cab9f74baeba96b90e9abbba87L.jpg?v=1780220896,https://cdn.shopify.com/s/files/1/0678/4293/2795/files/Sf66c340e7db94745b16f69de1dd343b1x.jpg?v=1780220897,https://cdn.shopify.com/s/files/1/0678/4293/2795/files/Scff8edb590324d4f9ac9f05fd3c958b0O.jpg?v=1780220896,https://cdn.shopify.com/s/files/1/0678/4293/2795/files/Sb65fae7e8dd94151a5d51263c893e7f1n.jpg?v=1780220896,https://cdn.shopify.com/s/files/1/0678/4293/2795/files/Sb7c6ba031e26445687c0a57de053ec1aG.jpg?v=1780220896,https://cdn.shopify.com/s/files/1/0678/4293/2795/files/Saa4f9b8535394fe7aeedb84650b1f2e33.jpg?v=1780220897",16.95 USD,in stock,new,Splash Tackle,Fishing Rods,4927,Blue,
shopify_US_7612775759931_43558029099067,7612775759931,Portable Pocket Mini Fishing Rod,"Stay prepared for fishing trips with this Portable Pocket Mini Fishing Rod. The collapsible design makes it perfect for carrying on-the-go, while the durable construction ensures long-term use. It's the perfect tool for fishing enthusiasts who want a reliable rod in their pocket. Enjoy the convenience of fishing wherever you go with the Portable Pocket Mini Fishing Rod. Built with an ultra-lightweight design, this rod fits perfectly in any pocket, making it ideal for anglers on the go. Its highly durable construction ensures strength and reliability, allowing you to take on various fishing conditions. Tackle the ultimate fishing experience with the Portable Pocket Mini Fishing Rod. Specifications: Material: Carbon fiber, aluminum alloy Color: Purple/Silver/Black/Blue/Golden/Red Closed Length: 21cm Extended Length: 97cm Mini Baitcasting Reel Material: Aluminum alloy brass Size: 5.5cmx 7cm x 3cm Package Included: 1 X Fishing rod 1 X Fishing Reel",https://splashtackle.com/products/outdoor-stream-portable-pocket-telescopic-mini-fishing-rod-pole-pen-shape-folded-river-lake-fishing-rod-with-reel-wheel?variant=43558029099067,https://splashtackle.com/products/outdoor-stream-portable-pocket-telescopic-mini-fishing-rod-pole-pen-shape-folded-river-lake-fishing-rod-with-reel-wheel,https://cdn.shopify.com/s/files/1/0678/4293/2795/files/Sf66c340e7db94745b16f69de1dd343b1x.jpg?v=1780220897,"https://cdn.shopify.com/s/files/1/0678/4293/2795/files/S0f596627d20f49829424480d28c17e45S.jpg?v=1780220897,https://cdn.shopify.com/s/files/1/0678/4293/2795/files/S14c7a8c29ed94d63ae12ba92c5842786K.jpg?v=1780220896,https://cdn.shopify.com/s/files/1/0678/4293/2795/files/Se9a6761c64c84fb2ad695062a8cefb6fG.jpg?v=1780220896,https://cdn.shopify.com/s/files/1/0678/4293/2795/files/Sd5f0b5cab9f74baeba96b90e9abbba87L.jpg?v=1780220896,https://cdn.shopify.com/s/files/1/0678/4293/2795/files/S2047cd906c434e7bb9fd12789e1e2301N.jpg?v=1780220897,https://cdn.shopify.com/s/files/1/0678/4293/2795/files/Scff8edb590324d4f9ac9f05fd3c958b0O.jpg?v=1780220896,https://cdn.shopify.com/s/files/1/0678/4293/2795/files/Sb65fae7e8dd94151a5d51263c893e7f1n.jpg?v=1780220896,https://cdn.shopify.com/s/files/1/0678/4293/2795/files/Sb7c6ba031e26445687c0a57de053ec1aG.jpg?v=1780220896,https://cdn.shopify.com/s/files/1/0678/4293/2795/files/Saa4f9b8535394fe7aeedb84650b1f2e33.jpg?v=1780220897",16.95 USD,in stock,new,Splash Tackle,Fishing Rods,4927,Black,
shopify_US_7849971089467_44152512348219,7849971089467,"RiverGlide 9-Joint Swimbait, Lifelike Loach Action Hard Lure","Give predator fish something they can't resist — this 9-segment jointed swimbait mimics a wounded loach with a lifelike S-shaped swimming action that keeps working the moment it hits the water. 9-Segment Jointed Body , multi-jointed construction flexes at every joint for a fluid, true-to-life swimming motion that triggers reaction strikes. 3D-Printed HD Paint , high-definition scale printing and 3D fish eyes give this lure a realistic look predators can't ignore. Reinforced Treble Hooks , carbon-steel hooks deliver strong penetration and hold up against hard-fighting fish. 12cm / 19g Profile , a versatile size and weight that casts far and works well for bass, pike, and other freshwater predators. 6 Colors , choose from six natural and high-visibility patterns to match any water condition.",https://splashtackle.com/products/riverglide-9-joint-swimbait-lifelike-loach-action-hard-lure?variant=44152512348219,https://splashtackle.com/products/riverglide-9-joint-swimbait-lifelike-loach-action-hard-lure,https://cdn.shopify.com/s/files/1/0678/4293/2795/files/color1.jpg?v=1788923276,"https://cdn.shopify.com/s/files/1/0678/4293/2795/files/color2.jpg?v=1788923276,https://cdn.shopify.com/s/files/1/0678/4293/2795/files/color3.jpg?v=1788923276,https://cdn.shopify.com/s/files/1/0678/4293/2795/files/color4.jpg?v=1788923276,https://cdn.shopify.com/s/files/1/0678/4293/2795/files/color5.jpg?v=1788923276,https://cdn.shopify.com/s/files/1/0678/4293/2795/files/color6.jpg?v=1788923276,https://cdn.shopify.com/s/files/1/0678/4293/2795/files/gen2_clean.jpg?v=1788923276,https://cdn.shopify.com/s/files/1/0678/4293/2795/files/gen3_clean.jpg?v=1788923276,https://cdn.shopify.com/s/files/1/0678/4293/2795/files/gen4_final.jpg?v=1788923276",3.99 USD,in stock,new,Spalsh Tackle,Fishing Lures,3603,Black Back Red Fin,
shopify_US_7849971089467_44152512380987,7849971089467,"RiverGlide 9-Joint Swimbait, Lifelike Loach Action Hard Lure","Give predator fish something they can't resist — this 9-segment jointed swimbait mimics a wounded loach with a lifelike S-shaped swimming action that keeps working the moment it hits the water. 9-Segment Jointed Body , multi-jointed construction flexes at every joint for a fluid, true-to-life swimming motion that triggers reaction strikes. 3D-Printed HD Paint , high-definition scale printing and 3D fish eyes give this lure a realistic look predators can't ignore. Reinforced Treble Hooks , carbon-steel hooks deliver strong penetration and hold up against hard-fighting fish. 12cm / 19g Profile , a versatile size and weight that casts far and works well for bass, pike, and other freshwater predators. 6 Colors , choose from six natural and high-visibility patterns to match any water condition.",https://splashtackle.com/products/riverglide-9-joint-swimbait-lifelike-loach-action-hard-lure?variant=44152512380987,https://splashtackle.com/products/riverglide-9-joint-swimbait-lifelike-loach-action-hard-lure,https://cdn.shopify.com/s/files/1/0678/4293/2795/files/color2.jpg?v=1788923276,"https://cdn.shopify.com/s/files/1/0678/4293/2795/files/color1.jpg?v=1788923276,https://cdn.shopify.com/s/files/1/0678/4293/2795/files/color3.jpg?v=1788923276,https://cdn.shopify.com/s/files/1/0678/4293/2795/files/color4.jpg?v=1788923276,https://cdn.shopify.com/s/files/1/0678/4293/2795/files/color5.jpg?v=1788923276,https://cdn.shopify.com/s/files/1/0678/4293/2795/files/color6.jpg?v=1788923276,https://cdn.shopify.com/s/files/1/0678/4293/2795/files/gen2_clean.jpg?v=1788923276,https://cdn.shopify.com/s/files/1/0678/4293/2795/files/gen3_clean.jpg?v=1788923276,https://cdn.shopify.com/s/files/1/0678/4293/2795/files/gen4_final.jpg?v=1788923276",3.99 USD,in stock,new,Spalsh Tackle,Fishing Lures,3603,Black Back Red Spot,
shopify_US_7849971089467_44152512413755,7849971089467,"RiverGlide 9-Joint Swimbait, Lifelike Loach Action Hard Lure","Give predator fish something they can't resist — this 9-segment jointed swimbait mimics a wounded loach with a lifelike S-shaped swimming action that keeps working the moment it hits the water. 9-Segment Jointed Body , multi-jointed construction flexes at every joint for a fluid, true-to-life swimming motion that triggers reaction strikes. 3D-Printed HD Paint , high-definition scale printing and 3D fish eyes give this lure a realistic look predators can't ignore. Reinforced Treble Hooks , carbon-steel hooks deliver strong penetration and hold up against hard-fighting fish. 12cm / 19g Profile , a versatile size and weight that casts far and works well for bass, pike, and other freshwater predators. 6 Colors , choose from six natural and high-visibility patterns to match any water condition.",https://splashtackle.com/products/riverglide-9-joint-swimbait-lifelike-loach-action-hard-lure?variant=44152512413755,https://splashtackle.com/products/riverglide-9-joint-swimbait-lifelike-loach-action-hard-lure,https://cdn.shopify.com/s/files/1/0678/4293/2795/files/color3.jpg?v=1788923276,"https://cdn.shopify.com/s/files/1/0678/4293/2795/files/color1.jpg?v=1788923276,https://cdn.shopify.com/s/files/1/0678/4293/2795/files/color2.jpg?v=1788923276,https://cdn.shopify.com/s/files/1/0678/4293/2795/files/color4.jpg?v=1788923276,https://cdn.shopify.com/s/files/1/0678/4293/2795/files/color5.jpg?v=1788923276,https://cdn.shopify.com/s/files/1/0678/4293/2795/files/color6.jpg?v=1788923276,https://cdn.shopify.com/s/files/1/0678/4293/2795/files/gen2_clean.jpg?v=1788923276,https://cdn.shopify.com/s/files/1/0678/4293/2795/files/gen3_clean.jpg?v=1788923276,https://cdn.shopify.com/s/files/1/0678/4293/2795/files/gen4_final.jpg?v=1788923276",3.99 USD,in stock,new,Spalsh Tackle,Fishing Lures,3603,Loach Natural,
shopify_US_7849971089467_44152512446523,7849971089467,"RiverGlide 9-Joint Swimbait, Lifelike Loach Action Hard Lure","Give predator fish something they can't resist — this 9-segment jointed swimbait mimics a wounded loach with a lifelike S-shaped swimming action that keeps working the moment it hits the water. 9-Segment Jointed Body , multi-jointed construction flexes at every joint for a fluid, true-to-life swimming motion that triggers reaction strikes. 3D-Printed HD Paint , high-definition scale printing and 3D fish eyes give this lure a realistic look predators can't ignore. Reinforced Treble Hooks , carbon-steel hooks deliver strong penetration and hold up against hard-fighting fish. 12cm / 19g Profile , a versatile size and weight that casts far and works well for bass, pike, and other freshwater predators. 6 Colors , choose from six natural and high-visibility patterns to match any water condition.",https://splashtackle.com/products/riverglide-9-joint-swimbait-lifelike-loach-action-hard-lure?variant=44152512446523,https://splashtackle.com/products/riverglide-9-joint-swimbait-lifelike-loach-action-hard-lure,https://cdn.shopify.com/s/files/1/0678/4293/2795/files/color4.jpg?v=1788923276,"https://cdn.shopify.com/s/files/1/0678/4293/2795/files/color1.jpg?v=1788923276,https://cdn.shopify.com/s/files/1/0678/4293/2795/files/color2.jpg?v=1788923276,https://cdn.shopify.com/s/files/1/0678/4293/2795/files/color3.jpg?v=1788923276,https://cdn.shopify.com/s/files/1/0678/4293/2795/files/color5.jpg?v=1788923276,https://cdn.shopify.com/s/files/1/0678/4293/2795/files/color6.jpg?v=1788923276,https://cdn.shopify.com/s/files/1/0678/4293/2795/files/gen2_clean.jpg?v=1788923276,https://cdn.shopify.com/s/files/1/0678/4293/2795/files/gen3_clean.jpg?v=1788923276,https://cdn.shopify.com/s/files/1/0678/4293/2795/files/gen4_final.jpg?v=1788923276",3.99 USD,in stock,new,Spalsh Tackle,Fishing Lures,3603,Green Body Red Fin,
shopify_US_7849971089467_44152512479291,7849971089467,"RiverGlide 9-Joint Swimbait, Lifelike Loach Action Hard Lure","Give predator fish something they can't resist — this 9-segment jointed swimbait mimics a wounded loach with a lifelike S-shaped swimming action that keeps working the moment it hits the water. 9-Segment Jointed Body , multi-jointed construction flexes at every joint for a fluid, true-to-life swimming motion that triggers reaction strikes. 3D-Printed HD Paint , high-definition scale printing and 3D fish eyes give this lure a realistic look predators can't ignore. Reinforced Treble Hooks , carbon-steel hooks deliver strong penetration and hold up against hard-fighting fish. 12cm / 19g Profile , a versatile size and weight that casts far and works well for bass, pike, and other freshwater predators. 6 Colors , choose from six natural and high-visibility patterns to match any water condition.",https://splashtackle.com/products/riverglide-9-joint-swimbait-lifelike-loach-action-hard-lure?variant=44152512479291,https://splashtackle.com/products/riverglide-9-joint-swimbait-lifelike-loach-action-hard-lure,https://cdn.shopify.com/s/files/1/0678/4293/2795/files/color5.jpg?v=1788923276,"https://cdn.shopify.com/s/files/1/0678/4293/2795/files/color1.jpg?v=1788923276,https://cdn.shopify.com/s/files/1/0678/4293/2795/files/color2.jpg?v=1788923276,https://cdn.shopify.com/s/files/1/0678/4293/2795/files/color3.jpg?v=1788923276,https://cdn.shopify.com/s/files/1/0678/4293/2795/files/color4.jpg?v=1788923276,https://cdn.shopify.com/s/files/1/0678/4293/2795/files/color6.jpg?v=1788923276,https://cdn.shopify.com/s/files/1/0678/4293/2795/files/gen2_clean.jpg?v=1788923276,https://cdn.shopify.com/s/files/1/0678/4293/2795/files/gen3_clean.jpg?v=1788923276,https://cdn.shopify.com/s/files/1/0678/4293/2795/files/gen4_final.jpg?v=1788923276",3.99 USD,in stock,new,Spalsh Tackle,Fishing Lures,3603,Red Back White Belly,
shopify_US_7849971089467_44152512512059,7849971089467,"RiverGlide 9-Joint Swimbait, Lifelike Loach Action Hard Lure","Give predator fish something they can't resist — this 9-segment jointed swimbait mimics a wounded loach with a lifelike S-shaped swimming action that keeps working the moment it hits the water. 9-Segment Jointed Body , multi-jointed construction flexes at every joint for a fluid, true-to-life swimming motion that triggers reaction strikes. 3D-Printed HD Paint , high-definition scale printing and 3D fish eyes give this lure a realistic look predators can't ignore. Reinforced Treble Hooks , carbon-steel hooks deliver strong penetration and hold up against hard-fighting fish. 12cm / 19g Profile , a versatile size and weight that casts far and works well for bass, pike, and other freshwater predators. 6 Colors , choose from six natural and high-visibility patterns to match any water condition.",https://splashtackle.com/products/riverglide-9-joint-swimbait-lifelike-loach-action-hard-lure?variant=44152512512059,https://splashtackle.com/products/riverglide-9-joint-swimbait-lifelike-loach-action-hard-lure,https://cdn.shopify.com/s/files/1/0678/4293/2795/files/color6.jpg?v=1788923276,"https://cdn.shopify.com/s/files/1/0678/4293/2795/files/color1.jpg?v=1788923276,https://cdn.shopify.com/s/files/1/0678/4293/2795/files/color2.jpg?v=1788923276,https://cdn.shopify.com/s/files/1/0678/4293/2795/files/color3.jpg?v=1788923276,https://cdn.shopify.com/s/files/1/0678/4293/2795/files/color4.jpg?v=1788923276,https://cdn.shopify.com/s/files/1/0678/4293/2795/files/color5.jpg?v=1788923276,https://cdn.shopify.com/s/files/1/0678/4293/2795/files/gen2_clean.jpg?v=1788923276,https://cdn.shopify.com/s/files/1/0678/4293/2795/files/gen3_clean.jpg?v=1788923276,https://cdn.shopify.com/s/files/1/0678/4293/2795/files/gen4_final.jpg?v=1788923276",3.99 USD,in stock,new,Spalsh Tackle,Fishing Lures,3603,Yellow Head Black Spot,
shopify_US_7612775727163_43558028705851,7612775727163,Rotating Metal Vibration Bait Spinner Spoon Fishing Lures,"Ready to catch more fish with ease? Look no further than our Rotating Metal Vibration Bait Spinner Spoon Fishing Lures. With their rotating design and metal construction, they are sure to attract and hook even the most elusive fish. Upgrade your tackle box today! Boost your fishing game with our Rotating Metal Vibration Bait Spinner Spoon Fishing Lures. The rotating motion and metal construction create a realistic vibration, attracting even the most finicky fish. Give yourself an edge on the water and reel in the big catch.",https://splashtackle.com/products/rotating-metal-vibration-bait-spinner-spoon-fishing-lures?variant=43558028705851,https://splashtackle.com/products/rotating-metal-vibration-bait-spinner-spoon-fishing-lures,https://cdn.shopify.com/s/files/1/0678/4293/2795/files/H247c98f9f03940c593dd2b25c6230b6dt.webp?v=1780220894,"https://cdn.shopify.com/s/files/1/0678/4293/2795/files/H0ea526c528b4436daf741631cbf5f7deO.webp?v=1780220894,https://cdn.shopify.com/s/files/1/0678/4293/2795/files/H73e49489fcc04b8fb9b34430f9e7a5980.webp?v=1780220895,https://cdn.shopify.com/s/files/1/0678/4293/2795/files/Hcad312c4c3734ea8a9084ed3c5f2a9540.webp?v=1780220894,https://cdn.shopify.com/s/files/1/0678/4293/2795/files/H01b5448e99584450ac474c2049ef7adfN.webp?v=1780220894,https://cdn.shopify.com/s/files/1/0678/4293/2795/files/H63c6b091387a4fb49b6c9b6bce73b31dT.webp?v=1780220894,https://cdn.shopify.com/s/files/1/0678/4293/2795/files/Hd9072a524ef74557976ec5ac1df339e3C.webp?v=1780220894,https://cdn.shopify.com/s/files/1/0678/4293/2795/files/H5ad22c48da9c42dd81e8a1592dfb97b57.webp?v=1780220894,https://cdn.shopify.com/s/files/1/0678/4293/2795/files/Hcdd950383e5d47dbbe5c8944f7547d7e8.webp?v=1780220894",5.99 USD,in stock,new,Splash Tackle,Fishing Baits & Lures,3603,Pink,
shopify_US_7612775727163_43558028738619,7612775727163,Rotating Metal Vibration Bait Spinner Spoon Fishing Lures,"Ready to catch more fish with ease? Look no further than our Rotating Metal Vibration Bait Spinner Spoon Fishing Lures. With their rotating design and metal construction, they are sure to attract and hook even the most elusive fish. Upgrade your tackle box today! Boost your fishing game with our Rotating Metal Vibration Bait Spinner Spoon Fishing Lures. The rotating motion and metal construction create a realistic vibration, attracting even the most finicky fish. Give yourself an edge on the water and reel in the big catch.",https://splashtackle.com/products/rotating-metal-vibration-bait-spinner-spoon-fishing-lures?variant=43558028738619,https://splashtackle.com/products/rotating-metal-vibration-bait-spinner-spoon-fishing-lures,https://cdn.shopify.com/s/files/1/0678/4293/2795/files/H01b5448e99584450ac474c2049ef7adfN.webp?v=1780220894,"https://cdn.shopify.com/s/files/1/0678/4293/2795/files/H0ea526c528b4436daf741631cbf5f7deO.webp?v=1780220894,https://cdn.shopify.com/s/files/1/0678/4293/2795/files/H73e49489fcc04b8fb9b34430f9e7a5980.webp?v=1780220895,https://cdn.shopify.com/s/files/1/0678/4293/2795/files/Hcad312c4c3734ea8a9084ed3c5f2a9540.webp?v=1780220894,https://cdn.shopify.com/s/files/1/0678/4293/2795/files/H247c98f9f03940c593dd2b25c6230b6dt.webp?v=1780220894,https://cdn.shopify.com/s/files/1/0678/4293/2795/files/H63c6b091387a4fb49b6c9b6bce73b31dT.webp?v=1780220894,https://cdn.shopify.com/s/files/1/0678/4293/2795/files/Hd9072a524ef74557976ec5ac1df339e3C.webp?v=1780220894,https://cdn.shopify.com/s/files/1/0678/4293/2795/files/H5ad22c48da9c42dd81e8a1592dfb97b57.webp?v=1780220894,https://cdn.shopify.com/s/files/1/0678/4293/2795/files/Hcdd950383e5d47dbbe5c8944f7547d7e8.webp?v=1780220894",5.99 USD,in stock,new,Splash Tackle,Fishing Baits & Lures,3603,Gold,
shopify_US_7612775727163_43558028771387,7612775727163,Rotating Metal Vibration Bait Spinner Spoon Fishing Lures,"Ready to catch more fish with ease? Look no further than our Rotating Metal Vibration Bait Spinner Spoon Fishing Lures. With their rotating design and metal construction, they are sure to attract and hook even the most elusive fish. Upgrade your tackle box today! Boost your fishing game with our Rotating Metal Vibration Bait Spinner Spoon Fishing Lures. The rotating motion and metal construction create a realistic vibration, attracting even the most finicky fish. Give yourself an edge on the water and reel in the big catch.",https://splashtackle.com/products/rotating-metal-vibration-bait-spinner-spoon-fishing-lures?variant=43558028771387,https://splashtackle.com/products/rotating-metal-vibration-bait-spinner-spoon-fishing-lures,https://cdn.shopify.com/s/files/1/0678/4293/2795/files/H63c6b091387a4fb49b6c9b6bce73b31dT.webp?v=1780220894,"https://cdn.shopify.com/s/files/1/0678/4293/2795/files/H0ea526c528b4436daf741631cbf5f7deO.webp?v=1780220894,https://cdn.shopify.com/s/files/1/0678/4293/2795/files/H73e49489fcc04b8fb9b34430f9e7a5980.webp?v=1780220895,https://cdn.shopify.com/s/files/1/0678/4293/2795/files/Hcad312c4c3734ea8a9084ed3c5f2a9540.webp?v=1780220894,https://cdn.shopify.com/s/files/1/0678/4293/2795/files/H247c98f9f03940c593dd2b25c6230b6dt.webp?v=1780220894,https://cdn.shopify.com/s/files/1/0678/4293/2795/files/H01b5448e99584450ac474c2049ef7adfN.webp?v=1780220894,https://cdn.shopify.com/s/files/1/0678/4293/2795/files/Hd9072a524ef74557976ec5ac1df339e3C.webp?v=1780220894,https://cdn.shopify.com/s/files/1/0678/4293/2795/files/H5ad22c48da9c42dd81e8a1592dfb97b57.webp?v=1780220894,https://cdn.shopify.com/s/files/1/0678/4293/2795/files/Hcdd950383e5d47dbbe5c8944f7547d7e8.webp?v=1780220894",5.99 USD,in stock,new,Splash Tackle,Fishing Baits & Lures,3603,Green,
shopify_US_7612775727163_43558028804155,7612775727163,Rotating Metal Vibration Bait Spinner Spoon Fishing Lures,"Ready to catch more fish with ease? Look no further than our Rotating Metal Vibration Bait Spinner Spoon Fishing Lures. With their rotating design and metal construction, they are sure to attract and hook even the most elusive fish. Upgrade your tackle box today! Boost your fishing game with our Rotating Metal Vibration Bait Spinner Spoon Fishing Lures. The rotating motion and metal construction create a realistic vibration, attracting even the most finicky fish. Give yourself an edge on the water and reel in the big catch.",https://splashtackle.com/products/rotating-metal-vibration-bait-spinner-spoon-fishing-lures?variant=43558028804155,https://splashtackle.com/products/rotating-metal-vibration-bait-spinner-spoon-fishing-lures,https://cdn.shopify.com/s/files/1/0678/4293/2795/files/Hd9072a524ef74557976ec5ac1df339e3C.webp?v=1780220894,"https://cdn.shopify.com/s/files/1/0678/4293/2795/files/H0ea526c528b4436daf741631cbf5f7deO.webp?v=1780220894,https://cdn.shopify.com/s/files/1/0678/4293/2795/files/H73e49489fcc04b8fb9b34430f9e7a5980.webp?v=1780220895,https://cdn.shopify.com/s/files/1/0678/4293/2795/files/Hcad312c4c3734ea8a9084ed3c5f2a9540.webp?v=1780220894,https://cdn.shopify.com/s/files/1/0678/4293/2795/files/H247c98f9f03940c593dd2b25c6230b6dt.webp?v=1780220894,https://cdn.shopify.com/s/files/1/0678/4293/2795/files/H01b5448e99584450ac474c2049ef7adfN.webp?v=1780220894,https://cdn.shopify.com/s/files/1/0678/4293/2795/files/H63c6b091387a4fb49b6c9b6bce73b31dT.webp?v=1780220894,https://cdn.shopify.com/s/files/1/0678/4293/2795/files/H5ad22c48da9c42dd81e8a1592dfb97b57.webp?v=1780220894,https://cdn.shopify.com/s/files/1/0678/4293/2795/files/Hcdd950383e5d47dbbe5c8944f7547d7e8.webp?v=1780220894",5.99 USD,in stock,new,Splash Tackle,Fishing Baits & Lures,3603,Red white,
shopify_US_7612775727163_43558028836923,7612775727163,Rotating Metal Vibration Bait Spinner Spoon Fishing Lures,"Ready to catch more fish with ease? Look no further than our Rotating Metal Vibration Bait Spinner Spoon Fishing Lures. With their rotating design and metal construction, they are sure to attract and hook even the most elusive fish. Upgrade your tackle box today! Boost your fishing game with our Rotating Metal Vibration Bait Spinner Spoon Fishing Lures. The rotating motion and metal construction create a realistic vibration, attracting even the most finicky fish. Give yourself an edge on the water and reel in the big catch.",https://splashtackle.com/products/rotating-metal-vibration-bait-spinner-spoon-fishing-lures?variant=43558028836923,https://splashtackle.com/products/rotating-metal-vibration-bait-spinner-spoon-fishing-lures,https://cdn.shopify.com/s/files/1/0678/4293/2795/files/H5ad22c48da9c42dd81e8a1592dfb97b57.webp?v=1780220894,"https://cdn.shopify.com/s/files/1/0678/4293/2795/files/H0ea526c528b4436daf741631cbf5f7deO.webp?v=1780220894,https://cdn.shopify.com/s/files/1/0678/4293/2795/files/H73e49489fcc04b8fb9b34430f9e7a5980.webp?v=1780220895,https://cdn.shopify.com/s/files/1/0678/4293/2795/files/Hcad312c4c3734ea8a9084ed3c5f2a9540.webp?v=1780220894,https://cdn.shopify.com/s/files/1/0678/4293/2795/files/H247c98f9f03940c593dd2b25c6230b6dt.webp?v=1780220894,https://cdn.shopify.com/s/files/1/0678/4293/2795/files/H01b5448e99584450ac474c2049ef7adfN.webp?v=1780220894,https://cdn.shopify.com/s/files/1/0678/4293/2795/files/H63c6b091387a4fb49b6c9b6bce73b31dT.webp?v=1780220894,https://cdn.shopify.com/s/files/1/0678/4293/2795/files/Hd9072a524ef74557976ec5ac1df339e3C.webp?v=1780220894,https://cdn.shopify.com/s/files/1/0678/4293/2795/files/Hcdd950383e5d47dbbe5c8944f7547d7e8.webp?v=1780220894",5.99 USD,in stock,new,Splash Tackle,Fishing Baits & Lures,3603,Yellow,
shopify_US_7612775727163_43558028869691,7612775727163,Rotating Metal Vibration Bait Spinner Spoon Fishing Lures,"Ready to catch more fish with ease? Look no further than our Rotating Metal Vibration Bait Spinner Spoon Fishing Lures. With their rotating design and metal construction, they are sure to attract and hook even the most elusive fish. Upgrade your tackle box today! Boost your fishing game with our Rotating Metal Vibration Bait Spinner Spoon Fishing Lures. The rotating motion and metal construction create a realistic vibration, attracting even the most finicky fish. Give yourself an edge on the water and reel in the big catch.",https://splashtackle.com/products/rotating-metal-vibration-bait-spinner-spoon-fishing-lures?variant=43558028869691,https://splashtackle.com/products/rotating-metal-vibration-bait-spinner-spoon-fishing-lures,https://cdn.shopify.com/s/files/1/0678/4293/2795/files/Hcdd950383e5d47dbbe5c8944f7547d7e8.webp?v=1780220894,"https://cdn.shopify.com/s/files/1/0678/4293/2795/files/H0ea526c528b4436daf741631cbf5f7deO.webp?v=1780220894,https://cdn.shopify.com/s/files/1/0678/4293/2795/files/H73e49489fcc04b8fb9b34430f9e7a5980.webp?v=1780220895,https://cdn.shopify.com/s/files/1/0678/4293/2795/files/Hcad312c4c3734ea8a9084ed3c5f2a9540.webp?v=1780220894,https://cdn.shopify.com/s/files/1/0678/4293/2795/files/H247c98f9f03940c593dd2b25c6230b6dt.webp?v=1780220894,https://cdn.shopify.com/s/files/1/0678/4293/2795/files/H01b5448e99584450ac474c2049ef7adfN.webp?v=1780220894,https://cdn.shopify.com/s/files/1/0678/4293/2795/files/H63c6b091387a4fb49b6c9b6bce73b31dT.webp?v=1780220894,https://cdn.shopify.com/s/files/1/0678/4293/2795/files/Hd9072a524ef74557976ec5ac1df339e3C.webp?v=1780220894,https://cdn.shopify.com/s/files/1/0678/4293/2795/files/H5ad22c48da9c42dd81e8a1592dfb97b57.webp?v=1780220894",5.99 USD,in stock,new,Splash Tackle,Fishing Baits & Lures,3603,Lumious,
shopify_US_7612775727163_43558028902459,7612775727163,Rotating Metal Vibration Bait Spinner Spoon Fishing Lures,"Ready to catch more fish with ease? Look no further than our Rotating Metal Vibration Bait Spinner Spoon Fishing Lures. With their rotating design and metal construction, they are sure to attract and hook even the most elusive fish. Upgrade your tackle box today! Boost your fishing game with our Rotating Metal Vibration Bait Spinner Spoon Fishing Lures. The rotating motion and metal construction create a realistic vibration, attracting even the most finicky fish. Give yourself an edge on the water and reel in the big catch.",https://splashtackle.com/products/rotating-metal-vibration-bait-spinner-spoon-fishing-lures?variant=43558028902459,https://splashtackle.com/products/rotating-metal-vibration-bait-spinner-spoon-fishing-lures,https://cdn.shopify.com/s/files/1/0678/4293/2795/files/Hcad312c4c3734ea8a9084ed3c5f2a9540.webp?v=1780220894,"https://cdn.shopify.com/s/files/1/0678/4293/2795/files/H0ea526c528b4436daf741631cbf5f7deO.webp?v=1780220894,https://cdn.shopify.com/s/files/1/0678/4293/2795/files/H73e49489fcc04b8fb9b34430f9e7a5980.webp?v=1780220895,https://cdn.shopify.com/s/files/1/0678/4293/2795/files/H247c98f9f03940c593dd2b25c6230b6dt.webp?v=1780220894,https://cdn.shopify.com/s/files/1/0678/4293/2795/files/H01b5448e99584450ac474c2049ef7adfN.webp?v=1780220894,https://cdn.shopify.com/s/files/1/0678/4293/2795/files/H63c6b091387a4fb49b6c9b6bce73b31dT.webp?v=1780220894,https://cdn.shopify.com/s/files/1/0678/4293/2795/files/Hd9072a524ef74557976ec5ac1df339e3C.webp?v=1780220894,https://cdn.shopify.com/s/files/1/0678/4293/2795/files/H5ad22c48da9c42dd81e8a1592dfb97b57.webp?v=1780220894,https://cdn.shopify.com/s/files/1/0678/4293/2795/files/Hcdd950383e5d47dbbe5c8944f7547d7e8.webp?v=1780220894",14.95 USD,in stock,new,Splash Tackle,Fishing Baits & Lures,3603,Full Set,
shopify_US_7695802433595_43754039181371,7695802433595,Spinnerbait Fishing Lure with Micro Fly Soft Bait,"Elevate your fishing game with these premium Spinnerbait Fishing Lures featuring a high-action propeller blade and realistic micro fly soft bait tail. Designed for long-distance casting and maximum attraction, these versatile lures combine the flash of a classic metal spoon with the lifelike movement of an insect imitation. Key Features: Dual-Action Design : Brightly spinning propeller blades create strong vibrations and flash in the water, drawing in aggressive strikes from a distance. Iridescent Metallic Body : Available in stunning rainbow, gold, silver, and holographic finishes that shimmer and reflect light like real baitfish scales. Realistic Micro Fly Soft Bait : Lifelike insect-style soft plastic fly tail with detailed wings and body – highly effective for trout, bass, panfish, and other predatory fish. Sharp High-Carbon Hooks : Strong, razor-sharp hooks ensure solid hooksets and better landing rates. Long Cast Performance : Weighted design allows for excellent casting distance, perfect for covering large areas of water quickly. Micro &amp; Ultra-Light Friendly : Ideal for light tackle, ultralight setups, and finesse fishing techniques.",https://splashtackle.com/products/spinnerbait-fishing-lure-with-micro-fly-soft-bait?variant=43754039181371,https://splashtackle.com/products/spinnerbait-fishing-lure-with-micro-fly-soft-bait,https://cdn.shopify.com/s/files/1/0678/4293/2795/files/3_997f905d-8414-494c-ae57-3f687b170c33.png?v=1783389686,"https://cdn.shopify.com/s/files/1/0678/4293/2795/files/O1CN0174JPh11kzO0px6vIL__2215068224754-0-cib.jpg?v=1783388508,https://cdn.shopify.com/s/files/1/0678/4293/2795/files/O1CN01sVg19e2GJJJ3RXzhU__2216606588994-0-cib.jpg?v=1783388508,https://cdn.shopify.com/s/files/1/0678/4293/2795/files/O1CN01zkObCq2GJJJ5YQ06m__2216606588994-0-cib.jpg?v=1783388508,https://cdn.shopify.com/s/files/1/0678/4293/2795/files/O1CN01Zcwvqx2GJJJ4SwSnH__2216606588994-0-cib.jpg?v=1783388508,https://cdn.shopify.com/s/files/1/0678/4293/2795/files/1_aff7ebd8-6d70-4733-89a3-3b13c135a81a.png?v=1783389686,https://cdn.shopify.com/s/files/1/0678/4293/2795/files/2_1014d800-bb08-458b-9a76-e2e0ff7c9652.png?v=1783389686",9.99 USD,in stock,new,Spalsh Tackle,Fishing Baits & Lures,3603,,2.5g
shopify_US_7695802433595_43754039214139,7695802433595,Spinnerbait Fishing Lure with Micro Fly Soft Bait,"Elevate your fishing game with these premium Spinnerbait Fishing Lures featuring a high-action propeller blade and realistic micro fly soft bait tail. Designed for long-distance casting and maximum attraction, these versatile lures combine the flash of a classic metal spoon with the lifelike movement of an insect imitation. Key Features: Dual-Action Design : Brightly spinning propeller blades create strong vibrations and flash in the water, drawing in aggressive strikes from a distance. Iridescent Metallic Body : Available in stunning rainbow, gold, silver, and holographic finishes that shimmer and reflect light like real baitfish scales. Realistic Micro Fly Soft Bait : Lifelike insect-style soft plastic fly tail with detailed wings and body – highly effective for trout, bass, panfish, and other predatory fish. Sharp High-Carbon Hooks : Strong, razor-sharp hooks ensure solid hooksets and better landing rates. Long Cast Performance : Weighted design allows for excellent casting distance, perfect for covering large areas of water quickly. Micro &amp; Ultra-Light Friendly : Ideal for light tackle, ultralight setups, and finesse fishing techniques.",https://splashtackle.com/products/spinnerbait-fishing-lure-with-micro-fly-soft-bait?variant=43754039214139,https://splashtackle.com/products/spinnerbait-fishing-lure-with-micro-fly-soft-bait,https://cdn.shopify.com/s/files/1/0678/4293/2795/files/2_1014d800-bb08-458b-9a76-e2e0ff7c9652.png?v=1783389686,"https://cdn.shopify.com/s/files/1/0678/4293/2795/files/O1CN0174JPh11kzO0px6vIL__2215068224754-0-cib.jpg?v=1783388508,https://cdn.shopify.com/s/files/1/0678/4293/2795/files/O1CN01sVg19e2GJJJ3RXzhU__2216606588994-0-cib.jpg?v=1783388508,https://cdn.shopify.com/s/files/1/0678/4293/2795/files/O1CN01zkObCq2GJJJ5YQ06m__2216606588994-0-cib.jpg?v=1783388508,https://cdn.shopify.com/s/files/1/0678/4293/2795/files/O1CN01Zcwvqx2GJJJ4SwSnH__2216606588994-0-cib.jpg?v=1783388508,https://cdn.shopify.com/s/files/1/0678/4293/2795/files/3_997f905d-8414-494c-ae57-3f687b170c33.png?v=1783389686,https://cdn.shopify.com/s/files/1/0678/4293/2795/files/1_aff7ebd8-6d70-4733-89a3-3b13c135a81a.png?v=1783389686",9.99 USD,in stock,new,Spalsh Tackle,Fishing Baits & Lures,3603,,2.5g
shopify_US_7695802433595_43754039246907,7695802433595,Spinnerbait Fishing Lure with Micro Fly Soft Bait,"Elevate your fishing game with these premium Spinnerbait Fishing Lures featuring a high-action propeller blade and realistic micro fly soft bait tail. Designed for long-distance casting and maximum attraction, these versatile lures combine the flash of a classic metal spoon with the lifelike movement of an insect imitation. Key Features: Dual-Action Design : Brightly spinning propeller blades create strong vibrations and flash in the water, drawing in aggressive strikes from a distance. Iridescent Metallic Body : Available in stunning rainbow, gold, silver, and holographic finishes that shimmer and reflect light like real baitfish scales. Realistic Micro Fly Soft Bait : Lifelike insect-style soft plastic fly tail with detailed wings and body – highly effective for trout, bass, panfish, and other predatory fish. Sharp High-Carbon Hooks : Strong, razor-sharp hooks ensure solid hooksets and better landing rates. Long Cast Performance : Weighted design allows for excellent casting distance, perfect for covering large areas of water quickly. Micro &amp; Ultra-Light Friendly : Ideal for light tackle, ultralight setups, and finesse fishing techniques.",https://splashtackle.com/products/spinnerbait-fishing-lure-with-micro-fly-soft-bait?variant=43754039246907,https://splashtackle.com/products/spinnerbait-fishing-lure-with-micro-fly-soft-bait,https://cdn.shopify.com/s/files/1/0678/4293/2795/files/1_aff7ebd8-6d70-4733-89a3-3b13c135a81a.png?v=1783389686,"https://cdn.shopify.com/s/files/1/0678/4293/2795/files/O1CN0174JPh11kzO0px6vIL__2215068224754-0-cib.jpg?v=1783388508,https://cdn.shopify.com/s/files/1/0678/4293/2795/files/O1CN01sVg19e2GJJJ3RXzhU__2216606588994-0-cib.jpg?v=1783388508,https://cdn.shopify.com/s/files/1/0678/4293/2795/files/O1CN01zkObCq2GJJJ5YQ06m__2216606588994-0-cib.jpg?v=1783388508,https://cdn.shopify.com/s/files/1/0678/4293/2795/files/O1CN01Zcwvqx2GJJJ4SwSnH__2216606588994-0-cib.jpg?v=1783388508,https://cdn.shopify.com/s/files/1/0678/4293/2795/files/3_997f905d-8414-494c-ae57-3f687b170c33.png?v=1783389686,https://cdn.shopify.com/s/files/1/0678/4293/2795/files/2_1014d800-bb08-458b-9a76-e2e0ff7c9652.png?v=1783389686",9.99 USD,in stock,new,Spalsh Tackle,Fishing Baits & Lures,3603,,2.5g
shopify_US_7695802433595_43754962059323,7695802433595,Spinnerbait Fishing Lure with Micro Fly Soft Bait,"Elevate your fishing game with these premium Spinnerbait Fishing Lures featuring a high-action propeller blade and realistic micro fly soft bait tail. Designed for long-distance casting and maximum attraction, these versatile lures combine the flash of a classic metal spoon with the lifelike movement of an insect imitation. Key Features: Dual-Action Design : Brightly spinning propeller blades create strong vibrations and flash in the water, drawing in aggressive strikes from a distance. Iridescent Metallic Body : Available in stunning rainbow, gold, silver, and holographic finishes that shimmer and reflect light like real baitfish scales. Realistic Micro Fly Soft Bait : Lifelike insect-style soft plastic fly tail with detailed wings and body – highly effective for trout, bass, panfish, and other predatory fish. Sharp High-Carbon Hooks : Strong, razor-sharp hooks ensure solid hooksets and better landing rates. Long Cast Performance : Weighted design allows for excellent casting distance, perfect for covering large areas of water quickly. Micro &amp; Ultra-Light Friendly : Ideal for light tackle, ultralight setups, and finesse fishing techniques.",https://splashtackle.com/products/spinnerbait-fishing-lure-with-micro-fly-soft-bait?variant=43754962059323,https://splashtackle.com/products/spinnerbait-fishing-lure-with-micro-fly-soft-bait,https://cdn.shopify.com/s/files/1/0678/4293/2795/files/O1CN0174JPh11kzO0px6vIL__2215068224754-0-cib.jpg?v=1783388508,"https://cdn.shopify.com/s/files/1/0678/4293/2795/files/O1CN01sVg19e2GJJJ3RXzhU__2216606588994-0-cib.jpg?v=1783388508,https://cdn.shopify.com/s/files/1/0678/4293/2795/files/O1CN01zkObCq2GJJJ5YQ06m__2216606588994-0-cib.jpg?v=1783388508,https://cdn.shopify.com/s/files/1/0678/4293/2795/files/O1CN01Zcwvqx2GJJJ4SwSnH__2216606588994-0-cib.jpg?v=1783388508,https://cdn.shopify.com/s/files/1/0678/4293/2795/files/3_997f905d-8414-494c-ae57-3f687b170c33.png?v=1783389686,https://cdn.shopify.com/s/files/1/0678/4293/2795/files/1_aff7ebd8-6d70-4733-89a3-3b13c135a81a.png?v=1783389686,https://cdn.shopify.com/s/files/1/0678/4293/2795/files/2_1014d800-bb08-458b-9a76-e2e0ff7c9652.png?v=1783389686",9.99 USD,in stock,new,Spalsh Tackle,Fishing Baits & Lures,3603,,3.5g
shopify_US_7695802433595_43754962124859,7695802433595,Spinnerbait Fishing Lure with Micro Fly Soft Bait,"Elevate your fishing game with these premium Spinnerbait Fishing Lures featuring a high-action propeller blade and realistic micro fly soft bait tail. Designed for long-distance casting and maximum attraction, these versatile lures combine the flash of a classic metal spoon with the lifelike movement of an insect imitation. Key Features: Dual-Action Design : Brightly spinning propeller blades create strong vibrations and flash in the water, drawing in aggressive strikes from a distance. Iridescent Metallic Body : Available in stunning rainbow, gold, silver, and holographic finishes that shimmer and reflect light like real baitfish scales. Realistic Micro Fly Soft Bait : Lifelike insect-style soft plastic fly tail with detailed wings and body – highly effective for trout, bass, panfish, and other predatory fish. Sharp High-Carbon Hooks : Strong, razor-sharp hooks ensure solid hooksets and better landing rates. Long Cast Performance : Weighted design allows for excellent casting distance, perfect for covering large areas of water quickly. Micro &amp; Ultra-Light Friendly : Ideal for light tackle, ultralight setups, and finesse fishing techniques.",https://splashtackle.com/products/spinnerbait-fishing-lure-with-micro-fly-soft-bait?variant=43754962124859,https://splashtackle.com/products/spinnerbait-fishing-lure-with-micro-fly-soft-bait,https://cdn.shopify.com/s/files/1/0678/4293/2795/files/O1CN0174JPh11kzO0px6vIL__2215068224754-0-cib.jpg?v=1783388508,"https://cdn.shopify.com/s/files/1/0678/4293/2795/files/O1CN01sVg19e2GJJJ3RXzhU__2216606588994-0-cib.jpg?v=1783388508,https://cdn.shopify.com/s/files/1/0678/4293/2795/files/O1CN01zkObCq2GJJJ5YQ06m__2216606588994-0-cib.jpg?v=1783388508,https://cdn.shopify.com/s/files/1/0678/4293/2795/files/O1CN01Zcwvqx2GJJJ4SwSnH__2216606588994-0-cib.jpg?v=1783388508,https://cdn.shopify.com/s/files/1/0678/4293/2795/files/3_997f905d-8414-494c-ae57-3f687b170c33.png?v=1783389686,https://cdn.shopify.com/s/files/1/0678/4293/2795/files/1_aff7ebd8-6d70-4733-89a3-3b13c135a81a.png?v=1783389686,https://cdn.shopify.com/s/files/1/0678/4293/2795/files/2_1014d800-bb08-458b-9a76-e2e0ff7c9652.png?v=1783389686",9.99 USD,in stock,new,Spalsh Tackle,Fishing Baits & Lures,3603,,3.5g
shopify_US_7695802433595_43754962190395,7695802433595,Spinnerbait Fishing Lure with Micro Fly Soft Bait,"Elevate your fishing game with these premium Spinnerbait Fishing Lures featuring a high-action propeller blade and realistic micro fly soft bait tail. Designed for long-distance casting and maximum attraction, these versatile lures combine the flash of a classic metal spoon with the lifelike movement of an insect imitation. Key Features: Dual-Action Design : Brightly spinning propeller blades create strong vibrations and flash in the water, drawing in aggressive strikes from a distance. Iridescent Metallic Body : Available in stunning rainbow, gold, silver, and holographic finishes that shimmer and reflect light like real baitfish scales. Realistic Micro Fly Soft Bait : Lifelike insect-style soft plastic fly tail with detailed wings and body – highly effective for trout, bass, panfish, and other predatory fish. Sharp High-Carbon Hooks : Strong, razor-sharp hooks ensure solid hooksets and better landing rates. Long Cast Performance : Weighted design allows for excellent casting distance, perfect for covering large areas of water quickly. Micro &amp; Ultra-Light Friendly : Ideal for light tackle, ultralight setups, and finesse fishing techniques.",https://splashtackle.com/products/spinnerbait-fishing-lure-with-micro-fly-soft-bait?variant=43754962190395,https://splashtackle.com/products/spinnerbait-fishing-lure-with-micro-fly-soft-bait,https://cdn.shopify.com/s/files/1/0678/4293/2795/files/O1CN0174JPh11kzO0px6vIL__2215068224754-0-cib.jpg?v=1783388508,"https://cdn.shopify.com/s/files/1/0678/4293/2795/files/O1CN01sVg19e2GJJJ3RXzhU__2216606588994-0-cib.jpg?v=1783388508,https://cdn.shopify.com/s/files/1/0678/4293/2795/files/O1CN01zkObCq2GJJJ5YQ06m__2216606588994-0-cib.jpg?v=1783388508,https://cdn.shopify.com/s/files/1/0678/4293/2795/files/O1CN01Zcwvqx2GJJJ4SwSnH__2216606588994-0-cib.jpg?v=1783388508,https://cdn.shopify.com/s/files/1/0678/4293/2795/files/3_997f905d-8414-494c-ae57-3f687b170c33.png?v=1783389686,https://cdn.shopify.com/s/files/1/0678/4293/2795/files/1_aff7ebd8-6d70-4733-89a3-3b13c135a81a.png?v=1783389686,https://cdn.shopify.com/s/files/1/0678/4293/2795/files/2_1014d800-bb08-458b-9a76-e2e0ff7c9652.png?v=1783389686",9.99 USD,in stock,new,Spalsh Tackle,Fishing Baits & Lures,3603,,3.5g
shopify_US_7695802433595_43754962092091,7695802433595,Spinnerbait Fishing Lure with Micro Fly Soft Bait,"Elevate your fishing game with these premium Spinnerbait Fishing Lures featuring a high-action propeller blade and realistic micro fly soft bait tail. Designed for long-distance casting and maximum attraction, these versatile lures combine the flash of a classic metal spoon with the lifelike movement of an insect imitation. Key Features: Dual-Action Design : Brightly spinning propeller blades create strong vibrations and flash in the water, drawing in aggressive strikes from a distance. Iridescent Metallic Body : Available in stunning rainbow, gold, silver, and holographic finishes that shimmer and reflect light like real baitfish scales. Realistic Micro Fly Soft Bait : Lifelike insect-style soft plastic fly tail with detailed wings and body – highly effective for trout, bass, panfish, and other predatory fish. Sharp High-Carbon Hooks : Strong, razor-sharp hooks ensure solid hooksets and better landing rates. Long Cast Performance : Weighted design allows for excellent casting distance, perfect for covering large areas of water quickly. Micro &amp; Ultra-Light Friendly : Ideal for light tackle, ultralight setups, and finesse fishing techniques.",https://splashtackle.com/products/spinnerbait-fishing-lure-with-micro-fly-soft-bait?variant=43754962092091,https://splashtackle.com/products/spinnerbait-fishing-lure-with-micro-fly-soft-bait,https://cdn.shopify.com/s/files/1/0678/4293/2795/files/O1CN0174JPh11kzO0px6vIL__2215068224754-0-cib.jpg?v=1783388508,"https://cdn.shopify.com/s/files/1/0678/4293/2795/files/O1CN01sVg19e2GJJJ3RXzhU__2216606588994-0-cib.jpg?v=1783388508,https://cdn.shopify.com/s/files/1/0678/4293/2795/files/O1CN01zkObCq2GJJJ5YQ06m__2216606588994-0-cib.jpg?v=1783388508,https://cdn.shopify.com/s/files/1/0678/4293/2795/files/O1CN01Zcwvqx2GJJJ4SwSnH__2216606588994-0-cib.jpg?v=1783388508,https://cdn.shopify.com/s/files/1/0678/4293/2795/files/3_997f905d-8414-494c-ae57-3f687b170c33.png?v=1783389686,https://cdn.shopify.com/s/files/1/0678/4293/2795/files/1_aff7ebd8-6d70-4733-89a3-3b13c135a81a.png?v=1783389686,https://cdn.shopify.com/s/files/1/0678/4293/2795/files/2_1014d800-bb08-458b-9a76-e2e0ff7c9652.png?v=1783389686",9.99 USD,in stock,new,Spalsh Tackle,Fishing Baits & Lures,3603,,5g
shopify_US_7695802433595_43754962157627,7695802433595,Spinnerbait Fishing Lure with Micro Fly Soft Bait,"Elevate your fishing game with these premium Spinnerbait Fishing Lures featuring a high-action propeller blade and realistic micro fly soft bait tail. Designed for long-distance casting and maximum attraction, these versatile lures combine the flash of a classic metal spoon with the lifelike movement of an insect imitation. Key Features: Dual-Action Design : Brightly spinning propeller blades create strong vibrations and flash in the water, drawing in aggressive strikes from a distance. Iridescent Metallic Body : Available in stunning rainbow, gold, silver, and holographic finishes that shimmer and reflect light like real baitfish scales. Realistic Micro Fly Soft Bait : Lifelike insect-style soft plastic fly tail with detailed wings and body – highly effective for trout, bass, panfish, and other predatory fish. Sharp High-Carbon Hooks : Strong, razor-sharp hooks ensure solid hooksets and better landing rates. Long Cast Performance : Weighted design allows for excellent casting distance, perfect for covering large areas of water quickly. Micro &amp; Ultra-Light Friendly : Ideal for light tackle, ultralight setups, and finesse fishing techniques.",https://splashtackle.com/products/spinnerbait-fishing-lure-with-micro-fly-soft-bait?variant=43754962157627,https://splashtackle.com/products/spinnerbait-fishing-lure-with-micro-fly-soft-bait,https://cdn.shopify.com/s/files/1/0678/4293/2795/files/O1CN0174JPh11kzO0px6vIL__2215068224754-0-cib.jpg?v=1783388508,"https://cdn.shopify.com/s/files/1/0678/4293/2795/files/O1CN01sVg19e2GJJJ3RXzhU__2216606588994-0-cib.jpg?v=1783388508,https://cdn.shopify.com/s/files/1/0678/4293/2795/files/O1CN01zkObCq2GJJJ5YQ06m__2216606588994-0-cib.jpg?v=1783388508,https://cdn.shopify.com/s/files/1/0678/4293/2795/files/O1CN01Zcwvqx2GJJJ4SwSnH__2216606588994-0-cib.jpg?v=1783388508,https://cdn.shopify.com/s/files/1/0678/4293/2795/files/3_997f905d-8414-494c-ae57-3f687b170c33.png?v=1783389686,https://cdn.shopify.com/s/files/1/0678/4293/2795/files/1_aff7ebd8-6d70-4733-89a3-3b13c135a81a.png?v=1783389686,https://cdn.shopify.com/s/files/1/0678/4293/2795/files/2_1014d800-bb08-458b-9a76-e2e0ff7c9652.png?v=1783389686",9.99 USD,in stock,new,Spalsh Tackle,Fishing Baits & Lures,3603,,5g
shopify_US_7695802433595_43754962223163,7695802433595,Spinnerbait Fishing Lure with Micro Fly Soft Bait,"Elevate your fishing game with these premium Spinnerbait Fishing Lures featuring a high-action propeller blade and realistic micro fly soft bait tail. Designed for long-distance casting and maximum attraction, these versatile lures combine the flash of a classic metal spoon with the lifelike movement of an insect imitation. Key Features: Dual-Action Design : Brightly spinning propeller blades create strong vibrations and flash in the water, drawing in aggressive strikes from a distance. Iridescent Metallic Body : Available in stunning rainbow, gold, silver, and holographic finishes that shimmer and reflect light like real baitfish scales. Realistic Micro Fly Soft Bait : Lifelike insect-style soft plastic fly tail with detailed wings and body – highly effective for trout, bass, panfish, and other predatory fish. Sharp High-Carbon Hooks : Strong, razor-sharp hooks ensure solid hooksets and better landing rates. Long Cast Performance : Weighted design allows for excellent casting distance, perfect for covering large areas of water quickly. Micro &amp; Ultra-Light Friendly : Ideal for light tackle, ultralight setups, and finesse fishing techniques.",https://splashtackle.com/products/spinnerbait-fishing-lure-with-micro-fly-soft-bait?variant=43754962223163,https://splashtackle.com/products/spinnerbait-fishing-lure-with-micro-fly-soft-bait,https://cdn.shopify.com/s/files/1/0678/4293/2795/files/O1CN0174JPh11kzO0px6vIL__2215068224754-0-cib.jpg?v=1783388508,"https://cdn.shopify.com/s/files/1/0678/4293/2795/files/O1CN01sVg19e2GJJJ3RXzhU__2216606588994-0-cib.jpg?v=1783388508,https://cdn.shopify.com/s/files/1/0678/4293/2795/files/O1CN01zkObCq2GJJJ5YQ06m__2216606588994-0-cib.jpg?v=1783388508,https://cdn.shopify.com/s/files/1/0678/4293/2795/files/O1CN01Zcwvqx2GJJJ4SwSnH__2216606588994-0-cib.jpg?v=1783388508,https://cdn.shopify.com/s/files/1/0678/4293/2795/files/3_997f905d-8414-494c-ae57-3f687b170c33.png?v=1783389686,https://cdn.shopify.com/s/files/1/0678/4293/2795/files/1_aff7ebd8-6d70-4733-89a3-3b13c135a81a.png?v=1783389686,https://cdn.shopify.com/s/files/1/0678/4293/2795/files/2_1014d800-bb08-458b-9a76-e2e0ff7c9652.png?v=1783389686",9.99 USD,in stock,new,Spalsh Tackle,Fishing Baits & Lures,3603,,5g
shopify_US_7800984567867_44070928515131,7800984567867,Tidal Strike Pintail Minnow,"Built for open water where big predators feed hard and fast, this pintail minnow casts a country mile and swims true the moment it hits the water. A weighted internal core locks in casting distance and keeps the bait stable through wind and chop, while a subtle internal rattle calls fish in from a distance -- everything you need for trolling, boat casting, or working a jetty at first light. Long-Range Gravity Ball , an internal weighted core adds casting distance and keeps the lure running true and upright even in rough water Laser Holographic Finish , high-reflectivity laser paint throws flash and light in every direction to trigger strikes from a distance Lifelike Swimming Action , a natural baitfish wobble and roll mimics real prey to trigger predatory instinct on the retrieve Durable ABS Build , rugged, environmentally friendly ABS construction holds up to repeated strikes from toothy predators Dual Treble Hooks , sharp, secure trebles on strong split rings for confident hook-ups on hard-fighting fish Two Sizes , available in 40g/13cm and 60g/15cm to match the conditions and species you're targeting Saltwater &amp; Freshwater Ready , built for boat, pier, and surf casting after mackerel, tuna, bass, and other gamefish 8 Color Patterns , choose from 8 proven finishes to match the baitfish in your local water",https://splashtackle.com/products/tidal-strike-pintail-minnow?variant=44070928515131,https://splashtackle.com/products/tidal-strike-pintail-minnow,https://cdn.shopify.com/s/files/1/0678/4293/2795/files/img_5.jpg?v=1787991883,"https://cdn.shopify.com/s/files/1/0678/4293/2795/files/img_0.jpg?v=1787991873,https://cdn.shopify.com/s/files/1/0678/4293/2795/files/img_1.jpg?v=1787991876,https://cdn.shopify.com/s/files/1/0678/4293/2795/files/img_2.jpg?v=1787991878,https://cdn.shopify.com/s/files/1/0678/4293/2795/files/img_3.jpg?v=1787991880,https://cdn.shopify.com/s/files/1/0678/4293/2795/files/img_4.jpg?v=1787991881,https://cdn.shopify.com/s/files/1/0678/4293/2795/files/img_6.jpg?v=1787991885,https://cdn.shopify.com/s/files/1/0678/4293/2795/files/img_7.jpg?v=1787991887,https://cdn.shopify.com/s/files/1/0678/4293/2795/files/img_8.jpg?v=1787991888,https://cdn.shopify.com/s/files/1/0678/4293/2795/files/img_9.jpg?v=1787991890,https://cdn.shopify.com/s/files/1/0678/4293/2795/files/img_10.jpg?v=1787991892",3.99 USD,in stock,new,Spalsh Tackle,Fishing Lures,3603,Blue Mackerel,
shopify_US_7800984567867_44070928547899,7800984567867,Tidal Strike Pintail Minnow,"Built for open water where big predators feed hard and fast, this pintail minnow casts a country mile and swims true the moment it hits the water. A weighted internal core locks in casting distance and keeps the bait stable through wind and chop, while a subtle internal rattle calls fish in from a distance -- everything you need for trolling, boat casting, or working a jetty at first light. Long-Range Gravity Ball , an internal weighted core adds casting distance and keeps the lure running true and upright even in rough water Laser Holographic Finish , high-reflectivity laser paint throws flash and light in every direction to trigger strikes from a distance Lifelike Swimming Action , a natural baitfish wobble and roll mimics real prey to trigger predatory instinct on the retrieve Durable ABS Build , rugged, environmentally friendly ABS construction holds up to repeated strikes from toothy predators Dual Treble Hooks , sharp, secure trebles on strong split rings for confident hook-ups on hard-fighting fish Two Sizes , available in 40g/13cm and 60g/15cm to match the conditions and species you're targeting Saltwater &amp; Freshwater Ready , built for boat, pier, and surf casting after mackerel, tuna, bass, and other gamefish 8 Color Patterns , choose from 8 proven finishes to match the baitfish in your local water",https://splashtackle.com/products/tidal-strike-pintail-minnow?variant=44070928547899,https://splashtackle.com/products/tidal-strike-pintail-minnow,https://cdn.shopify.com/s/files/1/0678/4293/2795/files/img_5.jpg?v=1787991883,"https://cdn.shopify.com/s/files/1/0678/4293/2795/files/img_0.jpg?v=1787991873,https://cdn.shopify.com/s/files/1/0678/4293/2795/files/img_1.jpg?v=1787991876,https://cdn.shopify.com/s/files/1/0678/4293/2795/files/img_2.jpg?v=1787991878,https://cdn.shopify.com/s/files/1/0678/4293/2795/files/img_3.jpg?v=1787991880,https://cdn.shopify.com/s/files/1/0678/4293/2795/files/img_4.jpg?v=1787991881,https://cdn.shopify.com/s/files/1/0678/4293/2795/files/img_6.jpg?v=1787991885,https://cdn.shopify.com/s/files/1/0678/4293/2795/files/img_7.jpg?v=1787991887,https://cdn.shopify.com/s/files/1/0678/4293/2795/files/img_8.jpg?v=1787991888,https://cdn.shopify.com/s/files/1/0678/4293/2795/files/img_9.jpg?v=1787991890,https://cdn.shopify.com/s/files/1/0678/4293/2795/files/img_10.jpg?v=1787991892",3.99 USD,in stock,new,Spalsh Tackle,Fishing Lures,3603,Blue Mackerel,
shopify_US_7800984567867_44070928580667,7800984567867,Tidal Strike Pintail Minnow,"Built for open water where big predators feed hard and fast, this pintail minnow casts a country mile and swims true the moment it hits the water. A weighted internal core locks in casting distance and keeps the bait stable through wind and chop, while a subtle internal rattle calls fish in from a distance -- everything you need for trolling, boat casting, or working a jetty at first light. Long-Range Gravity Ball , an internal weighted core adds casting distance and keeps the lure running true and upright even in rough water Laser Holographic Finish , high-reflectivity laser paint throws flash and light in every direction to trigger strikes from a distance Lifelike Swimming Action , a natural baitfish wobble and roll mimics real prey to trigger predatory instinct on the retrieve Durable ABS Build , rugged, environmentally friendly ABS construction holds up to repeated strikes from toothy predators Dual Treble Hooks , sharp, secure trebles on strong split rings for confident hook-ups on hard-fighting fish Two Sizes , available in 40g/13cm and 60g/15cm to match the conditions and species you're targeting Saltwater &amp; Freshwater Ready , built for boat, pier, and surf casting after mackerel, tuna, bass, and other gamefish 8 Color Patterns , choose from 8 proven finishes to match the baitfish in your local water",https://splashtackle.com/products/tidal-strike-pintail-minnow?variant=44070928580667,https://splashtackle.com/products/tidal-strike-pintail-minnow,https://cdn.shopify.com/s/files/1/0678/4293/2795/files/img_6.jpg?v=1787991885,"https://cdn.shopify.com/s/files/1/0678/4293/2795/files/img_0.jpg?v=1787991873,https://cdn.shopify.com/s/files/1/0678/4293/2795/files/img_1.jpg?v=1787991876,https://cdn.shopify.com/s/files/1/0678/4293/2795/files/img_2.jpg?v=1787991878,https://cdn.shopify.com/s/files/1/0678/4293/2795/files/img_3.jpg?v=1787991880,https://cdn.shopify.com/s/files/1/0678/4293/2795/files/img_4.jpg?v=1787991881,https://cdn.shopify.com/s/files/1/0678/4293/2795/files/img_5.jpg?v=1787991883,https://cdn.shopify.com/s/files/1/0678/4293/2795/files/img_7.jpg?v=1787991887,https://cdn.shopify.com/s/files/1/0678/4293/2795/files/img_8.jpg?v=1787991888,https://cdn.shopify.com/s/files/1/0678/4293/2795/files/img_9.jpg?v=1787991890,https://cdn.shopify.com/s/files/1/0678/4293/2795/files/img_10.jpg?v=1787991892",3.99 USD,in stock,new,Spalsh Tackle,Fishing Lures,3603,Red Head Silver Streak,
shopify_US_7800984567867_44070928613435,7800984567867,Tidal Strike Pintail Minnow,"Built for open water where big predators feed hard and fast, this pintail minnow casts a country mile and swims true the moment it hits the water. A weighted internal core locks in casting distance and keeps the bait stable through wind and chop, while a subtle internal rattle calls fish in from a distance -- everything you need for trolling, boat casting, or working a jetty at first light. Long-Range Gravity Ball , an internal weighted core adds casting distance and keeps the lure running true and upright even in rough water Laser Holographic Finish , high-reflectivity laser paint throws flash and light in every direction to trigger strikes from a distance Lifelike Swimming Action , a natural baitfish wobble and roll mimics real prey to trigger predatory instinct on the retrieve Durable ABS Build , rugged, environmentally friendly ABS construction holds up to repeated strikes from toothy predators Dual Treble Hooks , sharp, secure trebles on strong split rings for confident hook-ups on hard-fighting fish Two Sizes , available in 40g/13cm and 60g/15cm to match the conditions and species you're targeting Saltwater &amp; Freshwater Ready , built for boat, pier, and surf casting after mackerel, tuna, bass, and other gamefish 8 Color Patterns , choose from 8 proven finishes to match the baitfish in your local water",https://splashtackle.com/products/tidal-strike-pintail-minnow?variant=44070928613435,https://splashtackle.com/products/tidal-strike-pintail-minnow,https://cdn.shopify.com/s/files/1/0678/4293/2795/files/img_6.jpg?v=1787991885,"https://cdn.shopify.com/s/files/1/0678/4293/2795/files/img_0.jpg?v=1787991873,https://cdn.shopify.com/s/files/1/0678/4293/2795/files/img_1.jpg?v=1787991876,https://cdn.shopify.com/s/files/1/0678/4293/2795/files/img_2.jpg?v=1787991878,https://cdn.shopify.com/s/files/1/0678/4293/2795/files/img_3.jpg?v=1787991880,https://cdn.shopify.com/s/files/1/0678/4293/2795/files/img_4.jpg?v=1787991881,https://cdn.shopify.com/s/files/1/0678/4293/2795/files/img_5.jpg?v=1787991883,https://cdn.shopify.com/s/files/1/0678/4293/2795/files/img_7.jpg?v=1787991887,https://cdn.shopify.com/s/files/1/0678/4293/2795/files/img_8.jpg?v=1787991888,https://cdn.shopify.com/s/files/1/0678/4293/2795/files/img_9.jpg?v=1787991890,https://cdn.shopify.com/s/files/1/0678/4293/2795/files/img_10.jpg?v=1787991892",3.99 USD,in stock,new,Spalsh Tackle,Fishing Lures,3603,Red Head Silver Streak,
shopify_US_7800984567867_44070928646203,7800984567867,Tidal Strike Pintail Minnow,"Built for open water where big predators feed hard and fast, this pintail minnow casts a country mile and swims true the moment it hits the water. A weighted internal core locks in casting distance and keeps the bait stable through wind and chop, while a subtle internal rattle calls fish in from a distance -- everything you need for trolling, boat casting, or working a jetty at first light. Long-Range Gravity Ball , an internal weighted core adds casting distance and keeps the lure running true and upright even in rough water Laser Holographic Finish , high-reflectivity laser paint throws flash and light in every direction to trigger strikes from a distance Lifelike Swimming Action , a natural baitfish wobble and roll mimics real prey to trigger predatory instinct on the retrieve Durable ABS Build , rugged, environmentally friendly ABS construction holds up to repeated strikes from toothy predators Dual Treble Hooks , sharp, secure trebles on strong split rings for confident hook-ups on hard-fighting fish Two Sizes , available in 40g/13cm and 60g/15cm to match the conditions and species you're targeting Saltwater &amp; Freshwater Ready , built for boat, pier, and surf casting after mackerel, tuna, bass, and other gamefish 8 Color Patterns , choose from 8 proven finishes to match the baitfish in your local water",https://splashtackle.com/products/tidal-strike-pintail-minnow?variant=44070928646203,https://splashtackle.com/products/tidal-strike-pintail-minnow,https://cdn.shopify.com/s/files/1/0678/4293/2795/files/img_7.jpg?v=1787991887,"https://cdn.shopify.com/s/files/1/0678/4293/2795/files/img_0.jpg?v=1787991873,https://cdn.shopify.com/s/files/1/0678/4293/2795/files/img_1.jpg?v=1787991876,https://cdn.shopify.com/s/files/1/0678/4293/2795/files/img_2.jpg?v=1787991878,https://cdn.shopify.com/s/files/1/0678/4293/2795/files/img_3.jpg?v=1787991880,https://cdn.shopify.com/s/files/1/0678/4293/2795/files/img_4.jpg?v=1787991881,https://cdn.shopify.com/s/files/1/0678/4293/2795/files/img_5.jpg?v=1787991883,https://cdn.shopify.com/s/files/1/0678/4293/2795/files/img_6.jpg?v=1787991885,https://cdn.shopify.com/s/files/1/0678/4293/2795/files/img_8.jpg?v=1787991888,https://cdn.shopify.com/s/files/1/0678/4293/2795/files/img_9.jpg?v=1787991890,https://cdn.shopify.com/s/files/1/0678/4293/2795/files/img_10.jpg?v=1787991892",3.99 USD,in stock,new,Spalsh Tackle,Fishing Lures,3603,Red Head Chrome,
shopify_US_7800984567867_44070928678971,7800984567867,Tidal Strike Pintail Minnow,"Built for open water where big predators feed hard and fast, this pintail minnow casts a country mile and swims true the moment it hits the water. A weighted internal core locks in casting distance and keeps the bait stable through wind and chop, while a subtle internal rattle calls fish in from a distance -- everything you need for trolling, boat casting, or working a jetty at first light. Long-Range Gravity Ball , an internal weighted core adds casting distance and keeps the lure running true and upright even in rough water Laser Holographic Finish , high-reflectivity laser paint throws flash and light in every direction to trigger strikes from a distance Lifelike Swimming Action , a natural baitfish wobble and roll mimics real prey to trigger predatory instinct on the retrieve Durable ABS Build , rugged, environmentally friendly ABS construction holds up to repeated strikes from toothy predators Dual Treble Hooks , sharp, secure trebles on strong split rings for confident hook-ups on hard-fighting fish Two Sizes , available in 40g/13cm and 60g/15cm to match the conditions and species you're targeting Saltwater &amp; Freshwater Ready , built for boat, pier, and surf casting after mackerel, tuna, bass, and other gamefish 8 Color Patterns , choose from 8 proven finishes to match the baitfish in your local water",https://splashtackle.com/products/tidal-strike-pintail-minnow?variant=44070928678971,https://splashtackle.com/products/tidal-strike-pintail-minnow,https://cdn.shopify.com/s/files/1/0678/4293/2795/files/img_7.jpg?v=1787991887,"https://cdn.shopify.com/s/files/1/0678/4293/2795/files/img_0.jpg?v=1787991873,https://cdn.shopify.com/s/files/1/0678/4293/2795/files/img_1.jpg?v=1787991876,https://cdn.shopify.com/s/files/1/0678/4293/2795/files/img_2.jpg?v=1787991878,https://cdn.shopify.com/s/files/1/0678/4293/2795/files/img_3.jpg?v=1787991880,https://cdn.shopify.com/s/files/1/0678/4293/2795/files/img_4.jpg?v=1787991881,https://cdn.shopify.com/s/files/1/0678/4293/2795/files/img_5.jpg?v=1787991883,https://cdn.shopify.com/s/files/1/0678/4293/2795/files/img_6.jpg?v=1787991885,https://cdn.shopify.com/s/files/1/0678/4293/2795/files/img_8.jpg?v=1787991888,https://cdn.shopify.com/s/files/1/0678/4293/2795/files/img_9.jpg?v=1787991890,https://cdn.shopify.com/s/files/1/0678/4293/2795/files/img_10.jpg?v=1787991892",3.99 USD,in stock,new,Spalsh Tackle,Fishing Lures,3603,Red Head Chrome,
shopify_US_7800984567867_44070928711739,7800984567867,Tidal Strike Pintail Minnow,"Built for open water where big predators feed hard and fast, this pintail minnow casts a country mile and swims true the moment it hits the water. A weighted internal core locks in casting distance and keeps the bait stable through wind and chop, while a subtle internal rattle calls fish in from a distance -- everything you need for trolling, boat casting, or working a jetty at first light. Long-Range Gravity Ball , an internal weighted core adds casting distance and keeps the lure running true and upright even in rough water Laser Holographic Finish , high-reflectivity laser paint throws flash and light in every direction to trigger strikes from a distance Lifelike Swimming Action , a natural baitfish wobble and roll mimics real prey to trigger predatory instinct on the retrieve Durable ABS Build , rugged, environmentally friendly ABS construction holds up to repeated strikes from toothy predators Dual Treble Hooks , sharp, secure trebles on strong split rings for confident hook-ups on hard-fighting fish Two Sizes , available in 40g/13cm and 60g/15cm to match the conditions and species you're targeting Saltwater &amp; Freshwater Ready , built for boat, pier, and surf casting after mackerel, tuna, bass, and other gamefish 8 Color Patterns , choose from 8 proven finishes to match the baitfish in your local water",https://splashtackle.com/products/tidal-strike-pintail-minnow?variant=44070928711739,https://splashtackle.com/products/tidal-strike-pintail-minnow,https://cdn.shopify.com/s/files/1/0678/4293/2795/files/img_8.jpg?v=1787991888,"https://cdn.shopify.com/s/files/1/0678/4293/2795/files/img_0.jpg?v=1787991873,https://cdn.shopify.com/s/files/1/0678/4293/2795/files/img_1.jpg?v=1787991876,https://cdn.shopify.com/s/files/1/0678/4293/2795/files/img_2.jpg?v=1787991878,https://cdn.shopify.com/s/files/1/0678/4293/2795/files/img_3.jpg?v=1787991880,https://cdn.shopify.com/s/files/1/0678/4293/2795/files/img_4.jpg?v=1787991881,https://cdn.shopify.com/s/files/1/0678/4293/2795/files/img_5.jpg?v=1787991883,https://cdn.shopify.com/s/files/1/0678/4293/2795/files/img_6.jpg?v=1787991885,https://cdn.shopify.com/s/files/1/0678/4293/2795/files/img_7.jpg?v=1787991887,https://cdn.shopify.com/s/files/1/0678/4293/2795/files/img_9.jpg?v=1787991890,https://cdn.shopify.com/s/files/1/0678/4293/2795/files/img_10.jpg?v=1787991892",3.99 USD,in stock,new,Spalsh Tackle,Fishing Lures,3603,Blue Chartreuse,
shopify_US_7800984567867_44070928744507,7800984567867,Tidal Strike Pintail Minnow,"Built for open water where big predators feed hard and fast, this pintail minnow casts a country mile and swims true the moment it hits the water. A weighted internal core locks in casting distance and keeps the bait stable through wind and chop, while a subtle internal rattle calls fish in from a distance -- everything you need for trolling, boat casting, or working a jetty at first light. Long-Range Gravity Ball , an internal weighted core adds casting distance and keeps the lure running true and upright even in rough water Laser Holographic Finish , high-reflectivity laser paint throws flash and light in every direction to trigger strikes from a distance Lifelike Swimming Action , a natural baitfish wobble and roll mimics real prey to trigger predatory instinct on the retrieve Durable ABS Build , rugged, environmentally friendly ABS construction holds up to repeated strikes from toothy predators Dual Treble Hooks , sharp, secure trebles on strong split rings for confident hook-ups on hard-fighting fish Two Sizes , available in 40g/13cm and 60g/15cm to match the conditions and species you're targeting Saltwater &amp; Freshwater Ready , built for boat, pier, and surf casting after mackerel, tuna, bass, and other gamefish 8 Color Patterns , choose from 8 proven finishes to match the baitfish in your local water",https://splashtackle.com/products/tidal-strike-pintail-minnow?variant=44070928744507,https://splashtackle.com/products/tidal-strike-pintail-minnow,https://cdn.shopify.com/s/files/1/0678/4293/2795/files/img_8.jpg?v=1787991888,"https://cdn.shopify.com/s/files/1/0678/4293/2795/files/img_0.jpg?v=1787991873,https://cdn.shopify.com/s/files/1/0678/4293/2795/files/img_1.jpg?v=1787991876,https://cdn.shopify.com/s/files/1/0678/4293/2795/files/img_2.jpg?v=1787991878,https://cdn.shopify.com/s/files/1/0678/4293/2795/files/img_3.jpg?v=1787991880,https://cdn.shopify.com/s/files/1/0678/4293/2795/files/img_4.jpg?v=1787991881,https://cdn.shopify.com/s/files/1/0678/4293/2795/files/img_5.jpg?v=1787991883,https://cdn.shopify.com/s/files/1/0678/4293/2795/files/img_6.jpg?v=1787991885,https://cdn.shopify.com/s/files/1/0678/4293/2795/files/img_7.jpg?v=1787991887,https://cdn.shopify.com/s/files/1/0678/4293/2795/files/img_9.jpg?v=1787991890,https://cdn.shopify.com/s/files/1/0678/4293/2795/files/img_10.jpg?v=1787991892",3.99 USD,in stock,new,Spalsh Tackle,Fishing Lures,3603,Blue Chartreuse,
shopify_US_7800984567867_44070928777275,7800984567867,Tidal Strike Pintail Minnow,"Built for open water where big predators feed hard and fast, this pintail minnow casts a country mile and swims true the moment it hits the water. A weighted internal core locks in casting distance and keeps the bait stable through wind and chop, while a subtle internal rattle calls fish in from a distance -- everything you need for trolling, boat casting, or working a jetty at first light. Long-Range Gravity Ball , an internal weighted core adds casting distance and keeps the lure running true and upright even in rough water Laser Holographic Finish , high-reflectivity laser paint throws flash and light in every direction to trigger strikes from a distance Lifelike Swimming Action , a natural baitfish wobble and roll mimics real prey to trigger predatory instinct on the retrieve Durable ABS Build , rugged, environmentally friendly ABS construction holds up to repeated strikes from toothy predators Dual Treble Hooks , sharp, secure trebles on strong split rings for confident hook-ups on hard-fighting fish Two Sizes , available in 40g/13cm and 60g/15cm to match the conditions and species you're targeting Saltwater &amp; Freshwater Ready , built for boat, pier, and surf casting after mackerel, tuna, bass, and other gamefish 8 Color Patterns , choose from 8 proven finishes to match the baitfish in your local water",https://splashtackle.com/products/tidal-strike-pintail-minnow?variant=44070928777275,https://splashtackle.com/products/tidal-strike-pintail-minnow,https://cdn.shopify.com/s/files/1/0678/4293/2795/files/img_9.jpg?v=1787991890,"https://cdn.shopify.com/s/files/1/0678/4293/2795/files/img_0.jpg?v=1787991873,https://cdn.shopify.com/s/files/1/0678/4293/2795/files/img_1.jpg?v=1787991876,https://cdn.shopify.com/s/files/1/0678/4293/2795/files/img_2.jpg?v=1787991878,https://cdn.shopify.com/s/files/1/0678/4293/2795/files/img_3.jpg?v=1787991880,https://cdn.shopify.com/s/files/1/0678/4293/2795/files/img_4.jpg?v=1787991881,https://cdn.shopify.com/s/files/1/0678/4293/2795/files/img_5.jpg?v=1787991883,https://cdn.shopify.com/s/files/1/0678/4293/2795/files/img_6.jpg?v=1787991885,https://cdn.shopify.com/s/files/1/0678/4293/2795/files/img_7.jpg?v=1787991887,https://cdn.shopify.com/s/files/1/0678/4293/2795/files/img_8.jpg?v=1787991888,https://cdn.shopify.com/s/files/1/0678/4293/2795/files/img_10.jpg?v=1787991892",3.99 USD,in stock,new,Spalsh Tackle,Fishing Lures,3603,Silver Ghost,
shopify_US_7800984567867_44070928810043,7800984567867,Tidal Strike Pintail Minnow,"Built for open water where big predators feed hard and fast, this pintail minnow casts a country mile and swims true the moment it hits the water. A weighted internal core locks in casting distance and keeps the bait stable through wind and chop, while a subtle internal rattle calls fish in from a distance -- everything you need for trolling, boat casting, or working a jetty at first light. Long-Range Gravity Ball , an internal weighted core adds casting distance and keeps the lure running true and upright even in rough water Laser Holographic Finish , high-reflectivity laser paint throws flash and light in every direction to trigger strikes from a distance Lifelike Swimming Action , a natural baitfish wobble and roll mimics real prey to trigger predatory instinct on the retrieve Durable ABS Build , rugged, environmentally friendly ABS construction holds up to repeated strikes from toothy predators Dual Treble Hooks , sharp, secure trebles on strong split rings for confident hook-ups on hard-fighting fish Two Sizes , available in 40g/13cm and 60g/15cm to match the conditions and species you're targeting Saltwater &amp; Freshwater Ready , built for boat, pier, and surf casting after mackerel, tuna, bass, and other gamefish 8 Color Patterns , choose from 8 proven finishes to match the baitfish in your local water",https://splashtackle.com/products/tidal-strike-pintail-minnow?variant=44070928810043,https://splashtackle.com/products/tidal-strike-pintail-minnow,https://cdn.shopify.com/s/files/1/0678/4293/2795/files/img_9.jpg?v=1787991890,"https://cdn.shopify.com/s/files/1/0678/4293/2795/files/img_0.jpg?v=1787991873,https://cdn.shopify.com/s/files/1/0678/4293/2795/files/img_1.jpg?v=1787991876,https://cdn.shopify.com/s/files/1/0678/4293/2795/files/img_2.jpg?v=1787991878,https://cdn.shopify.com/s/files/1/0678/4293/2795/files/img_3.jpg?v=1787991880,https://cdn.shopify.com/s/files/1/0678/4293/2795/files/img_4.jpg?v=1787991881,https://cdn.shopify.com/s/files/1/0678/4293/2795/files/img_5.jpg?v=1787991883,https://cdn.shopify.com/s/files/1/0678/4293/2795/files/img_6.jpg?v=1787991885,https://cdn.shopify.com/s/files/1/0678/4293/2795/files/img_7.jpg?v=1787991887,https://cdn.shopify.com/s/files/1/0678/4293/2795/files/img_8.jpg?v=1787991888,https://cdn.shopify.com/s/files/1/0678/4293/2795/files/img_10.jpg?v=1787991892",3.99 USD,in stock,new,Spalsh Tackle,Fishing Lures,3603,Silver Ghost,
shopify_US_7800984567867_44070928842811,7800984567867,Tidal Strike Pintail Minnow,"Built for open water where big predators feed hard and fast, this pintail minnow casts a country mile and swims true the moment it hits the water. A weighted internal core locks in casting distance and keeps the bait stable through wind and chop, while a subtle internal rattle calls fish in from a distance -- everything you need for trolling, boat casting, or working a jetty at first light. Long-Range Gravity Ball , an internal weighted core adds casting distance and keeps the lure running true and upright even in rough water Laser Holographic Finish , high-reflectivity laser paint throws flash and light in every direction to trigger strikes from a distance Lifelike Swimming Action , a natural baitfish wobble and roll mimics real prey to trigger predatory instinct on the retrieve Durable ABS Build , rugged, environmentally friendly ABS construction holds up to repeated strikes from toothy predators Dual Treble Hooks , sharp, secure trebles on strong split rings for confident hook-ups on hard-fighting fish Two Sizes , available in 40g/13cm and 60g/15cm to match the conditions and species you're targeting Saltwater &amp; Freshwater Ready , built for boat, pier, and surf casting after mackerel, tuna, bass, and other gamefish 8 Color Patterns , choose from 8 proven finishes to match the baitfish in your local water",https://splashtackle.com/products/tidal-strike-pintail-minnow?variant=44070928842811,https://splashtackle.com/products/tidal-strike-pintail-minnow,https://cdn.shopify.com/s/files/1/0678/4293/2795/files/img_10.jpg?v=1787991892,"https://cdn.shopify.com/s/files/1/0678/4293/2795/files/img_0.jpg?v=1787991873,https://cdn.shopify.com/s/files/1/0678/4293/2795/files/img_1.jpg?v=1787991876,https://cdn.shopify.com/s/files/1/0678/4293/2795/files/img_2.jpg?v=1787991878,https://cdn.shopify.com/s/files/1/0678/4293/2795/files/img_3.jpg?v=1787991880,https://cdn.shopify.com/s/files/1/0678/4293/2795/files/img_4.jpg?v=1787991881,https://cdn.shopify.com/s/files/1/0678/4293/2795/files/img_5.jpg?v=1787991883,https://cdn.shopify.com/s/files/1/0678/4293/2795/files/img_6.jpg?v=1787991885,https://cdn.shopify.com/s/files/1/0678/4293/2795/files/img_7.jpg?v=1787991887,https://cdn.shopify.com/s/files/1/0678/4293/2795/files/img_8.jpg?v=1787991888,https://cdn.shopify.com/s/files/1/0678/4293/2795/files/img_9.jpg?v=1787991890",3.99 USD,in stock,new,Spalsh Tackle,Fishing Lures,3603,Pink Head Silver,
shopify_US_7800984567867_44070928875579,7800984567867,Tidal Strike Pintail Minnow,"Built for open water where big predators feed hard and fast, this pintail minnow casts a country mile and swims true the moment it hits the water. A weighted internal core locks in casting distance and keeps the bait stable through wind and chop, while a subtle internal rattle calls fish in from a distance -- everything you need for trolling, boat casting, or working a jetty at first light. Long-Range Gravity Ball , an internal weighted core adds casting distance and keeps the lure running true and upright even in rough water Laser Holographic Finish , high-reflectivity laser paint throws flash and light in every direction to trigger strikes from a distance Lifelike Swimming Action , a natural baitfish wobble and roll mimics real prey to trigger predatory instinct on the retrieve Durable ABS Build , rugged, environmentally friendly ABS construction holds up to repeated strikes from toothy predators Dual Treble Hooks , sharp, secure trebles on strong split rings for confident hook-ups on hard-fighting fish Two Sizes , available in 40g/13cm and 60g/15cm to match the conditions and species you're targeting Saltwater &amp; Freshwater Ready , built for boat, pier, and surf casting after mackerel, tuna, bass, and other gamefish 8 Color Patterns , choose from 8 proven finishes to match the baitfish in your local water",https://splashtackle.com/products/tidal-strike-pintail-minnow?variant=44070928875579,https://splashtackle.com/products/tidal-strike-pintail-minnow,https://cdn.shopify.com/s/files/1/0678/4293/2795/files/img_10.jpg?v=1787991892,"https://cdn.shopify.com/s/files/1/0678/4293/2795/files/img_0.jpg?v=1787991873,https://cdn.shopify.com/s/files/1/0678/4293/2795/files/img_1.jpg?v=1787991876,https://cdn.shopify.com/s/files/1/0678/4293/2795/files/img_2.jpg?v=1787991878,https://cdn.shopify.com/s/files/1/0678/4293/2795/files/img_3.jpg?v=1787991880,https://cdn.shopify.com/s/files/1/0678/4293/2795/files/img_4.jpg?v=1787991881,https://cdn.shopify.com/s/files/1/0678/4293/2795/files/img_5.jpg?v=1787991883,https://cdn.shopify.com/s/files/1/0678/4293/2795/files/img_6.jpg?v=1787991885,https://cdn.shopify.com/s/files/1/0678/4293/2795/files/img_7.jpg?v=1787991887,https://cdn.shopify.com/s/files/1/0678/4293/2795/files/img_8.jpg?v=1787991888,https://cdn.shopify.com/s/files/1/0678/4293/2795/files/img_9.jpg?v=1787991890",3.99 USD,in stock,new,Spalsh Tackle,Fishing Lures,3603,Pink Head Silver,
shopify_US_7800984567867_44070928908347,7800984567867,Tidal Strike Pintail Minnow,"Built for open water where big predators feed hard and fast, this pintail minnow casts a country mile and swims true the moment it hits the water. A weighted internal core locks in casting distance and keeps the bait stable through wind and chop, while a subtle internal rattle calls fish in from a distance -- everything you need for trolling, boat casting, or working a jetty at first light. Long-Range Gravity Ball , an internal weighted core adds casting distance and keeps the lure running true and upright even in rough water Laser Holographic Finish , high-reflectivity laser paint throws flash and light in every direction to trigger strikes from a distance Lifelike Swimming Action , a natural baitfish wobble and roll mimics real prey to trigger predatory instinct on the retrieve Durable ABS Build , rugged, environmentally friendly ABS construction holds up to repeated strikes from toothy predators Dual Treble Hooks , sharp, secure trebles on strong split rings for confident hook-ups on hard-fighting fish Two Sizes , available in 40g/13cm and 60g/15cm to match the conditions and species you're targeting Saltwater &amp; Freshwater Ready , built for boat, pier, and surf casting after mackerel, tuna, bass, and other gamefish 8 Color Patterns , choose from 8 proven finishes to match the baitfish in your local water",https://splashtackle.com/products/tidal-strike-pintail-minnow?variant=44070928908347,https://splashtackle.com/products/tidal-strike-pintail-minnow,https://cdn.shopify.com/s/files/1/0678/4293/2795/files/img_11.jpg?v=1787991894,"https://cdn.shopify.com/s/files/1/0678/4293/2795/files/img_0.jpg?v=1787991873,https://cdn.shopify.com/s/files/1/0678/4293/2795/files/img_1.jpg?v=1787991876,https://cdn.shopify.com/s/files/1/0678/4293/2795/files/img_2.jpg?v=1787991878,https://cdn.shopify.com/s/files/1/0678/4293/2795/files/img_3.jpg?v=1787991880,https://cdn.shopify.com/s/files/1/0678/4293/2795/files/img_4.jpg?v=1787991881,https://cdn.shopify.com/s/files/1/0678/4293/2795/files/img_5.jpg?v=1787991883,https://cdn.shopify.com/s/files/1/0678/4293/2795/files/img_6.jpg?v=1787991885,https://cdn.shopify.com/s/files/1/0678/4293/2795/files/img_7.jpg?v=1787991887,https://cdn.shopify.com/s/files/1/0678/4293/2795/files/img_8.jpg?v=1787991888,https://cdn.shopify.com/s/files/1/0678/4293/2795/files/img_9.jpg?v=1787991890",3.99 USD,in stock,new,Spalsh Tackle,Fishing Lures,3603,Chartreuse Back,
shopify_US_7800984567867_44070928941115,7800984567867,Tidal Strike Pintail Minnow,"Built for open water where big predators feed hard and fast, this pintail minnow casts a country mile and swims true the moment it hits the water. A weighted internal core locks in casting distance and keeps the bait stable through wind and chop, while a subtle internal rattle calls fish in from a distance -- everything you need for trolling, boat casting, or working a jetty at first light. Long-Range Gravity Ball , an internal weighted core adds casting distance and keeps the lure running true and upright even in rough water Laser Holographic Finish , high-reflectivity laser paint throws flash and light in every direction to trigger strikes from a distance Lifelike Swimming Action , a natural baitfish wobble and roll mimics real prey to trigger predatory instinct on the retrieve Durable ABS Build , rugged, environmentally friendly ABS construction holds up to repeated strikes from toothy predators Dual Treble Hooks , sharp, secure trebles on strong split rings for confident hook-ups on hard-fighting fish Two Sizes , available in 40g/13cm and 60g/15cm to match the conditions and species you're targeting Saltwater &amp; Freshwater Ready , built for boat, pier, and surf casting after mackerel, tuna, bass, and other gamefish 8 Color Patterns , choose from 8 proven finishes to match the baitfish in your local water",https://splashtackle.com/products/tidal-strike-pintail-minnow?variant=44070928941115,https://splashtackle.com/products/tidal-strike-pintail-minnow,https://cdn.shopify.com/s/files/1/0678/4293/2795/files/img_11.jpg?v=1787991894,"https://cdn.shopify.com/s/files/1/0678/4293/2795/files/img_0.jpg?v=1787991873,https://cdn.shopify.com/s/files/1/0678/4293/2795/files/img_1.jpg?v=1787991876,https://cdn.shopify.com/s/files/1/0678/4293/2795/files/img_2.jpg?v=1787991878,https://cdn.shopify.com/s/files/1/0678/4293/2795/files/img_3.jpg?v=1787991880,https://cdn.shopify.com/s/files/1/0678/4293/2795/files/img_4.jpg?v=1787991881,https://cdn.shopify.com/s/files/1/0678/4293/2795/files/img_5.jpg?v=1787991883,https://cdn.shopify.com/s/files/1/0678/4293/2795/files/img_6.jpg?v=1787991885,https://cdn.shopify.com/s/files/1/0678/4293/2795/files/img_7.jpg?v=1787991887,https://cdn.shopify.com/s/files/1/0678/4293/2795/files/img_8.jpg?v=1787991888,https://cdn.shopify.com/s/files/1/0678/4293/2795/files/img_9.jpg?v=1787991890",3.99 USD,in stock,new,Spalsh Tackle,Fishing Lures,3603,Chartreuse Back,
shopify_US_7800984567867_44070928973883,7800984567867,Tidal Strike Pintail Minnow,"Built for open water where big predators feed hard and fast, this pintail minnow casts a country mile and swims true the moment it hits the water. A weighted internal core locks in casting distance and keeps the bait stable through wind and chop, while a subtle internal rattle calls fish in from a distance -- everything you need for trolling, boat casting, or working a jetty at first light. Long-Range Gravity Ball , an internal weighted core adds casting distance and keeps the lure running true and upright even in rough water Laser Holographic Finish , high-reflectivity laser paint throws flash and light in every direction to trigger strikes from a distance Lifelike Swimming Action , a natural baitfish wobble and roll mimics real prey to trigger predatory instinct on the retrieve Durable ABS Build , rugged, environmentally friendly ABS construction holds up to repeated strikes from toothy predators Dual Treble Hooks , sharp, secure trebles on strong split rings for confident hook-ups on hard-fighting fish Two Sizes , available in 40g/13cm and 60g/15cm to match the conditions and species you're targeting Saltwater &amp; Freshwater Ready , built for boat, pier, and surf casting after mackerel, tuna, bass, and other gamefish 8 Color Patterns , choose from 8 proven finishes to match the baitfish in your local water",https://splashtackle.com/products/tidal-strike-pintail-minnow?variant=44070928973883,https://splashtackle.com/products/tidal-strike-pintail-minnow,https://cdn.shopify.com/s/files/1/0678/4293/2795/files/img_12.jpg?v=1787991895,"https://cdn.shopify.com/s/files/1/0678/4293/2795/files/img_0.jpg?v=1787991873,https://cdn.shopify.com/s/files/1/0678/4293/2795/files/img_1.jpg?v=1787991876,https://cdn.shopify.com/s/files/1/0678/4293/2795/files/img_2.jpg?v=1787991878,https://cdn.shopify.com/s/files/1/0678/4293/2795/files/img_3.jpg?v=1787991880,https://cdn.shopify.com/s/files/1/0678/4293/2795/files/img_4.jpg?v=1787991881,https://cdn.shopify.com/s/files/1/0678/4293/2795/files/img_5.jpg?v=1787991883,https://cdn.shopify.com/s/files/1/0678/4293/2795/files/img_6.jpg?v=1787991885,https://cdn.shopify.com/s/files/1/0678/4293/2795/files/img_7.jpg?v=1787991887,https://cdn.shopify.com/s/files/1/0678/4293/2795/files/img_8.jpg?v=1787991888,https://cdn.shopify.com/s/files/1/0678/4293/2795/files/img_9.jpg?v=1787991890",3.99 USD,in stock,new,Spalsh Tackle,Fishing Lures,3603,Black Back Silver,
shopify_US_7800984567867_44070929006651,7800984567867,Tidal Strike Pintail Minnow,"Built for open water where big predators feed hard and fast, this pintail minnow casts a country mile and swims true the moment it hits the water. A weighted internal core locks in casting distance and keeps the bait stable through wind and chop, while a subtle internal rattle calls fish in from a distance -- everything you need for trolling, boat casting, or working a jetty at first light. Long-Range Gravity Ball , an internal weighted core adds casting distance and keeps the lure running true and upright even in rough water Laser Holographic Finish , high-reflectivity laser paint throws flash and light in every direction to trigger strikes from a distance Lifelike Swimming Action , a natural baitfish wobble and roll mimics real prey to trigger predatory instinct on the retrieve Durable ABS Build , rugged, environmentally friendly ABS construction holds up to repeated strikes from toothy predators Dual Treble Hooks , sharp, secure trebles on strong split rings for confident hook-ups on hard-fighting fish Two Sizes , available in 40g/13cm and 60g/15cm to match the conditions and species you're targeting Saltwater &amp; Freshwater Ready , built for boat, pier, and surf casting after mackerel, tuna, bass, and other gamefish 8 Color Patterns , choose from 8 proven finishes to match the baitfish in your local water",https://splashtackle.com/products/tidal-strike-pintail-minnow?variant=44070929006651,https://splashtackle.com/products/tidal-strike-pintail-minnow,https://cdn.shopify.com/s/files/1/0678/4293/2795/files/img_12.jpg?v=1787991895,"https://cdn.shopify.com/s/files/1/0678/4293/2795/files/img_0.jpg?v=1787991873,https://cdn.shopify.com/s/files/1/0678/4293/2795/files/img_1.jpg?v=1787991876,https://cdn.shopify.com/s/files/1/0678/4293/2795/files/img_2.jpg?v=1787991878,https://cdn.shopify.com/s/files/1/0678/4293/2795/files/img_3.jpg?v=1787991880,https://cdn.shopify.com/s/files/1/0678/4293/2795/files/img_4.jpg?v=1787991881,https://cdn.shopify.com/s/files/1/0678/4293/2795/files/img_5.jpg?v=1787991883,https://cdn.shopify.com/s/files/1/0678/4293/2795/files/img_6.jpg?v=1787991885,https://cdn.shopify.com/s/files/1/0678/4293/2795/files/img_7.jpg?v=1787991887,https://cdn.shopify.com/s/files/1/0678/4293/2795/files/img_8.jpg?v=1787991888,https://cdn.shopify.com/s/files/1/0678/4293/2795/files/img_9.jpg?v=1787991890",3.99 USD,in stock,new,Spalsh Tackle,Fishing Lures,3603,Black Back Silver,
shopify_US_7743111331899_43917324255291,7743111331899,Topwater Splash Lure Hard Fishing Bait,"Make every cast count with the Topwater Splash Lure Hard Fishing Bait . Designed to create irresistible surface splashes and a realistic walk-the-dog action, this lure attracts aggressive strikes from bass, snakehead, pike, perch, and other freshwater predators. Its lifelike finish, durable ABS body, and razor-sharp treble hooks deliver outstanding performance in a variety of fishing conditions. Features Realistic Topwater Action – Produces lifelike splashing and walking movements that trigger explosive surface strikes. Premium Hard Body – Durable ABS construction withstands repeated casts and aggressive fish attacks. High-Definition Finish – Natural 3D eyes and detailed scale patterns mimic real baitfish. Sharp Treble Hooks – Equipped with corrosion-resistant, high-carbon steel treble hooks for solid hooksets. Long Casting Design – Balanced weight system improves casting distance and accuracy. Versatile Performance – Effective in lakes, rivers, ponds, reservoirs, and other freshwater environments.",https://splashtackle.com/products/topwater-splash-lure-hard-fishing-bait?variant=43917324255291,https://splashtackle.com/products/topwater-splash-lure-hard-fishing-bait,https://cdn.shopify.com/s/files/1/0678/4293/2795/files/Fishinglure_1.jpg?v=1785983414,"https://cdn.shopify.com/s/files/1/0678/4293/2795/files/Fishinglure_3.jpg?v=1785983414,https://cdn.shopify.com/s/files/1/0678/4293/2795/files/Fishinglure_4.jpg?v=1785983414,https://cdn.shopify.com/s/files/1/0678/4293/2795/files/Fishinglure_2.jpg?v=1785983414,https://cdn.shopify.com/s/files/1/0678/4293/2795/files/Fishinglure_6.jpg?v=1785983414,https://cdn.shopify.com/s/files/1/0678/4293/2795/files/Fishinglure_8.jpg?v=1785983413,https://cdn.shopify.com/s/files/1/0678/4293/2795/files/Fishinglure_7.jpg?v=1785983414,https://cdn.shopify.com/s/files/1/0678/4293/2795/files/Fishinglure_5.jpg?v=1785983414",3.99 USD,in stock,new,Spalsh Tackle,Fishing Baits & Lures,3603,Rainbow,
shopify_US_7743111331899_43917324812347,7743111331899,Topwater Splash Lure Hard Fishing Bait,"Make every cast count with the Topwater Splash Lure Hard Fishing Bait . Designed to create irresistible surface splashes and a realistic walk-the-dog action, this lure attracts aggressive strikes from bass, snakehead, pike, perch, and other freshwater predators. Its lifelike finish, durable ABS body, and razor-sharp treble hooks deliver outstanding performance in a variety of fishing conditions. Features Realistic Topwater Action – Produces lifelike splashing and walking movements that trigger explosive surface strikes. Premium Hard Body – Durable ABS construction withstands repeated casts and aggressive fish attacks. High-Definition Finish – Natural 3D eyes and detailed scale patterns mimic real baitfish. Sharp Treble Hooks – Equipped with corrosion-resistant, high-carbon steel treble hooks for solid hooksets. Long Casting Design – Balanced weight system improves casting distance and accuracy. Versatile Performance – Effective in lakes, rivers, ponds, reservoirs, and other freshwater environments.",https://splashtackle.com/products/topwater-splash-lure-hard-fishing-bait?variant=43917324812347,https://splashtackle.com/products/topwater-splash-lure-hard-fishing-bait,https://cdn.shopify.com/s/files/1/0678/4293/2795/files/Fishinglure_1.jpg?v=1785983414,"https://cdn.shopify.com/s/files/1/0678/4293/2795/files/Fishinglure_3.jpg?v=1785983414,https://cdn.shopify.com/s/files/1/0678/4293/2795/files/Fishinglure_4.jpg?v=1785983414,https://cdn.shopify.com/s/files/1/0678/4293/2795/files/Fishinglure_2.jpg?v=1785983414,https://cdn.shopify.com/s/files/1/0678/4293/2795/files/Fishinglure_6.jpg?v=1785983414,https://cdn.shopify.com/s/files/1/0678/4293/2795/files/Fishinglure_8.jpg?v=1785983413,https://cdn.shopify.com/s/files/1/0678/4293/2795/files/Fishinglure_7.jpg?v=1785983414,https://cdn.shopify.com/s/files/1/0678/4293/2795/files/Fishinglure_5.jpg?v=1785983414",3.99 USD,in stock,new,Spalsh Tackle,Fishing Baits & Lures,3603,Rainbow,
shopify_US_7743111331899_43917324288059,7743111331899,Topwater Splash Lure Hard Fishing Bait,"Make every cast count with the Topwater Splash Lure Hard Fishing Bait . Designed to create irresistible surface splashes and a realistic walk-the-dog action, this lure attracts aggressive strikes from bass, snakehead, pike, perch, and other freshwater predators. Its lifelike finish, durable ABS body, and razor-sharp treble hooks deliver outstanding performance in a variety of fishing conditions. Features Realistic Topwater Action – Produces lifelike splashing and walking movements that trigger explosive surface strikes. Premium Hard Body – Durable ABS construction withstands repeated casts and aggressive fish attacks. High-Definition Finish – Natural 3D eyes and detailed scale patterns mimic real baitfish. Sharp Treble Hooks – Equipped with corrosion-resistant, high-carbon steel treble hooks for solid hooksets. Long Casting Design – Balanced weight system improves casting distance and accuracy. Versatile Performance – Effective in lakes, rivers, ponds, reservoirs, and other freshwater environments.",https://splashtackle.com/products/topwater-splash-lure-hard-fishing-bait?variant=43917324288059,https://splashtackle.com/products/topwater-splash-lure-hard-fishing-bait,https://cdn.shopify.com/s/files/1/0678/4293/2795/files/Fishinglure_3.jpg?v=1785983414,"https://cdn.shopify.com/s/files/1/0678/4293/2795/files/Fishinglure_1.jpg?v=1785983414,https://cdn.shopify.com/s/files/1/0678/4293/2795/files/Fishinglure_4.jpg?v=1785983414,https://cdn.shopify.com/s/files/1/0678/4293/2795/files/Fishinglure_2.jpg?v=1785983414,https://cdn.shopify.com/s/files/1/0678/4293/2795/files/Fishinglure_6.jpg?v=1785983414,https://cdn.shopify.com/s/files/1/0678/4293/2795/files/Fishinglure_8.jpg?v=1785983413,https://cdn.shopify.com/s/files/1/0678/4293/2795/files/Fishinglure_7.jpg?v=1785983414,https://cdn.shopify.com/s/files/1/0678/4293/2795/files/Fishinglure_5.jpg?v=1785983414",3.99 USD,in stock,new,Spalsh Tackle,Fishing Baits & Lures,3603,Silver,
shopify_US_7743111331899_43917324845115,7743111331899,Topwater Splash Lure Hard Fishing Bait,"Make every cast count with the Topwater Splash Lure Hard Fishing Bait . Designed to create irresistible surface splashes and a realistic walk-the-dog action, this lure attracts aggressive strikes from bass, snakehead, pike, perch, and other freshwater predators. Its lifelike finish, durable ABS body, and razor-sharp treble hooks deliver outstanding performance in a variety of fishing conditions. Features Realistic Topwater Action – Produces lifelike splashing and walking movements that trigger explosive surface strikes. Premium Hard Body – Durable ABS construction withstands repeated casts and aggressive fish attacks. High-Definition Finish – Natural 3D eyes and detailed scale patterns mimic real baitfish. Sharp Treble Hooks – Equipped with corrosion-resistant, high-carbon steel treble hooks for solid hooksets. Long Casting Design – Balanced weight system improves casting distance and accuracy. Versatile Performance – Effective in lakes, rivers, ponds, reservoirs, and other freshwater environments.",https://splashtackle.com/products/topwater-splash-lure-hard-fishing-bait?variant=43917324845115,https://splashtackle.com/products/topwater-splash-lure-hard-fishing-bait,https://cdn.shopify.com/s/files/1/0678/4293/2795/files/Fishinglure_3.jpg?v=1785983414,"https://cdn.shopify.com/s/files/1/0678/4293/2795/files/Fishinglure_1.jpg?v=1785983414,https://cdn.shopify.com/s/files/1/0678/4293/2795/files/Fishinglure_4.jpg?v=1785983414,https://cdn.shopify.com/s/files/1/0678/4293/2795/files/Fishinglure_2.jpg?v=1785983414,https://cdn.shopify.com/s/files/1/0678/4293/2795/files/Fishinglure_6.jpg?v=1785983414,https://cdn.shopify.com/s/files/1/0678/4293/2795/files/Fishinglure_8.jpg?v=1785983413,https://cdn.shopify.com/s/files/1/0678/4293/2795/files/Fishinglure_7.jpg?v=1785983414,https://cdn.shopify.com/s/files/1/0678/4293/2795/files/Fishinglure_5.jpg?v=1785983414",3.99 USD,in stock,new,Spalsh Tackle,Fishing Baits & Lures,3603,Silver,
shopify_US_7743111331899_43917324320827,7743111331899,Topwater Splash Lure Hard Fishing Bait,"Make every cast count with the Topwater Splash Lure Hard Fishing Bait . Designed to create irresistible surface splashes and a realistic walk-the-dog action, this lure attracts aggressive strikes from bass, snakehead, pike, perch, and other freshwater predators. Its lifelike finish, durable ABS body, and razor-sharp treble hooks deliver outstanding performance in a variety of fishing conditions. Features Realistic Topwater Action – Produces lifelike splashing and walking movements that trigger explosive surface strikes. Premium Hard Body – Durable ABS construction withstands repeated casts and aggressive fish attacks. High-Definition Finish – Natural 3D eyes and detailed scale patterns mimic real baitfish. Sharp Treble Hooks – Equipped with corrosion-resistant, high-carbon steel treble hooks for solid hooksets. Long Casting Design – Balanced weight system improves casting distance and accuracy. Versatile Performance – Effective in lakes, rivers, ponds, reservoirs, and other freshwater environments.",https://splashtackle.com/products/topwater-splash-lure-hard-fishing-bait?variant=43917324320827,https://splashtackle.com/products/topwater-splash-lure-hard-fishing-bait,https://cdn.shopify.com/s/files/1/0678/4293/2795/files/Fishinglure_4.jpg?v=1785983414,"https://cdn.shopify.com/s/files/1/0678/4293/2795/files/Fishinglure_1.jpg?v=1785983414,https://cdn.shopify.com/s/files/1/0678/4293/2795/files/Fishinglure_3.jpg?v=1785983414,https://cdn.shopify.com/s/files/1/0678/4293/2795/files/Fishinglure_2.jpg?v=1785983414,https://cdn.shopify.com/s/files/1/0678/4293/2795/files/Fishinglure_6.jpg?v=1785983414,https://cdn.shopify.com/s/files/1/0678/4293/2795/files/Fishinglure_8.jpg?v=1785983413,https://cdn.shopify.com/s/files/1/0678/4293/2795/files/Fishinglure_7.jpg?v=1785983414,https://cdn.shopify.com/s/files/1/0678/4293/2795/files/Fishinglure_5.jpg?v=1785983414",3.99 USD,in stock,new,Spalsh Tackle,Fishing Baits & Lures,3603,Red,
shopify_US_7743111331899_43917324877883,7743111331899,Topwater Splash Lure Hard Fishing Bait,"Make every cast count with the Topwater Splash Lure Hard Fishing Bait . Designed to create irresistible surface splashes and a realistic walk-the-dog action, this lure attracts aggressive strikes from bass, snakehead, pike, perch, and other freshwater predators. Its lifelike finish, durable ABS body, and razor-sharp treble hooks deliver outstanding performance in a variety of fishing conditions. Features Realistic Topwater Action – Produces lifelike splashing and walking movements that trigger explosive surface strikes. Premium Hard Body – Durable ABS construction withstands repeated casts and aggressive fish attacks. High-Definition Finish – Natural 3D eyes and detailed scale patterns mimic real baitfish. Sharp Treble Hooks – Equipped with corrosion-resistant, high-carbon steel treble hooks for solid hooksets. Long Casting Design – Balanced weight system improves casting distance and accuracy. Versatile Performance – Effective in lakes, rivers, ponds, reservoirs, and other freshwater environments.",https://splashtackle.com/products/topwater-splash-lure-hard-fishing-bait?variant=43917324877883,https://splashtackle.com/products/topwater-splash-lure-hard-fishing-bait,https://cdn.shopify.com/s/files/1/0678/4293/2795/files/Fishinglure_4.jpg?v=1785983414,"https://cdn.shopify.com/s/files/1/0678/4293/2795/files/Fishinglure_1.jpg?v=1785983414,https://cdn.shopify.com/s/files/1/0678/4293/2795/files/Fishinglure_3.jpg?v=1785983414,https://cdn.shopify.com/s/files/1/0678/4293/2795/files/Fishinglure_2.jpg?v=1785983414,https://cdn.shopify.com/s/files/1/0678/4293/2795/files/Fishinglure_6.jpg?v=1785983414,https://cdn.shopify.com/s/files/1/0678/4293/2795/files/Fishinglure_8.jpg?v=1785983413,https://cdn.shopify.com/s/files/1/0678/4293/2795/files/Fishinglure_7.jpg?v=1785983414,https://cdn.shopify.com/s/files/1/0678/4293/2795/files/Fishinglure_5.jpg?v=1785983414",3.99 USD,in stock,new,Spalsh Tackle,Fishing Baits & Lures,3603,Red,
shopify_US_7743111331899_43917324353595,7743111331899,Topwater Splash Lure Hard Fishing Bait,"Make every cast count with the Topwater Splash Lure Hard Fishing Bait . Designed to create irresistible surface splashes and a realistic walk-the-dog action, this lure attracts aggressive strikes from bass, snakehead, pike, perch, and other freshwater predators. Its lifelike finish, durable ABS body, and razor-sharp treble hooks deliver outstanding performance in a variety of fishing conditions. Features Realistic Topwater Action – Produces lifelike splashing and walking movements that trigger explosive surface strikes. Premium Hard Body – Durable ABS construction withstands repeated casts and aggressive fish attacks. High-Definition Finish – Natural 3D eyes and detailed scale patterns mimic real baitfish. Sharp Treble Hooks – Equipped with corrosion-resistant, high-carbon steel treble hooks for solid hooksets. Long Casting Design – Balanced weight system improves casting distance and accuracy. Versatile Performance – Effective in lakes, rivers, ponds, reservoirs, and other freshwater environments.",https://splashtackle.com/products/topwater-splash-lure-hard-fishing-bait?variant=43917324353595,https://splashtackle.com/products/topwater-splash-lure-hard-fishing-bait,https://cdn.shopify.com/s/files/1/0678/4293/2795/files/Fishinglure_2.jpg?v=1785983414,"https://cdn.shopify.com/s/files/1/0678/4293/2795/files/Fishinglure_1.jpg?v=1785983414,https://cdn.shopify.com/s/files/1/0678/4293/2795/files/Fishinglure_3.jpg?v=1785983414,https://cdn.shopify.com/s/files/1/0678/4293/2795/files/Fishinglure_4.jpg?v=1785983414,https://cdn.shopify.com/s/files/1/0678/4293/2795/files/Fishinglure_6.jpg?v=1785983414,https://cdn.shopify.com/s/files/1/0678/4293/2795/files/Fishinglure_8.jpg?v=1785983413,https://cdn.shopify.com/s/files/1/0678/4293/2795/files/Fishinglure_7.jpg?v=1785983414,https://cdn.shopify.com/s/files/1/0678/4293/2795/files/Fishinglure_5.jpg?v=1785983414",3.99 USD,in stock,new,Spalsh Tackle,Fishing Baits & Lures,3603,Green,
shopify_US_7743111331899_43917324910651,7743111331899,Topwater Splash Lure Hard Fishing Bait,"Make every cast count with the Topwater Splash Lure Hard Fishing Bait . Designed to create irresistible surface splashes and a realistic walk-the-dog action, this lure attracts aggressive strikes from bass, snakehead, pike, perch, and other freshwater predators. Its lifelike finish, durable ABS body, and razor-sharp treble hooks deliver outstanding performance in a variety of fishing conditions. Features Realistic Topwater Action – Produces lifelike splashing and walking movements that trigger explosive surface strikes. Premium Hard Body – Durable ABS construction withstands repeated casts and aggressive fish attacks. High-Definition Finish – Natural 3D eyes and detailed scale patterns mimic real baitfish. Sharp Treble Hooks – Equipped with corrosion-resistant, high-carbon steel treble hooks for solid hooksets. Long Casting Design – Balanced weight system improves casting distance and accuracy. Versatile Performance – Effective in lakes, rivers, ponds, reservoirs, and other freshwater environments.",https://splashtackle.com/products/topwater-splash-lure-hard-fishing-bait?variant=43917324910651,https://splashtackle.com/products/topwater-splash-lure-hard-fishing-bait,https://cdn.shopify.com/s/files/1/0678/4293/2795/files/Fishinglure_2.jpg?v=1785983414,"https://cdn.shopify.com/s/files/1/0678/4293/2795/files/Fishinglure_1.jpg?v=1785983414,https://cdn.shopify.com/s/files/1/0678/4293/2795/files/Fishinglure_3.jpg?v=1785983414,https://cdn.shopify.com/s/files/1/0678/4293/2795/files/Fishinglure_4.jpg?v=1785983414,https://cdn.shopify.com/s/files/1/0678/4293/2795/files/Fishinglure_6.jpg?v=1785983414,https://cdn.shopify.com/s/files/1/0678/4293/2795/files/Fishinglure_8.jpg?v=1785983413,https://cdn.shopify.com/s/files/1/0678/4293/2795/files/Fishinglure_7.jpg?v=1785983414,https://cdn.shopify.com/s/files/1/0678/4293/2795/files/Fishinglure_5.jpg?v=1785983414",3.99 USD,in stock,new,Spalsh Tackle,Fishing Baits & Lures,3603,Green,
